BOARD_NAME,DIST_NAME,THANA_NAME,EIIN,COLLEGE_NA,SHIFT,VERSION,GROUP
DHAKA,DHAKA MAHANAGARI,BADDA,107825,BADDA GIRLS' HIGH SCHOOL AND COLLEGE,Day,Bangla,Science
DHAKA,DHAKA MAHANAGARI,BADDA,107825,BADDA GIRLS' HIGH SCHOOL AND COLLEGE,Day,Bangla,Humanities
DHAKA,DHAKA MAHANAGARI,BADDA,107825,BADDA GIRLS' HIGH SCHOOL AND COLLEGE,Day,Bangla,Business Studies
DHAKA,DHAKA MAHANAGARI,BADDA,107974,DHAKA IMPERIAL COLLEGE,Morning,Bangla,Business Studies
DHAKA,DHAKA MAHANAGARI,BADDA,107974,DHAKA IMPERIAL COLLEGE,Morning,Bangla,Humanities
DHAKA,DHAKA MAHANAGARI,BADDA,107974,DHAKA IMPERIAL COLLEGE,Morning,Bangla,Science
DHAKA,DHAKA MAHANAGARI,BADDA,108021,SATARKUL SCHOOL & COLLEGE,Day,Bangla,Humanities
DHAKA,DHAKA MAHANAGARI,BADDA,108021,SATARKUL SCHOOL & COLLEGE,Day,Bangla,Business Studies
DHAKA,DHAKA MAHANAGARI,BADDA,108021,SATARKUL SCHOOL & COLLEGE,Day,Bangla,Science
DHAKA,DHAKA MAHANAGARI,BADDA,108022,ANANDA NAGAR ADARSHA SCHOOL AND COLLEGE,Day,Bangla,Business Studies
DHAKA,DHAKA MAHANAGARI,BADDA,108022,ANANDA NAGAR ADARSHA SCHOOL AND COLLEGE,Day,Bangla,Humanities
DHAKA,DHAKA MAHANAGARI,BADDA,108022,ANANDA NAGAR ADARSHA SCHOOL AND COLLEGE,Day,Bangla,Science
DHAKA,DHAKA MAHANAGARI,BADDA,131904,GULSHAN COMMERCE COLLEGE,Day,Bangla,Business Studies
DHAKA,DHAKA MAHANAGARI,BADDA,131945,NATIONAL COLLEGE,Morning,Bangla,Humanities
DHAKA,DHAKA MAHANAGARI,BADDA,131945,NATIONAL COLLEGE,Morning,Bangla,Science
DHAKA,DHAKA MAHANAGARI,BADDA,131945,NATIONAL COLLEGE,Morning,Bangla,Business Studies
DHAKA,DHAKA MAHANAGARI,BADDA,134219,QUEEN MARY COLLEGE,Day,Bangla,Business Studies
DHAKA,DHAKA MAHANAGARI,BADDA,134219,QUEEN MARY COLLEGE,Day,Bangla,Science
DHAKA,DHAKA MAHANAGARI,BADDA,134620,HARVARD INTERNATIONAL COLLEGE,Day,Bangla,Humanities
DHAKA,DHAKA MAHANAGARI,BADDA,134620,HARVARD INTERNATIONAL COLLEGE,Day,Bangla,Science
DHAKA,DHAKA MAHANAGARI,BADDA,134620,HARVARD INTERNATIONAL COLLEGE,Day,Bangla,Business Studies
DHAKA,DHAKA MAHANAGARI,BADDA,136285,UDAYAN IDEAL COLLEGE,Day,Bangla,Business Studies
DHAKA,DHAKA MAHANAGARI,BADDA,136285,UDAYAN IDEAL COLLEGE,Day,Bangla,Science
DHAKA,DHAKA MAHANAGARI,BADDA,136285,UDAYAN IDEAL COLLEGE,Day,Bangla,Humanities
DHAKA,DHAKA MAHANAGARI,BADDA,136858,MONPURA COLLEGE,Day,Bangla,Humanities
DHAKA,DHAKA MAHANAGARI,BADDA,136858,MONPURA COLLEGE,Day,Bangla,Science
DHAKA,DHAKA MAHANAGARI,BADDA,136858,MONPURA COLLEGE,Day,Bangla,Business Studies
DHAKA,DHAKA MAHANAGARI,BADDA,136913,ROTNOGORVA FARIDA ZAMAN SCHOOL & COLLEGE,Day,Bangla,Business Studies
DHAKA,DHAKA MAHANAGARI,BADDA,136913,ROTNOGORVA FARIDA ZAMAN SCHOOL & COLLEGE,Day,Bangla,Humanities
DHAKA,DHAKA MAHANAGARI,BADDA,136913,ROTNOGORVA FARIDA ZAMAN SCHOOL & COLLEGE,Day,Bangla,Science
DHAKA,DHAKA MAHANAGARI,DAKSHINKHAN,107979,DHAKA PRESIDENCY COLLEGE,Day,Bangla,Business Studies
DHAKA,DHAKA MAHANAGARI,DAKSHINKHAN,107979,DHAKA PRESIDENCY COLLEGE,Day,Bangla,Science
DHAKA,DHAKA MAHANAGARI,DAKSHINKHAN,107979,DHAKA PRESIDENCY COLLEGE,Day,Bangla,Humanities
DHAKA,DHAKA MAHANAGARI,DAKSHINKHAN,134195,MASCOT INNOVATIVE COLLEGE,Day,Bangla,Science
DHAKA,DHAKA MAHANAGARI,DAKSHINKHAN,134195,MASCOT INNOVATIVE COLLEGE,Day,Bangla,Humanities
DHAKA,DHAKA MAHANAGARI,DAKSHINKHAN,134195,MASCOT INNOVATIVE COLLEGE,Day,Bangla,Business Studies
DHAKA,DHAKA MAHANAGARI,DAKSHINKHAN,136579,JATIR JANAK BANGABANDHU SHEIKH MUJIBUR RAHMAN GOVT. COLLEGE,Day,Bangla,Science
DHAKA,DHAKA MAHANAGARI,DAKSHINKHAN,136579,JATIR JANAK BANGABANDHU SHEIKH MUJIBUR RAHMAN GOVT. COLLEGE,Day,Bangla,Business Studies
DHAKA,DHAKA MAHANAGARI,DAKSHINKHAN,136579,JATIR JANAK BANGABANDHU SHEIKH MUJIBUR RAHMAN GOVT. COLLEGE,Day,Bangla,Humanities
DHAKA,DHAKA MAHANAGARI,DAKSHINKHAN,136844,MILESTONE COLLEGE DAKSHINKHAN,Day,Bangla,Humanities
DHAKA,DHAKA MAHANAGARI,DAKSHINKHAN,136844,MILESTONE COLLEGE DAKSHINKHAN,Day,Bangla,Science
DHAKA,DHAKA MAHANAGARI,DAKSHINKHAN,136844,MILESTONE COLLEGE DAKSHINKHAN,Day,Bangla,Business Studies
DHAKA,DHAKA MAHANAGARI,DAKSHINKHAN,137368,K C MODEL COLLEGE,Day,Bangla,Science
DHAKA,DHAKA MAHANAGARI,DAKSHINKHAN,137368,K C MODEL COLLEGE,Day,Bangla,Humanities
DHAKA,DHAKA MAHANAGARI,DAKSHINKHAN,137368,K C MODEL COLLEGE,Day,English,Business Studies
DHAKA,DHAKA MAHANAGARI,DAKSHINKHAN,137368,K C MODEL COLLEGE,Day,English,Science
DHAKA,DHAKA MAHANAGARI,DAKSHINKHAN,137368,K C MODEL COLLEGE,Day,English,Humanities
DHAKA,DHAKA MAHANAGARI,DAKSHINKHAN,137368,K C MODEL COLLEGE,Day,Bangla,Business Studies
DHAKA,DHAKA MAHANAGARI,DEMRA,107867,BAWANY SCHOOL & COLLEGE,Morning,Bangla,Business Studies
DHAKA,DHAKA MAHANAGARI,DEMRA,107867,BAWANY SCHOOL & COLLEGE,Morning,Bangla,Science
DHAKA,DHAKA MAHANAGARI,DEMRA,107867,BAWANY SCHOOL & COLLEGE,Morning,Bangla,Humanities
DHAKA,DHAKA MAHANAGARI,DEMRA,107884,ALHAJ ABDUR RAZZAK ISLAMIA SCHOOL AND COLLEGE,Day,Bangla,Business Studies
DHAKA,DHAKA MAHANAGARI,DEMRA,107884,ALHAJ ABDUR RAZZAK ISLAMIA SCHOOL AND COLLEGE,Day,Bangla,Humanities
DHAKA,DHAKA MAHANAGARI,DEMRA,107884,ALHAJ ABDUR RAZZAK ISLAMIA SCHOOL AND COLLEGE,Day,Bangla,Science
DHAKA,DHAKA MAHANAGARI,DEMRA,107908,DEMRA COLLEGE,Day,Bangla,Humanities
DHAKA,DHAKA MAHANAGARI,DEMRA,107908,DEMRA COLLEGE,Day,Bangla,Science
DHAKA,DHAKA MAHANAGARI,DEMRA,107908,DEMRA COLLEGE,Day,Bangla,Business Studies
DHAKA,DHAKA MAHANAGARI,DEMRA,107910,RIZAUL KARIM CHOWDHURY COLLEGE,Day,Bangla,Humanities
DHAKA,DHAKA MAHANAGARI,DEMRA,107910,RIZAUL KARIM CHOWDHURY COLLEGE,Day,Bangla,Business Studies
DHAKA,DHAKA MAHANAGARI,DEMRA,107910,RIZAUL KARIM CHOWDHURY COLLEGE,Day,Bangla,Science
DHAKA,DHAKA MAHANAGARI,DEMRA,107911,MATUAIL HAJI ABDUL LATIF BHUIYAN COLLEGE,Morning,Bangla,Business Studies
DHAKA,DHAKA MAHANAGARI,DEMRA,107911,MATUAIL HAJI ABDUL LATIF BHUIYAN COLLEGE,Morning,Bangla,Humanities
DHAKA,DHAKA MAHANAGARI,DEMRA,107911,MATUAIL HAJI ABDUL LATIF BHUIYAN COLLEGE,Morning,Bangla,Science
DHAKA,DHAKA MAHANAGARI,DEMRA,107912,ROKEYA AHSAN COLLEGE,Day,Bangla,Business Studies
DHAKA,DHAKA MAHANAGARI,DEMRA,107912,ROKEYA AHSAN COLLEGE,Day,Bangla,Science
DHAKA,DHAKA MAHANAGARI,DEMRA,107912,ROKEYA AHSAN COLLEGE,Day,Bangla,Humanities
DHAKA,DHAKA MAHANAGARI,DEMRA,107913,RONGMALA AKBAR MOHILA COLLEGE,Day,Bangla,Business Studies
DHAKA,DHAKA MAHANAGARI,DEMRA,107913,RONGMALA AKBAR MOHILA COLLEGE,Day,Bangla,Science
DHAKA,DHAKA MAHANAGARI,DEMRA,107913,RONGMALA AKBAR MOHILA COLLEGE,Day,Bangla,Humanities
DHAKA,DHAKA MAHANAGARI,DEMRA,107915,SHAMSUL HOQUE KHAN SCHOOL & COLLEGE,Day,Bangla,Humanities
DHAKA,DHAKA MAHANAGARI,DEMRA,107915,SHAMSUL HOQUE KHAN SCHOOL & COLLEGE,Day,Bangla,Science
DHAKA,DHAKA MAHANAGARI,DEMRA,107915,SHAMSUL HOQUE KHAN SCHOOL & COLLEGE,Day,Bangla,Business Studies
DHAKA,DHAKA MAHANAGARI,DEMRA,107916,"SHAHID ZIA GIRLS' SCHOOL AND COLLEGE, JATRABARI",Day,Bangla,Business Studies
DHAKA,DHAKA MAHANAGARI,DEMRA,107916,"SHAHID ZIA GIRLS' SCHOOL AND COLLEGE, JATRABARI",Day,Bangla,Science
DHAKA,DHAKA MAHANAGARI,DEMRA,107916,"SHAHID ZIA GIRLS' SCHOOL AND COLLEGE, JATRABARI",Day,Bangla,Humanities
DHAKA,DHAKA MAHANAGARI,DEMRA,108481,"A. K. HIGH SCHOOL AND COLLEGE, DANIA",Day,Bangla,Science
DHAKA,DHAKA MAHANAGARI,DEMRA,108481,"A. K. HIGH SCHOOL AND COLLEGE, DANIA",Day,Bangla,Business Studies
DHAKA,DHAKA MAHANAGARI,DEMRA,108481,"A. K. HIGH SCHOOL AND COLLEGE, DANIA",Day,Bangla,Humanities
DHAKA,DHAKA MAHANAGARI,DEMRA,131457,IDEAL LABORATORY COLLEGE,Day,Bangla,Business Studies
DHAKA,DHAKA MAHANAGARI,DEMRA,131457,IDEAL LABORATORY COLLEGE,Day,Bangla,Humanities
DHAKA,DHAKA MAHANAGARI,DEMRA,131457,IDEAL LABORATORY COLLEGE,Day,Bangla,Science
DHAKA,DHAKA MAHANAGARI,DEMRA,131759,VERSATILE MODEL COLLEGE,Day,Bangla,Humanities
DHAKA,DHAKA MAHANAGARI,DEMRA,131759,VERSATILE MODEL COLLEGE,Day,Bangla,Business Studies
DHAKA,DHAKA MAHANAGARI,DEMRA,133965,DR. MAHBUBUR RAHMAN MOLLAH COLLEGE,Day,English,Science
DHAKA,DHAKA MAHANAGARI,DEMRA,133965,DR. MAHBUBUR RAHMAN MOLLAH COLLEGE,Day,Bangla,Business Studies
DHAKA,DHAKA MAHANAGARI,DEMRA,133965,DR. MAHBUBUR RAHMAN MOLLAH COLLEGE,Day,Bangla,Humanities
DHAKA,DHAKA MAHANAGARI,DEMRA,133965,DR. MAHBUBUR RAHMAN MOLLAH COLLEGE,Day,Bangla,Science
DHAKA,DHAKA MAHANAGARI,DEMRA,133965,DR. MAHBUBUR RAHMAN MOLLAH COLLEGE,Morning,Bangla,Business Studies
DHAKA,DHAKA MAHANAGARI,DEMRA,133965,DR. MAHBUBUR RAHMAN MOLLAH COLLEGE,Morning,Bangla,Science
DHAKA,DHAKA MAHANAGARI,DEMRA,133965,DR. MAHBUBUR RAHMAN MOLLAH COLLEGE,Morning,Bangla,Humanities
DHAKA,DHAKA MAHANAGARI,DEMRA,134213,SHARULIA IDEAL GIRLS COLLEGE,Day,Bangla,Humanities
DHAKA,DHAKA MAHANAGARI,DEMRA,134213,SHARULIA IDEAL GIRLS COLLEGE,Day,Bangla,Business Studies
DHAKA,DHAKA MAHANAGARI,DEMRA,134683,GOLAM MOSTAFA MODEL COLLEGE,Day,Bangla,Humanities
DHAKA,DHAKA MAHANAGARI,DEMRA,134683,GOLAM MOSTAFA MODEL COLLEGE,Day,Bangla,Business Studies
DHAKA,DHAKA MAHANAGARI,DEMRA,134683,GOLAM MOSTAFA MODEL COLLEGE,Day,Bangla,Science
DHAKA,DHAKA MAHANAGARI,DEMRA,135190,E.HAQUE COLLEGE,Day,Bangla,Business Studies
DHAKA,DHAKA MAHANAGARI,DEMRA,135190,E.HAQUE COLLEGE,Day,Bangla,Science
DHAKA,DHAKA MAHANAGARI,DEMRA,135190,E.HAQUE COLLEGE,Day,Bangla,Humanities
DHAKA,DHAKA MAHANAGARI,DEMRA,137057,DHAKA CHARTERED COMMERCE COLLEGE,Day,Bangla,Business Studies
DHAKA,DHAKA MAHANAGARI,DEMRA,137057,DHAKA CHARTERED COMMERCE COLLEGE,Day,Bangla,Humanities
DHAKA,DHAKA MAHANAGARI,DEMRA,137057,DHAKA CHARTERED COMMERCE COLLEGE,Day,Bangla,Science
DHAKA,DHAKA MAHANAGARI,DEMRA,137075,RAFIQUL ISLAM SCHOOL & COLLEGE,Day,Bangla,Humanities
DHAKA,DHAKA MAHANAGARI,DEMRA,137075,RAFIQUL ISLAM SCHOOL & COLLEGE,Day,Bangla,Business Studies
DHAKA,DHAKA MAHANAGARI,DEMRA,137075,RAFIQUL ISLAM SCHOOL & COLLEGE,Day,Bangla,Science
DHAKA,DHAKA MAHANAGARI,DEMRA,137604,DEMRA IDEAL COLLEGE,Day,Bangla,Humanities
DHAKA,DHAKA MAHANAGARI,DEMRA,137604,DEMRA IDEAL COLLEGE,Day,Bangla,Business Studies
DHAKA,DHAKA MAHANAGARI,DEMRA,137604,DEMRA IDEAL COLLEGE,Day,Bangla,Science
DHAKA,DHAKA MAHANAGARI,DEMRA,138848,BANGLADESH GLORIOUS COLLEGE,Day,Bangla,Business Studies
DHAKA,DHAKA MAHANAGARI,DEMRA,138848,BANGLADESH GLORIOUS COLLEGE,Day,Bangla,Science
DHAKA,DHAKA MAHANAGARI,DEMRA,138848,BANGLADESH GLORIOUS COLLEGE,Day,Bangla,Humanities
DHAKA,DHAKA MAHANAGARI,DHAKA CANTONMENT,107854,"NOUBAHINI COLLEGE, DHAKA",Morning,Bangla,Business Studies
DHAKA,DHAKA MAHANAGARI,DHAKA CANTONMENT,107854,"NOUBAHINI COLLEGE, DHAKA",Morning,Bangla,Humanities
DHAKA,DHAKA MAHANAGARI,DHAKA CANTONMENT,107854,"NOUBAHINI COLLEGE, DHAKA",Morning,Bangla,Science
DHAKA,DHAKA MAHANAGARI,DHAKA CANTONMENT,107855,ADAMJEE CANTONMENT COLLEGE,Morning,Bangla,Science
DHAKA,DHAKA MAHANAGARI,DHAKA CANTONMENT,107855,ADAMJEE CANTONMENT COLLEGE,Morning,Bangla,Business Studies
DHAKA,DHAKA MAHANAGARI,DHAKA CANTONMENT,107855,ADAMJEE CANTONMENT COLLEGE,Morning,Bangla,Humanities
DHAKA,DHAKA MAHANAGARI,DHAKA CANTONMENT,107855,ADAMJEE CANTONMENT COLLEGE,Morning,English,Science
DHAKA,DHAKA MAHANAGARI,DHAKA CANTONMENT,107855,ADAMJEE CANTONMENT COLLEGE,Morning,English,Business Studies
DHAKA,DHAKA MAHANAGARI,DHAKA CANTONMENT,107857,SHAHEED RAMIZ UDDIN CANTONMENT COLLEGE,Morning,Bangla,Business Studies
DHAKA,DHAKA MAHANAGARI,DHAKA CANTONMENT,107857,SHAHEED RAMIZ UDDIN CANTONMENT COLLEGE,Morning,Bangla,Humanities
DHAKA,DHAKA MAHANAGARI,DHAKA CANTONMENT,107857,SHAHEED RAMIZ UDDIN CANTONMENT COLLEGE,Morning,Bangla,Science
DHAKA,DHAKA MAHANAGARI,DHAKA CANTONMENT,107858,B A F SHAHEEN COLLEGE DHAKA,Morning,English,Business Studies
DHAKA,DHAKA MAHANAGARI,DHAKA CANTONMENT,107858,B A F SHAHEEN COLLEGE DHAKA,Morning,Bangla,Science
DHAKA,DHAKA MAHANAGARI,DHAKA CANTONMENT,107858,B A F SHAHEEN COLLEGE DHAKA,Morning,Bangla,Humanities
DHAKA,DHAKA MAHANAGARI,DHAKA CANTONMENT,107858,B A F SHAHEEN COLLEGE DHAKA,Morning,Bangla,Business Studies
DHAKA,DHAKA MAHANAGARI,DHAKA CANTONMENT,107858,B A F SHAHEEN COLLEGE DHAKA,Morning,English,Science
DHAKA,DHAKA MAHANAGARI,DHAKA CANTONMENT,107859,B. A. F. SHAHEEN COLLEGE (KURMITOLA),Morning,Bangla,Humanities
DHAKA,DHAKA MAHANAGARI,DHAKA CANTONMENT,107859,B. A. F. SHAHEEN COLLEGE (KURMITOLA),Morning,Bangla,Business Studies
DHAKA,DHAKA MAHANAGARI,DHAKA CANTONMENT,107859,B. A. F. SHAHEEN COLLEGE (KURMITOLA),Morning,Bangla,Science
DHAKA,DHAKA MAHANAGARI,DHAKA CANTONMENT,107859,B. A. F. SHAHEEN COLLEGE (KURMITOLA),Morning,English,Science
DHAKA,DHAKA MAHANAGARI,DHAKA CANTONMENT,108543,"CIVIL AVIATION SCHOOL AND COLLEGE, KURMITOLA",Day,Bangla,Humanities
DHAKA,DHAKA MAHANAGARI,DHAKA CANTONMENT,108543,"CIVIL AVIATION SCHOOL AND COLLEGE, KURMITOLA",Day,Bangla,Science
DHAKA,DHAKA MAHANAGARI,DHAKA CANTONMENT,108543,"CIVIL AVIATION SCHOOL AND COLLEGE, KURMITOLA",Day,Bangla,Business Studies
DHAKA,DHAKA MAHANAGARI,DHAKA CANTONMENT,132090,DHAKA CANT. GIRLS PUBLIC SCHOOL & COLLEGE,Morning,Bangla,Business Studies
DHAKA,DHAKA MAHANAGARI,DHAKA CANTONMENT,132090,DHAKA CANT. GIRLS PUBLIC SCHOOL & COLLEGE,Morning,Bangla,Science
DHAKA,DHAKA MAHANAGARI,DHAKA CANTONMENT,132090,DHAKA CANT. GIRLS PUBLIC SCHOOL & COLLEGE,Morning,English,Science
DHAKA,DHAKA MAHANAGARI,DHAKA CANTONMENT,132143,SHAHEED BIR UTTAM LT ANWAR GIRLS' COLLEGE,Morning,Bangla,Business Studies
DHAKA,DHAKA MAHANAGARI,DHAKA CANTONMENT,132143,SHAHEED BIR UTTAM LT ANWAR GIRLS' COLLEGE,Morning,Bangla,Science
DHAKA,DHAKA MAHANAGARI,DHAKA CANTONMENT,132143,SHAHEED BIR UTTAM LT ANWAR GIRLS' COLLEGE,Morning,Bangla,Humanities
DHAKA,DHAKA MAHANAGARI,DHAKA CANTONMENT,132143,SHAHEED BIR UTTAM LT ANWAR GIRLS' COLLEGE,Morning,English,Science
DHAKA,DHAKA MAHANAGARI,DHAKA CANTONMENT,133937,"BANGLADESH INTERNATIONAL SCHOOL & COLLEGE, MOHAKHALI",Morning,English,Science
DHAKA,DHAKA MAHANAGARI,DHAKA CANTONMENT,133988,BARIDHARA SCHOLARS' INTERNATIONAL SCHOOL AND COLLEGE,Morning,English,Science
DHAKA,DHAKA MAHANAGARI,DHAKA CANTONMENT,133988,BARIDHARA SCHOLARS' INTERNATIONAL SCHOOL AND COLLEGE,Morning,English,Business Studies
DHAKA,DHAKA MAHANAGARI,DHAKA CANTONMENT,138185,NIRJHOR CANTONMENT PUBLIC SCHOOL & COLLEGE,Day,Bangla,Science
DHAKA,DHAKA MAHANAGARI,DHAKA CANTONMENT,138185,NIRJHOR CANTONMENT PUBLIC SCHOOL & COLLEGE,Day,Bangla,Business Studies
DHAKA,DHAKA MAHANAGARI,DHAKA CANTONMENT,138186,"BANGLADESH INTERNATIONAL SCHOOL & COLLEGE, NIRJHOR",Morning,English,Science
DHAKA,DHAKA MAHANAGARI,DHANMONDI,107962,GOVERNMENT LABORATORY HIGH SCHOOL,Day,Bangla,Business Studies
DHAKA,DHAKA MAHANAGARI,DHANMONDI,107962,GOVERNMENT LABORATORY HIGH SCHOOL,Day,Bangla,Science
DHAKA,DHAKA MAHANAGARI,DHANMONDI,107963,KAKOLI HIGH SCHOOL & COLLEGE,Day,Bangla,Humanities
DHAKA,DHAKA MAHANAGARI,DHANMONDI,107963,KAKOLI HIGH SCHOOL & COLLEGE,Day,Bangla,Science
DHAKA,DHAKA MAHANAGARI,DHANMONDI,107963,KAKOLI HIGH SCHOOL & COLLEGE,Day,Bangla,Business Studies
DHAKA,DHAKA MAHANAGARI,DHANMONDI,107971,IDEAL COLLEGE,Morning,Bangla,Business Studies
DHAKA,DHAKA MAHANAGARI,DHANMONDI,107971,IDEAL COLLEGE,Morning,Bangla,Humanities
DHAKA,DHAKA MAHANAGARI,DHANMONDI,107971,IDEAL COLLEGE,Morning,Bangla,Science
DHAKA,DHAKA MAHANAGARI,DHANMONDI,107972,DR. MALEKA COLLEGE,Day,Bangla,Science
DHAKA,DHAKA MAHANAGARI,DHANMONDI,107972,DR. MALEKA COLLEGE,Day,Bangla,Humanities
DHAKA,DHAKA MAHANAGARI,DHANMONDI,107972,DR. MALEKA COLLEGE,Day,Bangla,Business Studies
DHAKA,DHAKA MAHANAGARI,DHANMONDI,107973,STAMFORD COLLEGE,Day,Bangla,Business Studies
DHAKA,DHAKA MAHANAGARI,DHANMONDI,107973,STAMFORD COLLEGE,Day,Bangla,Science
DHAKA,DHAKA MAHANAGARI,DHANMONDI,107973,STAMFORD COLLEGE,Day,Bangla,Humanities
DHAKA,DHAKA MAHANAGARI,DHANMONDI,107975,DHAKA CITY COLLEGE,Morning,Bangla,Business Studies
DHAKA,DHAKA MAHANAGARI,DHANMONDI,107975,DHAKA CITY COLLEGE,Morning,Bangla,Humanities
DHAKA,DHAKA MAHANAGARI,DHANMONDI,107975,DHAKA CITY COLLEGE,Morning,Bangla,Science
DHAKA,DHAKA MAHANAGARI,DHANMONDI,107975,DHAKA CITY COLLEGE,Morning,English,Science
DHAKA,DHAKA MAHANAGARI,DHANMONDI,107975,DHAKA CITY COLLEGE,Day,English,Business Studies
DHAKA,DHAKA MAHANAGARI,DHANMONDI,107975,DHAKA CITY COLLEGE,Day,English,Science
DHAKA,DHAKA MAHANAGARI,DHANMONDI,107975,DHAKA CITY COLLEGE,Day,Bangla,Business Studies
DHAKA,DHAKA MAHANAGARI,DHANMONDI,107975,DHAKA CITY COLLEGE,Day,Bangla,Humanities
DHAKA,DHAKA MAHANAGARI,DHANMONDI,107975,DHAKA CITY COLLEGE,Day,Bangla,Science
DHAKA,DHAKA MAHANAGARI,DHANMONDI,107975,DHAKA CITY COLLEGE,Morning,English,Business Studies
DHAKA,DHAKA MAHANAGARI,DHANMONDI,107976,UNIVERSITY WOMEN'S FEDERATION COLLEGE,Morning,Bangla,Business Studies
DHAKA,DHAKA MAHANAGARI,DHANMONDI,107976,UNIVERSITY WOMEN'S FEDERATION COLLEGE,Morning,Bangla,Science
DHAKA,DHAKA MAHANAGARI,DHANMONDI,107976,UNIVERSITY WOMEN'S FEDERATION COLLEGE,Morning,Bangla,Humanities
DHAKA,DHAKA MAHANAGARI,DHANMONDI,107977,DHAKA COLLEGE,Day,Bangla,Humanities
DHAKA,DHAKA MAHANAGARI,DHANMONDI,107977,DHAKA COLLEGE,Day,Bangla,Business Studies
DHAKA,DHAKA MAHANAGARI,DHANMONDI,107977,DHAKA COLLEGE,Day,Bangla,Science
DHAKA,DHAKA MAHANAGARI,DHANMONDI,107980,DHAKA MOHILA COLLEGE,Day,Bangla,Science
DHAKA,DHAKA MAHANAGARI,DHANMONDI,107980,DHAKA MOHILA COLLEGE,Day,Bangla,Humanities
DHAKA,DHAKA MAHANAGARI,DHANMONDI,107980,DHAKA MOHILA COLLEGE,Day,Bangla,Business Studies
DHAKA,DHAKA MAHANAGARI,DHANMONDI,107983,ZARINA SIKDER GIRLS' SCHOOL & COLLEGE,Morning,Bangla,Science
DHAKA,DHAKA MAHANAGARI,DHANMONDI,107983,ZARINA SIKDER GIRLS' SCHOOL & COLLEGE,Morning,Bangla,Humanities
DHAKA,DHAKA MAHANAGARI,DHANMONDI,107983,ZARINA SIKDER GIRLS' SCHOOL & COLLEGE,Morning,Bangla,Business Studies
DHAKA,DHAKA MAHANAGARI,DHANMONDI,107984,YWCA HIGHER SECONDARY GIRLS' SCHOOL,Day,Bangla,Business Studies
DHAKA,DHAKA MAHANAGARI,DHANMONDI,107984,YWCA HIGHER SECONDARY GIRLS' SCHOOL,Day,Bangla,Science
DHAKA,DHAKA MAHANAGARI,DHANMONDI,107985,MEHERUNNESA GIRLS' HIGH SCHOOL AND COLLEGE,Morning,Bangla,Humanities
DHAKA,DHAKA MAHANAGARI,DHANMONDI,107985,MEHERUNNESA GIRLS' HIGH SCHOOL AND COLLEGE,Morning,Bangla,Science
DHAKA,DHAKA MAHANAGARI,DHANMONDI,107985,MEHERUNNESA GIRLS' HIGH SCHOOL AND COLLEGE,Morning,Bangla,Business Studies
DHAKA,DHAKA MAHANAGARI,DHANMONDI,108162,BIR SHRESHTHA MUNSHI ABDUR ROUF PUBLIC COLLEGE,Day,Bangla,Business Studies
DHAKA,DHAKA MAHANAGARI,DHANMONDI,108162,BIR SHRESHTHA MUNSHI ABDUR ROUF PUBLIC COLLEGE,Morning,Bangla,Humanities
DHAKA,DHAKA MAHANAGARI,DHANMONDI,108162,BIR SHRESHTHA MUNSHI ABDUR ROUF PUBLIC COLLEGE,Morning,Bangla,Business Studies
DHAKA,DHAKA MAHANAGARI,DHANMONDI,108162,BIR SHRESHTHA MUNSHI ABDUR ROUF PUBLIC COLLEGE,Morning,English,Science
DHAKA,DHAKA MAHANAGARI,DHANMONDI,108162,BIR SHRESHTHA MUNSHI ABDUR ROUF PUBLIC COLLEGE,Day,Bangla,Science
DHAKA,DHAKA MAHANAGARI,DHANMONDI,108162,BIR SHRESHTHA MUNSHI ABDUR ROUF PUBLIC COLLEGE,Day,Bangla,Humanities
DHAKA,DHAKA MAHANAGARI,DHANMONDI,108162,BIR SHRESHTHA MUNSHI ABDUR ROUF PUBLIC COLLEGE,Morning,Bangla,Science
DHAKA,DHAKA MAHANAGARI,DHANMONDI,108250,NEW MODEL DEGREE COLLEGE,Day,Bangla,Humanities
DHAKA,DHAKA MAHANAGARI,DHANMONDI,108250,NEW MODEL DEGREE COLLEGE,Day,Bangla,Science
DHAKA,DHAKA MAHANAGARI,DHANMONDI,108250,NEW MODEL DEGREE COLLEGE,Day,Bangla,Business Studies
DHAKA,DHAKA MAHANAGARI,DHANMONDI,133712,DHAKA PUBLIC SCHOOL & COLLEGE,Day,English,Humanities
DHAKA,DHAKA MAHANAGARI,DHANMONDI,133712,DHAKA PUBLIC SCHOOL & COLLEGE,Day,English,Business Studies
DHAKA,DHAKA MAHANAGARI,DHANMONDI,133712,DHAKA PUBLIC SCHOOL & COLLEGE,Day,Bangla,Science
DHAKA,DHAKA MAHANAGARI,DHANMONDI,133712,DHAKA PUBLIC SCHOOL & COLLEGE,Day,Bangla,Humanities
DHAKA,DHAKA MAHANAGARI,DHANMONDI,133712,DHAKA PUBLIC SCHOOL & COLLEGE,Day,Bangla,Business Studies
DHAKA,DHAKA MAHANAGARI,DHANMONDI,133712,DHAKA PUBLIC SCHOOL & COLLEGE,Day,English,Science
DHAKA,DHAKA MAHANAGARI,DHANMONDI,133717,SCHOLARS SCHOOL & COLLEGE,Day,English,Science
DHAKA,DHAKA MAHANAGARI,DHANMONDI,133717,SCHOLARS SCHOOL & COLLEGE,Day,English,Business Studies
DHAKA,DHAKA MAHANAGARI,DHANMONDI,133717,SCHOLARS SCHOOL & COLLEGE,Morning,English,Business Studies
DHAKA,DHAKA MAHANAGARI,DHANMONDI,133717,SCHOLARS SCHOOL & COLLEGE,Morning,English,Science
DHAKA,DHAKA MAHANAGARI,DHANMONDI,133847,DHAKA PUBLIC COLLEGE,Day,Bangla,Humanities
DHAKA,DHAKA MAHANAGARI,DHANMONDI,133847,DHAKA PUBLIC COLLEGE,Day,Bangla,Business Studies
DHAKA,DHAKA MAHANAGARI,DHANMONDI,133847,DHAKA PUBLIC COLLEGE,Day,Bangla,Science
DHAKA,DHAKA MAHANAGARI,DHANMONDI,134168,COLLEGE OF DEVELOPMENT ALTERNATIVE (CODA),Day,English,Science
DHAKA,DHAKA MAHANAGARI,DHANMONDI,134168,COLLEGE OF DEVELOPMENT ALTERNATIVE (CODA),Day,English,Business Studies
DHAKA,DHAKA MAHANAGARI,DHANMONDI,134168,COLLEGE OF DEVELOPMENT ALTERNATIVE (CODA),Day,Bangla,Business Studies
DHAKA,DHAKA MAHANAGARI,DHANMONDI,134168,COLLEGE OF DEVELOPMENT ALTERNATIVE (CODA),Day,Bangla,Humanities
DHAKA,DHAKA MAHANAGARI,DHANMONDI,134168,COLLEGE OF DEVELOPMENT ALTERNATIVE (CODA),Day,Bangla,Science
DHAKA,DHAKA MAHANAGARI,DHANMONDI,134209,HAMDARD PUBLIC COLLEGE,Morning,Bangla,Business Studies
DHAKA,DHAKA MAHANAGARI,DHANMONDI,134209,HAMDARD PUBLIC COLLEGE,Morning,Bangla,Science
DHAKA,DHAKA MAHANAGARI,DHANMONDI,134564,DAFFODIL INTERNATIONAL COLLEGE,Morning,English,Science
DHAKA,DHAKA MAHANAGARI,DHANMONDI,134564,DAFFODIL INTERNATIONAL COLLEGE,Morning,English,Business Studies
DHAKA,DHAKA MAHANAGARI,DHANMONDI,134564,DAFFODIL INTERNATIONAL COLLEGE,Morning,Bangla,Science
DHAKA,DHAKA MAHANAGARI,DHANMONDI,134564,DAFFODIL INTERNATIONAL COLLEGE,Morning,Bangla,Business Studies
DHAKA,DHAKA MAHANAGARI,DHANMONDI,134592,TRINITY COLLEGE DHAKA,Day,English,Business Studies
DHAKA,DHAKA MAHANAGARI,DHANMONDI,134592,TRINITY COLLEGE DHAKA,Day,Bangla,Business Studies
DHAKA,DHAKA MAHANAGARI,DHANMONDI,134592,TRINITY COLLEGE DHAKA,Day,Bangla,Humanities
DHAKA,DHAKA MAHANAGARI,DHANMONDI,134592,TRINITY COLLEGE DHAKA,Day,English,Humanities
DHAKA,DHAKA MAHANAGARI,DHANMONDI,134592,TRINITY COLLEGE DHAKA,Day,Bangla,Science
DHAKA,DHAKA MAHANAGARI,DHANMONDI,134592,TRINITY COLLEGE DHAKA,Day,English,Science
DHAKA,DHAKA MAHANAGARI,DHANMONDI,134605,HOLY FLOWER MODEL COLLEGE,Day,Bangla,Business Studies
DHAKA,DHAKA MAHANAGARI,DHANMONDI,134605,HOLY FLOWER MODEL COLLEGE,Day,Bangla,Science
DHAKA,DHAKA MAHANAGARI,DHANMONDI,135219,CHARTERED COLLEGE,Day,Bangla,Business Studies
DHAKA,DHAKA MAHANAGARI,GULSHAN,107841,BADDA ALATUNNESSA UCHCHA MADHYAMIC BIDHYALAYA,Day,Bangla,Science
DHAKA,DHAKA MAHANAGARI,GULSHAN,107841,BADDA ALATUNNESSA UCHCHA MADHYAMIC BIDHYALAYA,Day,Bangla,Business Studies
DHAKA,DHAKA MAHANAGARI,GULSHAN,107841,BADDA ALATUNNESSA UCHCHA MADHYAMIC BIDHYALAYA,Day,Bangla,Humanities
DHAKA,DHAKA MAHANAGARI,GULSHAN,108013,SOLMAID SCHOOL AND COLLEGE,Day,Bangla,Science
DHAKA,DHAKA MAHANAGARI,GULSHAN,108013,SOLMAID SCHOOL AND COLLEGE,Day,Bangla,Humanities
DHAKA,DHAKA MAHANAGARI,GULSHAN,108013,SOLMAID SCHOOL AND COLLEGE,Day,Bangla,Business Studies
DHAKA,DHAKA MAHANAGARI,GULSHAN,108016,BANANI BIDYANIKETAN SCHOOL & COLLEGE,Day,English,Science
DHAKA,DHAKA MAHANAGARI,GULSHAN,108016,BANANI BIDYANIKETAN SCHOOL & COLLEGE,Morning,Bangla,Science
DHAKA,DHAKA MAHANAGARI,GULSHAN,108016,BANANI BIDYANIKETAN SCHOOL & COLLEGE,Morning,Bangla,Business Studies
DHAKA,DHAKA MAHANAGARI,GULSHAN,108023,INSTITUTE OF PUBLIC HEALTH SCHOOL AND COLLEGE,Day,Bangla,Science
DHAKA,DHAKA MAHANAGARI,GULSHAN,108023,INSTITUTE OF PUBLIC HEALTH SCHOOL AND COLLEGE,Day,Bangla,Business Studies
DHAKA,DHAKA MAHANAGARI,GULSHAN,108023,INSTITUTE OF PUBLIC HEALTH SCHOOL AND COLLEGE,Day,Bangla,Humanities
DHAKA,DHAKA MAHANAGARI,GULSHAN,108031,A. K. M. RAHMATULLAH COLLEGE,Day,Bangla,Humanities
DHAKA,DHAKA MAHANAGARI,GULSHAN,108031,A. K. M. RAHMATULLAH COLLEGE,Day,Bangla,Business Studies
DHAKA,DHAKA MAHANAGARI,GULSHAN,108031,A. K. M. RAHMATULLAH COLLEGE,Day,Bangla,Science
DHAKA,DHAKA MAHANAGARI,GULSHAN,108032,GULSHAN COLLEGE,Morning,Bangla,Business Studies
DHAKA,DHAKA MAHANAGARI,GULSHAN,108032,GULSHAN COLLEGE,Morning,Bangla,Humanities
DHAKA,DHAKA MAHANAGARI,GULSHAN,108032,GULSHAN COLLEGE,Morning,Bangla,Science
DHAKA,DHAKA MAHANAGARI,GULSHAN,108033,MAHANAGAR COLLEGE,Day,Bangla,Business Studies
DHAKA,DHAKA MAHANAGARI,GULSHAN,108033,MAHANAGAR COLLEGE,Day,Bangla,Humanities
DHAKA,DHAKA MAHANAGARI,GULSHAN,108036,T & T MOHILA COLLEGE,Day,Bangla,Science
DHAKA,DHAKA MAHANAGARI,GULSHAN,108036,T & T MOHILA COLLEGE,Day,Bangla,Humanities
DHAKA,DHAKA MAHANAGARI,GULSHAN,108036,T & T MOHILA COLLEGE,Day,Bangla,Business Studies
DHAKA,DHAKA MAHANAGARI,GULSHAN,108037,GULSHAN MODEL HIGH SCHOOL & COLLEGE,Day,Bangla,Humanities
DHAKA,DHAKA MAHANAGARI,GULSHAN,108037,GULSHAN MODEL HIGH SCHOOL & COLLEGE,Day,Bangla,Business Studies
DHAKA,DHAKA MAHANAGARI,GULSHAN,108037,GULSHAN MODEL HIGH SCHOOL & COLLEGE,Day,Bangla,Science
DHAKA,DHAKA MAHANAGARI,GULSHAN,108038,GOVT. KALACHANDPUR HIGH SCHOOL AND COLLEGE,Morning,Bangla,Science
DHAKA,DHAKA MAHANAGARI,GULSHAN,108038,GOVT. KALACHANDPUR HIGH SCHOOL AND COLLEGE,Morning,Bangla,Humanities
DHAKA,DHAKA MAHANAGARI,GULSHAN,108038,GOVT. KALACHANDPUR HIGH SCHOOL AND COLLEGE,Morning,Bangla,Business Studies
DHAKA,DHAKA MAHANAGARI,GULSHAN,131218,KING'S COLLEGE,Day,Bangla,Business Studies
DHAKA,DHAKA MAHANAGARI,GULSHAN,131218,KING'S COLLEGE,Day,Bangla,Science
DHAKA,DHAKA MAHANAGARI,GULSHAN,132140,CAMBRIAN COLLEGE,Day,English,Science
DHAKA,DHAKA MAHANAGARI,GULSHAN,132140,CAMBRIAN COLLEGE,Day,Bangla,Science
DHAKA,DHAKA MAHANAGARI,GULSHAN,132140,CAMBRIAN COLLEGE,Day,Bangla,Business Studies
DHAKA,DHAKA MAHANAGARI,GULSHAN,132140,CAMBRIAN COLLEGE,Day,English,Business Studies
DHAKA,DHAKA MAHANAGARI,GULSHAN,133736,RESIDENTIAL LABORATORY COLLEGE,Day,Bangla,Science
DHAKA,DHAKA MAHANAGARI,GULSHAN,133736,RESIDENTIAL LABORATORY COLLEGE,Day,Bangla,Humanities
DHAKA,DHAKA MAHANAGARI,GULSHAN,133736,RESIDENTIAL LABORATORY COLLEGE,Day,Bangla,Business Studies
DHAKA,DHAKA MAHANAGARI,GULSHAN,134239,MARTIN LUTHER COLLEGE,Day,Bangla,Business Studies
DHAKA,DHAKA MAHANAGARI,GULSHAN,134239,MARTIN LUTHER COLLEGE,Day,Bangla,Science
DHAKA,DHAKA MAHANAGARI,GULSHAN,134239,MARTIN LUTHER COLLEGE,Day,Bangla,Humanities
DHAKA,DHAKA MAHANAGARI,GULSHAN,134566,CROWN COLLEGE,Day,Bangla,Business Studies
DHAKA,DHAKA MAHANAGARI,GULSHAN,134566,CROWN COLLEGE,Day,Bangla,Science
DHAKA,DHAKA MAHANAGARI,GULSHAN,136872,THE EXCELENT COLLEGE,Day,Bangla,Humanities
DHAKA,DHAKA MAHANAGARI,GULSHAN,136872,THE EXCELENT COLLEGE,Day,Bangla,Business Studies
DHAKA,DHAKA MAHANAGARI,GULSHAN,136873,GULSHAN PUBLIC COLLEGE,Day,Bangla,Humanities
DHAKA,DHAKA MAHANAGARI,GULSHAN,136873,GULSHAN PUBLIC COLLEGE,Day,Bangla,Business Studies
DHAKA,DHAKA MAHANAGARI,GULSHAN,136873,GULSHAN PUBLIC COLLEGE,Day,Bangla,Science
DHAKA,DHAKA MAHANAGARI,GULSHAN,136932,GLASGOW COMMERCE COLLEGE,Day,Bangla,Business Studies
DHAKA,DHAKA MAHANAGARI,GULSHAN,136932,GLASGOW COMMERCE COLLEGE,Day,Bangla,Humanities
DHAKA,DHAKA MAHANAGARI,HAZARIBAGH,108356,NATIONAL BANK PUBLIC SCHOOL AND COLLEGE,Day,Bangla,Science
DHAKA,DHAKA MAHANAGARI,HAZARIBAGH,108356,NATIONAL BANK PUBLIC SCHOOL AND COLLEGE,Day,Bangla,Humanities
DHAKA,DHAKA MAHANAGARI,HAZARIBAGH,108356,NATIONAL BANK PUBLIC SCHOOL AND COLLEGE,Day,Bangla,Business Studies
DHAKA,DHAKA MAHANAGARI,HAZARIBAGH,136260,SHAHEED BEGUM SHEIKH FAZILATUN NESSA MUJIB GOVT. COLLEGE,Day,Bangla,Business Studies
DHAKA,DHAKA MAHANAGARI,HAZARIBAGH,136260,SHAHEED BEGUM SHEIKH FAZILATUN NESSA MUJIB GOVT. COLLEGE,Day,Bangla,Science
DHAKA,DHAKA MAHANAGARI,HAZARIBAGH,136260,SHAHEED BEGUM SHEIKH FAZILATUN NESSA MUJIB GOVT. COLLEGE,Day,Bangla,Humanities
DHAKA,DHAKA MAHANAGARI,JATRABARI,107863,PARADOGAR IDEAL SCHOOL AND COLLEGE,Morning,Bangla,Business Studies
DHAKA,DHAKA MAHANAGARI,JATRABARI,107863,PARADOGAR IDEAL SCHOOL AND COLLEGE,Morning,Bangla,Humanities
DHAKA,DHAKA MAHANAGARI,JATRABARI,107877,JATRABARI IDEAL HIGH SCHOOL AND COLLEGE,Morning,Bangla,Business Studies
DHAKA,DHAKA MAHANAGARI,JATRABARI,107877,JATRABARI IDEAL HIGH SCHOOL AND COLLEGE,Day,Bangla,Business Studies
DHAKA,DHAKA MAHANAGARI,JATRABARI,107877,JATRABARI IDEAL HIGH SCHOOL AND COLLEGE,Day,Bangla,Humanities
DHAKA,DHAKA MAHANAGARI,JATRABARI,107877,JATRABARI IDEAL HIGH SCHOOL AND COLLEGE,Day,Bangla,Science
DHAKA,DHAKA MAHANAGARI,JATRABARI,107877,JATRABARI IDEAL HIGH SCHOOL AND COLLEGE,Morning,Bangla,Humanities
DHAKA,DHAKA MAHANAGARI,JATRABARI,107877,JATRABARI IDEAL HIGH SCHOOL AND COLLEGE,Morning,Bangla,Science
DHAKA,DHAKA MAHANAGARI,JATRABARI,107886,MANNAN HIGH SCHOOL & COLLEGE,Day,Bangla,Science
DHAKA,DHAKA MAHANAGARI,JATRABARI,107886,MANNAN HIGH SCHOOL & COLLEGE,Day,Bangla,Business Studies
DHAKA,DHAKA MAHANAGARI,JATRABARI,107886,MANNAN HIGH SCHOOL & COLLEGE,Day,Bangla,Humanities
DHAKA,DHAKA MAHANAGARI,JATRABARI,107909,DANIA COLLEGE,Morning,Bangla,Humanities
DHAKA,DHAKA MAHANAGARI,JATRABARI,107909,DANIA COLLEGE,Day,Bangla,Business Studies
DHAKA,DHAKA MAHANAGARI,JATRABARI,107909,DANIA COLLEGE,Day,Bangla,Humanities
DHAKA,DHAKA MAHANAGARI,JATRABARI,107909,DANIA COLLEGE,Morning,Bangla,Science
DHAKA,DHAKA MAHANAGARI,JATRABARI,107909,DANIA COLLEGE,Morning,Bangla,Business Studies
DHAKA,DHAKA MAHANAGARI,JATRABARI,107909,DANIA COLLEGE,Day,Bangla,Science
DHAKA,DHAKA MAHANAGARI,JATRABARI,107914,BARNAMALA ADARSHA SCHOOL & COLLEGE,Day,Bangla,Business Studies
DHAKA,DHAKA MAHANAGARI,JATRABARI,107914,BARNAMALA ADARSHA SCHOOL & COLLEGE,Day,Bangla,Humanities
DHAKA,DHAKA MAHANAGARI,JATRABARI,107914,BARNAMALA ADARSHA SCHOOL & COLLEGE,Day,Bangla,Science
DHAKA,DHAKA MAHANAGARI,JATRABARI,108501,KARATITOLA CHAN MIAH SARDAR MEMORIAL HIGH SCHOOL AND COLLEGE,Day,Bangla,Business Studies
DHAKA,DHAKA MAHANAGARI,JATRABARI,108501,KARATITOLA CHAN MIAH SARDAR MEMORIAL HIGH SCHOOL AND COLLEGE,Day,Bangla,Science
DHAKA,DHAKA MAHANAGARI,JATRABARI,134265,"METROPOLITAN COLLEGE, DHAKA",Day,Bangla,Humanities
DHAKA,DHAKA MAHANAGARI,JATRABARI,134265,"METROPOLITAN COLLEGE, DHAKA",Day,Bangla,Science
DHAKA,DHAKA MAHANAGARI,JATRABARI,134265,"METROPOLITAN COLLEGE, DHAKA",Day,Bangla,Business Studies
DHAKA,DHAKA MAHANAGARI,JATRABARI,134610,NORTHERN UNIVERSITY LABORATORY COLLEGE,Day,Bangla,Business Studies
DHAKA,DHAKA MAHANAGARI,JATRABARI,134610,NORTHERN UNIVERSITY LABORATORY COLLEGE,Day,Bangla,Humanities
DHAKA,DHAKA MAHANAGARI,JATRABARI,134610,NORTHERN UNIVERSITY LABORATORY COLLEGE,Day,Bangla,Science
DHAKA,DHAKA MAHANAGARI,JATRABARI,136276,CCER MODEL COLLEGE,Day,Bangla,Humanities
DHAKA,DHAKA MAHANAGARI,JATRABARI,136276,CCER MODEL COLLEGE,Day,Bangla,Science
DHAKA,DHAKA MAHANAGARI,JATRABARI,136276,CCER MODEL COLLEGE,Day,Bangla,Business Studies
DHAKA,DHAKA MAHANAGARI,JATRABARI,138824,CAPITAL COLLEGE,Day,Bangla,Humanities
DHAKA,DHAKA MAHANAGARI,JATRABARI,138824,CAPITAL COLLEGE,Day,Bangla,Business Studies
DHAKA,DHAKA MAHANAGARI,KADAMTALI,108473,SAMPUR BAHUMUKHI HIGH SCHOOL AND COLLEGE,Day,Bangla,Science
DHAKA,DHAKA MAHANAGARI,KADAMTALI,108473,SAMPUR BAHUMUKHI HIGH SCHOOL AND COLLEGE,Day,Bangla,Humanities
DHAKA,DHAKA MAHANAGARI,KADAMTALI,108473,SAMPUR BAHUMUKHI HIGH SCHOOL AND COLLEGE,Day,Bangla,Business Studies
DHAKA,DHAKA MAHANAGARI,KADAMTALI,132066,SHAYMPUR GOVT. MODEL SCHOOL & COLLEGE,Day,Bangla,Science
DHAKA,DHAKA MAHANAGARI,KADAMTALI,132066,SHAYMPUR GOVT. MODEL SCHOOL & COLLEGE,Day,Bangla,Humanities
DHAKA,DHAKA MAHANAGARI,KADAMTALI,132066,SHAYMPUR GOVT. MODEL SCHOOL & COLLEGE,Day,Bangla,Business Studies
DHAKA,DHAKA MAHANAGARI,KADAMTALI,134228,MOHAMMEDBAG ADORSHO COLLEGE,Day,Bangla,Business Studies
DHAKA,DHAKA MAHANAGARI,KADAMTALI,134228,MOHAMMEDBAG ADORSHO COLLEGE,Day,Bangla,Humanities
DHAKA,DHAKA MAHANAGARI,KADAMTALI,134228,MOHAMMEDBAG ADORSHO COLLEGE,Day,Bangla,Science
DHAKA,DHAKA MAHANAGARI,KADAMTALI,134716,BRIGHT SCHOOL AND COLLEGE,Day,Bangla,Humanities
DHAKA,DHAKA MAHANAGARI,KADAMTALI,134716,BRIGHT SCHOOL AND COLLEGE,Day,Bangla,Science
DHAKA,DHAKA MAHANAGARI,KADAMTALI,134716,BRIGHT SCHOOL AND COLLEGE,Day,Bangla,Business Studies
DHAKA,DHAKA MAHANAGARI,KADAMTALI,136763,NEW VISION SCHOOL AND COLLEGE,Day,Bangla,Business Studies
DHAKA,DHAKA MAHANAGARI,KADAMTALI,136763,NEW VISION SCHOOL AND COLLEGE,Day,Bangla,Humanities
DHAKA,DHAKA MAHANAGARI,KADAMTALI,136763,NEW VISION SCHOOL AND COLLEGE,Day,Bangla,Science
DHAKA,DHAKA MAHANAGARI,KAFRUL,108048,BHASANTEK SCHOOL AND COLLEGE,Day,Bangla,Science
DHAKA,DHAKA MAHANAGARI,KAFRUL,108048,BHASANTEK SCHOOL AND COLLEGE,Day,Bangla,Business Studies
DHAKA,DHAKA MAHANAGARI,KAFRUL,108048,BHASANTEK SCHOOL AND COLLEGE,Day,Bangla,Humanities
DHAKA,DHAKA MAHANAGARI,KAFRUL,134578,GLORY COLLEGE,Morning,Bangla,Science
DHAKA,DHAKA MAHANAGARI,KAFRUL,134578,GLORY COLLEGE,Morning,Bangla,Business Studies
DHAKA,DHAKA MAHANAGARI,KAFRUL,136841,VASHANTEK GOVT. COLLEGE,Day,Bangla,Science
DHAKA,DHAKA MAHANAGARI,KAFRUL,136841,VASHANTEK GOVT. COLLEGE,Day,Bangla,Humanities
DHAKA,DHAKA MAHANAGARI,KAFRUL,136841,VASHANTEK GOVT. COLLEGE,Day,Bangla,Business Studies
DHAKA,DHAKA MAHANAGARI,KAMRANGIRCHAR,108057,HAJI ABDUL AWAL COLLEGE,Day,Bangla,Science
DHAKA,DHAKA MAHANAGARI,KAMRANGIRCHAR,108057,HAJI ABDUL AWAL COLLEGE,Day,Bangla,Business Studies
DHAKA,DHAKA MAHANAGARI,KAMRANGIRCHAR,108057,HAJI ABDUL AWAL COLLEGE,Day,Bangla,Humanities
DHAKA,DHAKA MAHANAGARI,KHILGAON,108061,KHILGAON GOVT. COLONY HIGHER SECONDARY SCHOOL,Day,Bangla,Business Studies
DHAKA,DHAKA MAHANAGARI,KHILGAON,108061,KHILGAON GOVT. COLONY HIGHER SECONDARY SCHOOL,Day,Bangla,Science
DHAKA,DHAKA MAHANAGARI,KHILGAON,108061,KHILGAON GOVT. COLONY HIGHER SECONDARY SCHOOL,Day,Bangla,Humanities
DHAKA,DHAKA MAHANAGARI,KHILGAON,108373,KHILGAON SCHOOL AND COLLEGE,Day,Bangla,Business Studies
DHAKA,DHAKA MAHANAGARI,KHILGAON,108373,KHILGAON SCHOOL AND COLLEGE,Day,Bangla,Science
DHAKA,DHAKA MAHANAGARI,KHILGAON,108373,KHILGAON SCHOOL AND COLLEGE,Day,Bangla,Humanities
DHAKA,DHAKA MAHANAGARI,KHILGAON,108375,ALI AHMED SCHOOL & COLLEGE,Day,Bangla,Science
DHAKA,DHAKA MAHANAGARI,KHILGAON,108375,ALI AHMED SCHOOL & COLLEGE,Day,Bangla,Business Studies
DHAKA,DHAKA MAHANAGARI,KHILGAON,108375,ALI AHMED SCHOOL & COLLEGE,Day,Bangla,Humanities
DHAKA,DHAKA MAHANAGARI,KHILGAON,108376,KHILGAON GOVT. HIGH SCHOOL,Day,Bangla,Business Studies
DHAKA,DHAKA MAHANAGARI,KHILGAON,108376,KHILGAON GOVT. HIGH SCHOOL,Day,Bangla,Science
DHAKA,DHAKA MAHANAGARI,KHILGAON,108379,DAKHIN BANSREE MODEL HIGH SCHOOL AND COLLEGE,Day,Bangla,Humanities
DHAKA,DHAKA MAHANAGARI,KHILGAON,108379,DAKHIN BANSREE MODEL HIGH SCHOOL AND COLLEGE,Day,Bangla,Science
DHAKA,DHAKA MAHANAGARI,KHILGAON,108379,DAKHIN BANSREE MODEL HIGH SCHOOL AND COLLEGE,Day,Bangla,Business Studies
DHAKA,DHAKA MAHANAGARI,KHILGAON,108385,KHILGAON MODEL COLLEGE,Morning,Bangla,Science
DHAKA,DHAKA MAHANAGARI,KHILGAON,108385,KHILGAON MODEL COLLEGE,Morning,Bangla,Business Studies
DHAKA,DHAKA MAHANAGARI,KHILGAON,108385,KHILGAON MODEL COLLEGE,Day,Bangla,Business Studies
DHAKA,DHAKA MAHANAGARI,KHILGAON,108385,KHILGAON MODEL COLLEGE,Day,Bangla,Humanities
DHAKA,DHAKA MAHANAGARI,KHILGAON,108385,KHILGAON MODEL COLLEGE,Morning,Bangla,Humanities
DHAKA,DHAKA MAHANAGARI,KHILGAON,108385,KHILGAON MODEL COLLEGE,Day,Bangla,Science
DHAKA,DHAKA MAHANAGARI,KHILGAON,108386,H R MEMORIAL COLLEGE,Day,Bangla,Business Studies
DHAKA,DHAKA MAHANAGARI,KHILGAON,108386,H R MEMORIAL COLLEGE,Day,Bangla,Humanities
DHAKA,DHAKA MAHANAGARI,KHILGAON,108386,H R MEMORIAL COLLEGE,Day,Bangla,Science
DHAKA,DHAKA MAHANAGARI,KHILGAON,108387,KHILGAON GIRLS' SCHOOL AND COLLEGE,Day,Bangla,Business Studies
DHAKA,DHAKA MAHANAGARI,KHILGAON,108387,KHILGAON GIRLS' SCHOOL AND COLLEGE,Day,Bangla,Science
DHAKA,DHAKA MAHANAGARI,KHILGAON,108387,KHILGAON GIRLS' SCHOOL AND COLLEGE,Day,Bangla,Humanities
DHAKA,DHAKA MAHANAGARI,KHILGAON,131634,DHAKA IDEAL COLLEGE,Day,Bangla,Business Studies
DHAKA,DHAKA MAHANAGARI,KHILGAON,131634,DHAKA IDEAL COLLEGE,Day,Bangla,Science
DHAKA,DHAKA MAHANAGARI,KHILGAON,131634,DHAKA IDEAL COLLEGE,Day,Bangla,Humanities
DHAKA,DHAKA MAHANAGARI,KHILGAON,131901,BANGLADESH COMMERCE COLLEGE,Day,Bangla,Business Studies
DHAKA,DHAKA MAHANAGARI,KHILGAON,132008,KHILGAON IDEAL COLLEGE,Morning,Bangla,Humanities
DHAKA,DHAKA MAHANAGARI,KHILGAON,132008,KHILGAON IDEAL COLLEGE,Morning,Bangla,Science
DHAKA,DHAKA MAHANAGARI,KHILGAON,132008,KHILGAON IDEAL COLLEGE,Morning,Bangla,Business Studies
DHAKA,DHAKA MAHANAGARI,KHILGAON,132078,NATIONAL IDEAL COLLEGE,Day,Bangla,Business Studies
DHAKA,DHAKA MAHANAGARI,KHILGAON,132078,NATIONAL IDEAL COLLEGE,Day,Bangla,Humanities
DHAKA,DHAKA MAHANAGARI,KHILGAON,132078,NATIONAL IDEAL COLLEGE,Day,Bangla,Science
DHAKA,DHAKA MAHANAGARI,KHILGAON,132096,DHAKA EASTERN COLLEGE,Morning,Bangla,Humanities
DHAKA,DHAKA MAHANAGARI,KHILGAON,132096,DHAKA EASTERN COLLEGE,Morning,Bangla,Science
DHAKA,DHAKA MAHANAGARI,KHILGAON,132096,DHAKA EASTERN COLLEGE,Morning,Bangla,Business Studies
DHAKA,DHAKA MAHANAGARI,KHILGAON,133975,FUTURE COMMERCE COLLEGE,Day,Bangla,Business Studies
DHAKA,DHAKA MAHANAGARI,KHILGAON,134172,QUALITY EDUCATION COLLEGE,Morning,Bangla,Humanities
DHAKA,DHAKA MAHANAGARI,KHILGAON,134172,QUALITY EDUCATION COLLEGE,Morning,Bangla,Science
DHAKA,DHAKA MAHANAGARI,KHILGAON,134172,QUALITY EDUCATION COLLEGE,Morning,Bangla,Business Studies
DHAKA,DHAKA MAHANAGARI,KHILGAON,134462,CITY MODEL COLLEGE,Day,Bangla,Science
DHAKA,DHAKA MAHANAGARI,KHILGAON,134462,CITY MODEL COLLEGE,Day,Bangla,Humanities
DHAKA,DHAKA MAHANAGARI,KHILGAON,134462,CITY MODEL COLLEGE,Day,Bangla,Business Studies
DHAKA,DHAKA MAHANAGARI,KHILGAON,136306,NATIONAL IDEAL GIRLS' COLLEGE,Morning,Bangla,Humanities
DHAKA,DHAKA MAHANAGARI,KHILGAON,136306,NATIONAL IDEAL GIRLS' COLLEGE,Morning,Bangla,Business Studies
DHAKA,DHAKA MAHANAGARI,KHILGAON,136306,NATIONAL IDEAL GIRLS' COLLEGE,Morning,Bangla,Science
DHAKA,DHAKA MAHANAGARI,KHILGAON,136862,OXFORDIAN LABORATORY COLLEGE,Morning,Bangla,Science
DHAKA,DHAKA MAHANAGARI,KHILGAON,136862,OXFORDIAN LABORATORY COLLEGE,Morning,Bangla,Business Studies
DHAKA,DHAKA MAHANAGARI,KHILGAON,136862,OXFORDIAN LABORATORY COLLEGE,Morning,Bangla,Humanities
DHAKA,DHAKA MAHANAGARI,KHILGAON,136865,LIBERTY COLLEGE,Day,Bangla,Science
DHAKA,DHAKA MAHANAGARI,KHILGAON,136865,LIBERTY COLLEGE,Day,Bangla,Business Studies
DHAKA,DHAKA MAHANAGARI,KHILGAON,138476,NOVELTY COLLEGE,Day,Bangla,Science
DHAKA,DHAKA MAHANAGARI,KHILGAON,138476,NOVELTY COLLEGE,Day,Bangla,Business Studies
DHAKA,DHAKA MAHANAGARI,KHILKHET,107820,DUMNI HIGHER SECONDARY SCHOOL,Day,Bangla,Business Studies
DHAKA,DHAKA MAHANAGARI,KHILKHET,107820,DUMNI HIGHER SECONDARY SCHOOL,Day,Bangla,Humanities
DHAKA,DHAKA MAHANAGARI,KHILKHET,107823,KURMITOLA HIGH SCHOOL & COLLEGE,Morning,Bangla,Business Studies
DHAKA,DHAKA MAHANAGARI,KHILKHET,107823,KURMITOLA HIGH SCHOOL & COLLEGE,Morning,Bangla,Science
DHAKA,DHAKA MAHANAGARI,KHILKHET,107823,KURMITOLA HIGH SCHOOL & COLLEGE,Morning,Bangla,Humanities
DHAKA,DHAKA MAHANAGARI,KHILKHET,107823,KURMITOLA HIGH SCHOOL & COLLEGE,Day,Bangla,Business Studies
DHAKA,DHAKA MAHANAGARI,KHILKHET,107823,KURMITOLA HIGH SCHOOL & COLLEGE,Day,Bangla,Humanities
DHAKA,DHAKA MAHANAGARI,KHILKHET,107823,KURMITOLA HIGH SCHOOL & COLLEGE,Day,Bangla,Science
DHAKA,DHAKA MAHANAGARI,KHILKHET,107824,BARUA ALAUDDIN DEWAN HIGH SCHOOL AND COLLEGE,Day,Bangla,Humanities
DHAKA,DHAKA MAHANAGARI,KHILKHET,107824,BARUA ALAUDDIN DEWAN HIGH SCHOOL AND COLLEGE,Day,Bangla,Science
DHAKA,DHAKA MAHANAGARI,KHILKHET,107824,BARUA ALAUDDIN DEWAN HIGH SCHOOL AND COLLEGE,Day,Bangla,Business Studies
DHAKA,DHAKA MAHANAGARI,KHILKHET,131989,NIKUNJA MODEL COLLEGE,Morning,Bangla,Business Studies
DHAKA,DHAKA MAHANAGARI,KHILKHET,131989,NIKUNJA MODEL COLLEGE,Morning,Bangla,Humanities
DHAKA,DHAKA MAHANAGARI,KHILKHET,131989,NIKUNJA MODEL COLLEGE,Morning,Bangla,Science
DHAKA,DHAKA MAHANAGARI,KHILKHET,135270,AMIRJAN COLLEGE,Day,Bangla,Business Studies
DHAKA,DHAKA MAHANAGARI,KHILKHET,135270,AMIRJAN COLLEGE,Day,Bangla,Science
DHAKA,DHAKA MAHANAGARI,KHILKHET,135270,AMIRJAN COLLEGE,Day,Bangla,Humanities
DHAKA,DHAKA MAHANAGARI,KHILKHET,135574,NAVY ANCHORAGE SCHOOL AND COLLEGE,Morning,English,Science
DHAKA,DHAKA MAHANAGARI,KOTOALI,108127,POGOSE LABORATORY SCHOOL AND COLLEGE,Day,Bangla,Science
DHAKA,DHAKA MAHANAGARI,KOTOALI,108127,POGOSE LABORATORY SCHOOL AND COLLEGE,Day,Bangla,Humanities
DHAKA,DHAKA MAHANAGARI,KOTOALI,108127,POGOSE LABORATORY SCHOOL AND COLLEGE,Day,Bangla,Business Studies
DHAKA,DHAKA MAHANAGARI,KOTOALI,108139,AHMED BAWANI ACADEMY (MOHILA COLLEGE),Morning,Bangla,Business Studies
DHAKA,DHAKA MAHANAGARI,KOTOALI,108139,AHMED BAWANI ACADEMY (MOHILA COLLEGE),Morning,Bangla,Humanities
DHAKA,DHAKA MAHANAGARI,KOTOALI,108139,AHMED BAWANI ACADEMY (MOHILA COLLEGE),Morning,Bangla,Science
DHAKA,DHAKA MAHANAGARI,KOTOALI,108494,EAST BENGAL INSTITUTION,Day,Bangla,Humanities
DHAKA,DHAKA MAHANAGARI,KOTOALI,108494,EAST BENGAL INSTITUTION,Day,Bangla,Science
DHAKA,DHAKA MAHANAGARI,KOTOALI,108494,EAST BENGAL INSTITUTION,Day,Bangla,Business Studies
DHAKA,DHAKA MAHANAGARI,KOTOALI,108498,MONIZA RAHMAN GIRLS SCHOOL & COLLEGE,Day,Bangla,Humanities
DHAKA,DHAKA MAHANAGARI,KOTOALI,108498,MONIZA RAHMAN GIRLS SCHOOL & COLLEGE,Day,Bangla,Business Studies
DHAKA,DHAKA MAHANAGARI,KOTOALI,108510,SALIMULLAH COLLEGE,Day,Bangla,Humanities
DHAKA,DHAKA MAHANAGARI,KOTOALI,108510,SALIMULLAH COLLEGE,Day,Bangla,Business Studies
DHAKA,DHAKA MAHANAGARI,KOTOALI,108510,SALIMULLAH COLLEGE,Day,Bangla,Science
DHAKA,DHAKA MAHANAGARI,LALBAGH,108137,SHEIKH BORHANUDDIN COLLEGE,Day,Bangla,Business Studies
DHAKA,DHAKA MAHANAGARI,LALBAGH,108137,SHEIKH BORHANUDDIN COLLEGE,Day,Bangla,Humanities
DHAKA,DHAKA MAHANAGARI,LALBAGH,108137,SHEIKH BORHANUDDIN COLLEGE,Day,Bangla,Science
DHAKA,DHAKA MAHANAGARI,LALBAGH,108138,ANWARA BEGUM MUSLIM GIRLS' SCHOOL AND COLLEGE,Day,Bangla,Humanities
DHAKA,DHAKA MAHANAGARI,LALBAGH,108138,ANWARA BEGUM MUSLIM GIRLS' SCHOOL AND COLLEGE,Day,Bangla,Science
DHAKA,DHAKA MAHANAGARI,LALBAGH,108138,ANWARA BEGUM MUSLIM GIRLS' SCHOOL AND COLLEGE,Day,Bangla,Business Studies
DHAKA,DHAKA MAHANAGARI,LALBAGH,108145,RAHMATULLAH MODEL HIGH SCHOOL AND COLLEGE,Day,Bangla,Science
DHAKA,DHAKA MAHANAGARI,LALBAGH,108145,RAHMATULLAH MODEL HIGH SCHOOL AND COLLEGE,Day,Bangla,Humanities
DHAKA,DHAKA MAHANAGARI,LALBAGH,108145,RAHMATULLAH MODEL HIGH SCHOOL AND COLLEGE,Day,Bangla,Business Studies
DHAKA,DHAKA MAHANAGARI,LALBAGH,108146,ENGINEERING UNIVERSITY GIRLS' SCHOOL & COLLEGE,Morning,Bangla,Humanities
DHAKA,DHAKA MAHANAGARI,LALBAGH,108146,ENGINEERING UNIVERSITY GIRLS' SCHOOL & COLLEGE,Morning,Bangla,Business Studies
DHAKA,DHAKA MAHANAGARI,LALBAGH,108146,ENGINEERING UNIVERSITY GIRLS' SCHOOL & COLLEGE,Morning,Bangla,Science
DHAKA,DHAKA MAHANAGARI,LALBAGH,108154,NABAKUMAR INSTITUTION & DR. SHAHIDULLAH COLLEGE,Day,Bangla,Humanities
DHAKA,DHAKA MAHANAGARI,LALBAGH,108154,NABAKUMAR INSTITUTION & DR. SHAHIDULLAH COLLEGE,Day,Bangla,Science
DHAKA,DHAKA MAHANAGARI,LALBAGH,108154,NABAKUMAR INSTITUTION & DR. SHAHIDULLAH COLLEGE,Day,Bangla,Business Studies
DHAKA,DHAKA MAHANAGARI,LALBAGH,108155,BEGUM BADRUNNESSA GOVT. GIRLS' COLLEGE,Day,Bangla,Business Studies
DHAKA,DHAKA MAHANAGARI,LALBAGH,108155,BEGUM BADRUNNESSA GOVT. GIRLS' COLLEGE,Day,Bangla,Humanities
DHAKA,DHAKA MAHANAGARI,LALBAGH,108155,BEGUM BADRUNNESSA GOVT. GIRLS' COLLEGE,Day,Bangla,Science
DHAKA,DHAKA MAHANAGARI,LALBAGH,108156,HAJI SALIM DEGREE COLLEGE,Day,Bangla,Humanities
DHAKA,DHAKA MAHANAGARI,LALBAGH,108156,HAJI SALIM DEGREE COLLEGE,Day,Bangla,Business Studies
DHAKA,DHAKA MAHANAGARI,LALBAGH,108156,HAJI SALIM DEGREE COLLEGE,Day,Bangla,Science
DHAKA,DHAKA MAHANAGARI,LALBAGH,108158,GOVT. COLLEGE OF APPLIED HUMAN SCIENCE,Day,Bangla,
DHAKA,DHAKA MAHANAGARI,LALBAGH,108161,BIRSHRESHTHA NOOR MOHAMMAD PUBLIC COLLEGE,Day,English,Science
DHAKA,DHAKA MAHANAGARI,LALBAGH,108161,BIRSHRESHTHA NOOR MOHAMMAD PUBLIC COLLEGE,Day,English,Business Studies
DHAKA,DHAKA MAHANAGARI,LALBAGH,108161,BIRSHRESHTHA NOOR MOHAMMAD PUBLIC COLLEGE,Day,Bangla,Business Studies
DHAKA,DHAKA MAHANAGARI,LALBAGH,108161,BIRSHRESHTHA NOOR MOHAMMAD PUBLIC COLLEGE,Day,Bangla,Humanities
DHAKA,DHAKA MAHANAGARI,LALBAGH,108161,BIRSHRESHTHA NOOR MOHAMMAD PUBLIC COLLEGE,Day,Bangla,Science
DHAKA,DHAKA MAHANAGARI,LALBAGH,108161,BIRSHRESHTHA NOOR MOHAMMAD PUBLIC COLLEGE,Morning,English,Business Studies
DHAKA,DHAKA MAHANAGARI,LALBAGH,108161,BIRSHRESHTHA NOOR MOHAMMAD PUBLIC COLLEGE,Morning,English,Science
DHAKA,DHAKA MAHANAGARI,LALBAGH,108161,BIRSHRESHTHA NOOR MOHAMMAD PUBLIC COLLEGE,Morning,Bangla,Business Studies
DHAKA,DHAKA MAHANAGARI,LALBAGH,108161,BIRSHRESHTHA NOOR MOHAMMAD PUBLIC COLLEGE,Morning,Bangla,Humanities
DHAKA,DHAKA MAHANAGARI,LALBAGH,108161,BIRSHRESHTHA NOOR MOHAMMAD PUBLIC COLLEGE,Morning,Bangla,Science
DHAKA,DHAKA MAHANAGARI,LALBAGH,108163,AZIMPUR GOVT. GIRLS' SCHOOL AND COLLEGE,Morning,Bangla,Business Studies
DHAKA,DHAKA MAHANAGARI,LALBAGH,108163,AZIMPUR GOVT. GIRLS' SCHOOL AND COLLEGE,Morning,Bangla,Science
DHAKA,DHAKA MAHANAGARI,LALBAGH,108163,AZIMPUR GOVT. GIRLS' SCHOOL AND COLLEGE,Morning,Bangla,Humanities
DHAKA,DHAKA MAHANAGARI,LALBAGH,108164,AGRANI GIRLS' SCHOOL AND COLLEGE,Morning,Bangla,Business Studies
DHAKA,DHAKA MAHANAGARI,LALBAGH,108164,AGRANI GIRLS' SCHOOL AND COLLEGE,Morning,Bangla,Humanities
DHAKA,DHAKA MAHANAGARI,LALBAGH,108164,AGRANI GIRLS' SCHOOL AND COLLEGE,Morning,Bangla,Science
DHAKA,DHAKA MAHANAGARI,LALBAGH,108165,SALEHA UCHCHA MADHYAMIK BIDYALAYA,Day,Bangla,Humanities
DHAKA,DHAKA MAHANAGARI,LALBAGH,108165,SALEHA UCHCHA MADHYAMIK BIDYALAYA,Day,Bangla,Business Studies
DHAKA,DHAKA MAHANAGARI,LALBAGH,108165,SALEHA UCHCHA MADHYAMIK BIDYALAYA,Day,Bangla,Science
DHAKA,DHAKA MAHANAGARI,LALBAGH,108166,NUTON PALTAN LINE UCCHA MADHYAMIC BIDYALAYA,Morning,Bangla,Business Studies
DHAKA,DHAKA MAHANAGARI,LALBAGH,108166,NUTON PALTAN LINE UCCHA MADHYAMIC BIDYALAYA,Morning,Bangla,Humanities
DHAKA,DHAKA MAHANAGARI,LALBAGH,108166,NUTON PALTAN LINE UCCHA MADHYAMIC BIDYALAYA,Morning,Bangla,Science
DHAKA,DHAKA MAHANAGARI,LALBAGH,130642,RAYHAN COLLEGE,Day,Bangla,Science
DHAKA,DHAKA MAHANAGARI,LALBAGH,130642,RAYHAN COLLEGE,Day,Bangla,Humanities
DHAKA,DHAKA MAHANAGARI,LALBAGH,130642,RAYHAN COLLEGE,Day,Bangla,Business Studies
DHAKA,DHAKA MAHANAGARI,LALBAGH,132081,LALBAGH GOVT. MODEL SCHOOL AND COLLEGE,Day,Bangla,Humanities
DHAKA,DHAKA MAHANAGARI,LALBAGH,132081,LALBAGH GOVT. MODEL SCHOOL AND COLLEGE,Day,Bangla,Business Studies
DHAKA,DHAKA MAHANAGARI,LALBAGH,132081,LALBAGH GOVT. MODEL SCHOOL AND COLLEGE,Day,Bangla,Science
DHAKA,DHAKA MAHANAGARI,LALBAGH,134596,ISLAMBAGH IDEAL COLLEGE,Day,Bangla,Business Studies
DHAKA,DHAKA MAHANAGARI,LALBAGH,134596,ISLAMBAGH IDEAL COLLEGE,Day,Bangla,Science
DHAKA,DHAKA MAHANAGARI,LALBAGH,134596,ISLAMBAGH IDEAL COLLEGE,Day,Bangla,Humanities
DHAKA,DHAKA MAHANAGARI,LALBAGH,137786,SAFIR IDEAL SCHOOL & COLLEGE,Day,Bangla,Business Studies
DHAKA,DHAKA MAHANAGARI,LALBAGH,137786,SAFIR IDEAL SCHOOL & COLLEGE,Day,Bangla,Science
DHAKA,DHAKA MAHANAGARI,LALBAGH,137786,SAFIR IDEAL SCHOOL & COLLEGE,Day,Bangla,Humanities
DHAKA,DHAKA MAHANAGARI,MIRPUR,108181,MONIPUR UCCHA BIDDALAYA & COLLEGE,Day,Bangla,Science
DHAKA,DHAKA MAHANAGARI,MIRPUR,108181,MONIPUR UCCHA BIDDALAYA & COLLEGE,Day,English,Business Studies
DHAKA,DHAKA MAHANAGARI,MIRPUR,108181,MONIPUR UCCHA BIDDALAYA & COLLEGE,Day,English,Science
DHAKA,DHAKA MAHANAGARI,MIRPUR,108181,MONIPUR UCCHA BIDDALAYA & COLLEGE,Day,Bangla,Business Studies
DHAKA,DHAKA MAHANAGARI,MIRPUR,108188,MIRPUR BANGLA SCHOOL AND COLLEGE,Morning,Bangla,Science
DHAKA,DHAKA MAHANAGARI,MIRPUR,108188,MIRPUR BANGLA SCHOOL AND COLLEGE,Morning,Bangla,Humanities
DHAKA,DHAKA MAHANAGARI,MIRPUR,108188,MIRPUR BANGLA SCHOOL AND COLLEGE,Morning,Bangla,Business Studies
DHAKA,DHAKA MAHANAGARI,MIRPUR,108206,MIRPUR COLLEGE,Morning,Bangla,Science
DHAKA,DHAKA MAHANAGARI,MIRPUR,108206,MIRPUR COLLEGE,Morning,Bangla,Business Studies
DHAKA,DHAKA MAHANAGARI,MIRPUR,108206,MIRPUR COLLEGE,Morning,Bangla,Humanities
DHAKA,DHAKA MAHANAGARI,MIRPUR,108207,DHAKA COMMERCE COLLEGE,Day,English,Business Studies
DHAKA,DHAKA MAHANAGARI,MIRPUR,108207,DHAKA COMMERCE COLLEGE,Day,Bangla,Science
DHAKA,DHAKA MAHANAGARI,MIRPUR,108207,DHAKA COMMERCE COLLEGE,Day,Bangla,Business Studies
DHAKA,DHAKA MAHANAGARI,MIRPUR,108207,DHAKA COMMERCE COLLEGE,Day,English,Science
DHAKA,DHAKA MAHANAGARI,MIRPUR,108208,DHAKA MODERN COLLEGE,Day,Bangla,Science
DHAKA,DHAKA MAHANAGARI,MIRPUR,108208,DHAKA MODERN COLLEGE,Day,Bangla,Business Studies
DHAKA,DHAKA MAHANAGARI,MIRPUR,108208,DHAKA MODERN COLLEGE,Day,Bangla,Humanities
DHAKA,DHAKA MAHANAGARI,MIRPUR,108209,HAZRAT SHAH ALI MOHILA COLLEGE,Day,Bangla,Business Studies
DHAKA,DHAKA MAHANAGARI,MIRPUR,108209,HAZRAT SHAH ALI MOHILA COLLEGE,Day,Bangla,Humanities
DHAKA,DHAKA MAHANAGARI,MIRPUR,108209,HAZRAT SHAH ALI MOHILA COLLEGE,Day,Bangla,Science
DHAKA,DHAKA MAHANAGARI,MIRPUR,108210,GOVT. BANGLA COLLEGE,Day,Bangla,Business Studies
DHAKA,DHAKA MAHANAGARI,MIRPUR,108210,GOVT. BANGLA COLLEGE,Day,Bangla,Science
DHAKA,DHAKA MAHANAGARI,MIRPUR,108210,GOVT. BANGLA COLLEGE,Day,Bangla,Humanities
DHAKA,DHAKA MAHANAGARI,MIRPUR,108212,SHEIKH FAZILATUNNESSA GOVT. MOHILA COLLEGE,Day,Bangla,Science
DHAKA,DHAKA MAHANAGARI,MIRPUR,108212,SHEIKH FAZILATUNNESSA GOVT. MOHILA COLLEGE,Day,Bangla,Humanities
DHAKA,DHAKA MAHANAGARI,MIRPUR,108212,SHEIKH FAZILATUNNESSA GOVT. MOHILA COLLEGE,Day,Bangla,Business Studies
DHAKA,DHAKA MAHANAGARI,MIRPUR,108214,BANOPHOOL ADIBASHI GREEN HEART COLLEGE,Day,Bangla,Science
DHAKA,DHAKA MAHANAGARI,MIRPUR,108214,BANOPHOOL ADIBASHI GREEN HEART COLLEGE,Day,Bangla,Humanities
DHAKA,DHAKA MAHANAGARI,MIRPUR,108214,BANOPHOOL ADIBASHI GREEN HEART COLLEGE,Day,Bangla,Business Studies
DHAKA,DHAKA MAHANAGARI,MIRPUR,108214,BANOPHOOL ADIBASHI GREEN HEART COLLEGE,Morning,English,Science
DHAKA,DHAKA MAHANAGARI,MIRPUR,108214,BANOPHOOL ADIBASHI GREEN HEART COLLEGE,Morning,Bangla,Science
DHAKA,DHAKA MAHANAGARI,MIRPUR,108214,BANOPHOOL ADIBASHI GREEN HEART COLLEGE,Morning,Bangla,Business Studies
DHAKA,DHAKA MAHANAGARI,MIRPUR,108215,S O S HERMANN GMEINER COLLEGE,Morning,Bangla,Science
DHAKA,DHAKA MAHANAGARI,MIRPUR,108216,RAJDHANI MOHILA COLLEGE,Day,Bangla,Science
DHAKA,DHAKA MAHANAGARI,MIRPUR,108216,RAJDHANI MOHILA COLLEGE,Day,Bangla,Humanities
DHAKA,DHAKA MAHANAGARI,MIRPUR,108216,RAJDHANI MOHILA COLLEGE,Day,Bangla,Business Studies
DHAKA,DHAKA MAHANAGARI,MIRPUR,108217,"BASHIRUDDIN ADARSHA UCHCHA MADHYAMIK BIDYALAYA, MIRPUR",Day,Bangla,Business Studies
DHAKA,DHAKA MAHANAGARI,MIRPUR,108217,"BASHIRUDDIN ADARSHA UCHCHA MADHYAMIK BIDYALAYA, MIRPUR",Day,Bangla,Humanities
DHAKA,DHAKA MAHANAGARI,MIRPUR,108217,"BASHIRUDDIN ADARSHA UCHCHA MADHYAMIK BIDYALAYA, MIRPUR",Day,Bangla,Science
DHAKA,DHAKA MAHANAGARI,MIRPUR,108218,KALLYANPUR GIRLS' SCHOOL & COLLEGE,Day,Bangla,Humanities
DHAKA,DHAKA MAHANAGARI,MIRPUR,108218,KALLYANPUR GIRLS' SCHOOL & COLLEGE,Day,Bangla,Business Studies
DHAKA,DHAKA MAHANAGARI,MIRPUR,108218,KALLYANPUR GIRLS' SCHOOL & COLLEGE,Day,Bangla,Science
DHAKA,DHAKA MAHANAGARI,MIRPUR,108222,B C I C COLLEGE,Day,Bangla,Business Studies
DHAKA,DHAKA MAHANAGARI,MIRPUR,108222,B C I C COLLEGE,Day,Bangla,Science
DHAKA,DHAKA MAHANAGARI,MIRPUR,108222,B C I C COLLEGE,Morning,Bangla,Science
DHAKA,DHAKA MAHANAGARI,MIRPUR,108222,B C I C COLLEGE,Morning,Bangla,Humanities
DHAKA,DHAKA MAHANAGARI,MIRPUR,108222,B C I C COLLEGE,Morning,Bangla,Business Studies
DHAKA,DHAKA MAHANAGARI,MIRPUR,108222,B C I C COLLEGE,Day,Bangla,Humanities
DHAKA,DHAKA MAHANAGARI,MIRPUR,108223,DHAKA SHIKSHA BOARD LABORATORY SCHOOL & COLLEGE,Morning,Bangla,Science
DHAKA,DHAKA MAHANAGARI,MIRPUR,108223,DHAKA SHIKSHA BOARD LABORATORY SCHOOL & COLLEGE,Morning,Bangla,Humanities
DHAKA,DHAKA MAHANAGARI,MIRPUR,108223,DHAKA SHIKSHA BOARD LABORATORY SCHOOL & COLLEGE,Morning,Bangla,Business Studies
DHAKA,DHAKA MAHANAGARI,MIRPUR,130926,UNIVERSE COLLEGE,Day,Bangla,Business Studies
DHAKA,DHAKA MAHANAGARI,MIRPUR,130926,UNIVERSE COLLEGE,Day,Bangla,Science
DHAKA,DHAKA MAHANAGARI,MIRPUR,130926,UNIVERSE COLLEGE,Day,Bangla,Humanities
DHAKA,DHAKA MAHANAGARI,MIRPUR,131878,HARUN MOLLAH COLLEGE,Day,Bangla,Humanities
DHAKA,DHAKA MAHANAGARI,MIRPUR,131878,HARUN MOLLAH COLLEGE,Day,Bangla,Business Studies
DHAKA,DHAKA MAHANAGARI,MIRPUR,131878,HARUN MOLLAH COLLEGE,Day,Bangla,Science
DHAKA,DHAKA MAHANAGARI,MIRPUR,132085,AHSANIA MISSION COLLEGE,Day,Bangla,Science
DHAKA,DHAKA MAHANAGARI,MIRPUR,132085,AHSANIA MISSION COLLEGE,Day,Bangla,Business Studies
DHAKA,DHAKA MAHANAGARI,MIRPUR,132127,SHAHEED POLICE SMRITY COLLEGE,Morning,Bangla,Humanities
DHAKA,DHAKA MAHANAGARI,MIRPUR,132127,SHAHEED POLICE SMRITY COLLEGE,Day,Bangla,Science
DHAKA,DHAKA MAHANAGARI,MIRPUR,132127,SHAHEED POLICE SMRITY COLLEGE,Morning,Bangla,Business Studies
DHAKA,DHAKA MAHANAGARI,MIRPUR,132127,SHAHEED POLICE SMRITY COLLEGE,Morning,Bangla,Science
DHAKA,DHAKA MAHANAGARI,MIRPUR,132127,SHAHEED POLICE SMRITY COLLEGE,Day,Bangla,Humanities
DHAKA,DHAKA MAHANAGARI,MIRPUR,132127,SHAHEED POLICE SMRITY COLLEGE,Day,Bangla,Business Studies
DHAKA,DHAKA MAHANAGARI,MIRPUR,132141,SHAROJ INTERNATIONAL COLLEGE,Day,Bangla,Business Studies
DHAKA,DHAKA MAHANAGARI,MIRPUR,132141,SHAROJ INTERNATIONAL COLLEGE,Day,Bangla,Science
DHAKA,DHAKA MAHANAGARI,MIRPUR,132200,GOVERNMENT RUPNAGAR MODEL SCHOOL AND COLLEGE,Day,Bangla,Humanities
DHAKA,DHAKA MAHANAGARI,MIRPUR,132200,GOVERNMENT RUPNAGAR MODEL SCHOOL AND COLLEGE,Day,Bangla,Science
DHAKA,DHAKA MAHANAGARI,MIRPUR,132200,GOVERNMENT RUPNAGAR MODEL SCHOOL AND COLLEGE,Day,Bangla,Business Studies
DHAKA,DHAKA MAHANAGARI,MIRPUR,133798,DHAKA MODEL COLLEGE,Day,Bangla,Business Studies
DHAKA,DHAKA MAHANAGARI,MIRPUR,133798,DHAKA MODEL COLLEGE,Day,Bangla,Science
DHAKA,DHAKA MAHANAGARI,MIRPUR,133798,DHAKA MODEL COLLEGE,Day,Bangla,Humanities
DHAKA,DHAKA MAHANAGARI,MIRPUR,134180,GREEN FIELD COLLEGE,Morning,English,Science
DHAKA,DHAKA MAHANAGARI,MIRPUR,134180,GREEN FIELD COLLEGE,Morning,Bangla,Science
DHAKA,DHAKA MAHANAGARI,MIRPUR,134180,GREEN FIELD COLLEGE,Morning,Bangla,Business Studies
DHAKA,DHAKA MAHANAGARI,MIRPUR,134180,GREEN FIELD COLLEGE,Morning,Bangla,Humanities
DHAKA,DHAKA MAHANAGARI,MIRPUR,134216,PRIME CITY INTERNATIONAL COLLEGE,Day,Bangla,Humanities
DHAKA,DHAKA MAHANAGARI,MIRPUR,134216,PRIME CITY INTERNATIONAL COLLEGE,Day,Bangla,Business Studies
DHAKA,DHAKA MAHANAGARI,MIRPUR,134216,PRIME CITY INTERNATIONAL COLLEGE,Day,Bangla,Science
DHAKA,DHAKA MAHANAGARI,MIRPUR,134478,FM INTERNATIONAL COLLEGE,Day,Bangla,Business Studies
DHAKA,DHAKA MAHANAGARI,MIRPUR,134478,FM INTERNATIONAL COLLEGE,Day,Bangla,Science
DHAKA,DHAKA MAHANAGARI,MIRPUR,134607,NEW CASTLE COLLEGE,Day,Bangla,Science
DHAKA,DHAKA MAHANAGARI,MIRPUR,134607,NEW CASTLE COLLEGE,Day,Bangla,Business Studies
DHAKA,DHAKA MAHANAGARI,MIRPUR,134607,NEW CASTLE COLLEGE,Day,Bangla,Humanities
DHAKA,DHAKA MAHANAGARI,MIRPUR,136788,MIRPUR CANTONMENT PUBLIC SCHOOL & COLLEGE,Day,Bangla,Business Studies
DHAKA,DHAKA MAHANAGARI,MIRPUR,136788,MIRPUR CANTONMENT PUBLIC SCHOOL & COLLEGE,Day,Bangla,Humanities
DHAKA,DHAKA MAHANAGARI,MIRPUR,136788,MIRPUR CANTONMENT PUBLIC SCHOOL & COLLEGE,Day,English,Science
DHAKA,DHAKA MAHANAGARI,MIRPUR,136788,MIRPUR CANTONMENT PUBLIC SCHOOL & COLLEGE,Day,Bangla,Science
DHAKA,DHAKA MAHANAGARI,MIRPUR,136850,NORTH WESTERN COLLEGE,Morning,Bangla,Business Studies
DHAKA,DHAKA MAHANAGARI,MIRPUR,136850,NORTH WESTERN COLLEGE,Morning,Bangla,Science
DHAKA,DHAKA MAHANAGARI,MIRPUR,136850,NORTH WESTERN COLLEGE,Morning,Bangla,Humanities
DHAKA,DHAKA MAHANAGARI,MIRPUR,137677,PRIME SCHOLARS COLLEGE,Day,Bangla,Humanities
DHAKA,DHAKA MAHANAGARI,MIRPUR,137677,PRIME SCHOLARS COLLEGE,Day,Bangla,Science
DHAKA,DHAKA MAHANAGARI,MIRPUR,137677,PRIME SCHOLARS COLLEGE,Day,Bangla,Business Studies
DHAKA,DHAKA MAHANAGARI,MIRPUR,138449,MIRPUR ENGLISH VERSION COLLEGE,Morning,Bangla,Humanities
DHAKA,DHAKA MAHANAGARI,MIRPUR,138449,MIRPUR ENGLISH VERSION COLLEGE,Morning,Bangla,Business Studies
DHAKA,DHAKA MAHANAGARI,MIRPUR,138449,MIRPUR ENGLISH VERSION COLLEGE,Morning,Bangla,Science
DHAKA,DHAKA MAHANAGARI,MIRPUR,138449,MIRPUR ENGLISH VERSION COLLEGE,Morning,English,Science
DHAKA,DHAKA MAHANAGARI,MIRPUR,138449,MIRPUR ENGLISH VERSION COLLEGE,Morning,English,Humanities
DHAKA,DHAKA MAHANAGARI,MIRPUR,138449,MIRPUR ENGLISH VERSION COLLEGE,Morning,English,Business Studies
DHAKA,DHAKA MAHANAGARI,MIRPUR,138894,MIRPUR GIRLS IDEAL COLLEGE,Morning,Bangla,Science
DHAKA,DHAKA MAHANAGARI,MIRPUR,138894,MIRPUR GIRLS IDEAL COLLEGE,Morning,Bangla,Humanities
DHAKA,DHAKA MAHANAGARI,MIRPUR,138894,MIRPUR GIRLS IDEAL COLLEGE,Morning,Bangla,Business Studies
DHAKA,DHAKA MAHANAGARI,MIRPUR,138960,MIRPUR SCIENCE COLLEGE,Morning,Bangla,Science
DHAKA,DHAKA MAHANAGARI,MOHAMMADPUR,107981,DHAKA STATE COLLEGE,Day,Bangla,Humanities
DHAKA,DHAKA MAHANAGARI,MOHAMMADPUR,107981,DHAKA STATE COLLEGE,Day,Bangla,Science
DHAKA,DHAKA MAHANAGARI,MOHAMMADPUR,107981,DHAKA STATE COLLEGE,Day,Bangla,Business Studies
DHAKA,DHAKA MAHANAGARI,MOHAMMADPUR,108227,LALMATIA GIRLS' HIGH SCHOOL AND COLLEGE,Day,Bangla,Business Studies
DHAKA,DHAKA MAHANAGARI,MOHAMMADPUR,108227,LALMATIA GIRLS' HIGH SCHOOL AND COLLEGE,Day,Bangla,Science
DHAKA,DHAKA MAHANAGARI,MOHAMMADPUR,108239,GOVT. JAMILA AYEENUL ANANDA BIDDALAY & COLLEGE,Day,Bangla,Science
DHAKA,DHAKA MAHANAGARI,MOHAMMADPUR,108239,GOVT. JAMILA AYEENUL ANANDA BIDDALAY & COLLEGE,Day,Bangla,Humanities
DHAKA,DHAKA MAHANAGARI,MOHAMMADPUR,108239,GOVT. JAMILA AYEENUL ANANDA BIDDALAY & COLLEGE,Day,Bangla,Business Studies
DHAKA,DHAKA MAHANAGARI,MOHAMMADPUR,108251,LALMATIA GOVT. MOHILA COLLEGE,Day,Bangla,Science
DHAKA,DHAKA MAHANAGARI,MOHAMMADPUR,108251,LALMATIA GOVT. MOHILA COLLEGE,Day,Bangla,Business Studies
DHAKA,DHAKA MAHANAGARI,MOHAMMADPUR,108251,LALMATIA GOVT. MOHILA COLLEGE,Day,Bangla,Humanities
DHAKA,DHAKA MAHANAGARI,MOHAMMADPUR,108252,ALHAZ MOCKBUL HOSSAIN COLLEGE,Day,Bangla,Business Studies
DHAKA,DHAKA MAHANAGARI,MOHAMMADPUR,108252,ALHAZ MOCKBUL HOSSAIN COLLEGE,Day,Bangla,Humanities
DHAKA,DHAKA MAHANAGARI,MOHAMMADPUR,108252,ALHAZ MOCKBUL HOSSAIN COLLEGE,Day,Bangla,Science
DHAKA,DHAKA MAHANAGARI,MOHAMMADPUR,108254,MOHAMMADPUR KENDRYO COLLEGE,Day,Bangla,Humanities
DHAKA,DHAKA MAHANAGARI,MOHAMMADPUR,108254,MOHAMMADPUR KENDRYO COLLEGE,Day,Bangla,Business Studies
DHAKA,DHAKA MAHANAGARI,MOHAMMADPUR,108254,MOHAMMADPUR KENDRYO COLLEGE,Day,Bangla,Science
DHAKA,DHAKA MAHANAGARI,MOHAMMADPUR,108255,MOHAMMADPUR MOHILA COLLEGE,Morning,Bangla,Humanities
DHAKA,DHAKA MAHANAGARI,MOHAMMADPUR,108255,MOHAMMADPUR MOHILA COLLEGE,Morning,Bangla,Business Studies
DHAKA,DHAKA MAHANAGARI,MOHAMMADPUR,108255,MOHAMMADPUR MOHILA COLLEGE,Morning,Bangla,Science
DHAKA,DHAKA MAHANAGARI,MOHAMMADPUR,108256,SHEIKH BAZLUR RAHMAN COLLEGE,Day,Bangla,Business Studies
DHAKA,DHAKA MAHANAGARI,MOHAMMADPUR,108256,SHEIKH BAZLUR RAHMAN COLLEGE,Day,Bangla,Science
DHAKA,DHAKA MAHANAGARI,MOHAMMADPUR,108256,SHEIKH BAZLUR RAHMAN COLLEGE,Day,Bangla,Humanities
DHAKA,DHAKA MAHANAGARI,MOHAMMADPUR,108258,DHAKA RESIDENTIAL MODEL COLLEGE,Morning,English,Business Studies
DHAKA,DHAKA MAHANAGARI,MOHAMMADPUR,108258,DHAKA RESIDENTIAL MODEL COLLEGE,Day,Bangla,Science
DHAKA,DHAKA MAHANAGARI,MOHAMMADPUR,108258,DHAKA RESIDENTIAL MODEL COLLEGE,Day,Bangla,Humanities
DHAKA,DHAKA MAHANAGARI,MOHAMMADPUR,108258,DHAKA RESIDENTIAL MODEL COLLEGE,Day,Bangla,Business Studies
DHAKA,DHAKA MAHANAGARI,MOHAMMADPUR,108258,DHAKA RESIDENTIAL MODEL COLLEGE,Day,English,Science
DHAKA,DHAKA MAHANAGARI,MOHAMMADPUR,108258,DHAKA RESIDENTIAL MODEL COLLEGE,Day,English,Business Studies
DHAKA,DHAKA MAHANAGARI,MOHAMMADPUR,108258,DHAKA RESIDENTIAL MODEL COLLEGE,Morning,Bangla,Science
DHAKA,DHAKA MAHANAGARI,MOHAMMADPUR,108258,DHAKA RESIDENTIAL MODEL COLLEGE,Morning,Bangla,Humanities
DHAKA,DHAKA MAHANAGARI,MOHAMMADPUR,108258,DHAKA RESIDENTIAL MODEL COLLEGE,Morning,Bangla,Business Studies
DHAKA,DHAKA MAHANAGARI,MOHAMMADPUR,108258,DHAKA RESIDENTIAL MODEL COLLEGE,Morning,English,Science
DHAKA,DHAKA MAHANAGARI,MOHAMMADPUR,108259,ST. JOSEPH HIGHER SECONDARY SCHOOL,Day,Bangla,Science
DHAKA,DHAKA MAHANAGARI,MOHAMMADPUR,108259,ST. JOSEPH HIGHER SECONDARY SCHOOL,Day,Bangla,Humanities
DHAKA,DHAKA MAHANAGARI,MOHAMMADPUR,108259,ST. JOSEPH HIGHER SECONDARY SCHOOL,Day,Bangla,Business Studies
DHAKA,DHAKA MAHANAGARI,MOHAMMADPUR,108259,ST. JOSEPH HIGHER SECONDARY SCHOOL,Day,English,Science
DHAKA,DHAKA MAHANAGARI,MOHAMMADPUR,108260,KISHOLOY BALIKA BIDDALOY O COLLEGE,Day,Bangla,Science
DHAKA,DHAKA MAHANAGARI,MOHAMMADPUR,108260,KISHOLOY BALIKA BIDDALOY O COLLEGE,Day,Bangla,Business Studies
DHAKA,DHAKA MAHANAGARI,MOHAMMADPUR,108260,KISHOLOY BALIKA BIDDALOY O COLLEGE,Day,Bangla,Humanities
DHAKA,DHAKA MAHANAGARI,MOHAMMADPUR,108261,LALMATIA SCHOOL & COLLEGE,Day,Bangla,Business Studies
DHAKA,DHAKA MAHANAGARI,MOHAMMADPUR,108261,LALMATIA SCHOOL & COLLEGE,Day,Bangla,Humanities
DHAKA,DHAKA MAHANAGARI,MOHAMMADPUR,108261,LALMATIA SCHOOL & COLLEGE,Day,Bangla,Science
DHAKA,DHAKA MAHANAGARI,MOHAMMADPUR,108263,BADSHAH FAISAL INSTITUTE (HIGHER SECONDARY SCHOOL),Day,Bangla,Business Studies
DHAKA,DHAKA MAHANAGARI,MOHAMMADPUR,108263,BADSHAH FAISAL INSTITUTE (HIGHER SECONDARY SCHOOL),Day,Bangla,Science
DHAKA,DHAKA MAHANAGARI,MOHAMMADPUR,108264,GOVT. MOHAMMADPUR MODEL SCHOOL & COLLEGE,Morning,Bangla,Science
DHAKA,DHAKA MAHANAGARI,MOHAMMADPUR,108264,GOVT. MOHAMMADPUR MODEL SCHOOL & COLLEGE,Morning,Bangla,Business Studies
DHAKA,DHAKA MAHANAGARI,MOHAMMADPUR,108264,GOVT. MOHAMMADPUR MODEL SCHOOL & COLLEGE,Day,Bangla,Science
DHAKA,DHAKA MAHANAGARI,MOHAMMADPUR,108264,GOVT. MOHAMMADPUR MODEL SCHOOL & COLLEGE,Day,Bangla,Humanities
DHAKA,DHAKA MAHANAGARI,MOHAMMADPUR,108264,GOVT. MOHAMMADPUR MODEL SCHOOL & COLLEGE,Day,Bangla,Business Studies
DHAKA,DHAKA MAHANAGARI,MOHAMMADPUR,108264,GOVT. MOHAMMADPUR MODEL SCHOOL & COLLEGE,Morning,Bangla,Humanities
DHAKA,DHAKA MAHANAGARI,MOHAMMADPUR,130560,QUEEN'S COLLEGE,Morning,English,Science
DHAKA,DHAKA MAHANAGARI,MOHAMMADPUR,130560,QUEEN'S COLLEGE,Morning,Bangla,Business Studies
DHAKA,DHAKA MAHANAGARI,MOHAMMADPUR,130560,QUEEN'S COLLEGE,Morning,Bangla,Science
DHAKA,DHAKA MAHANAGARI,MOHAMMADPUR,130560,QUEEN'S COLLEGE,Morning,English,Business Studies
DHAKA,DHAKA MAHANAGARI,MOHAMMADPUR,130583,LAUREL INTERNATIONAL COLLEGE,Day,Bangla,Business Studies
DHAKA,DHAKA MAHANAGARI,MOHAMMADPUR,130583,LAUREL INTERNATIONAL COLLEGE,Day,Bangla,Humanities
DHAKA,DHAKA MAHANAGARI,MOHAMMADPUR,130583,LAUREL INTERNATIONAL COLLEGE,Day,Bangla,Science
DHAKA,DHAKA MAHANAGARI,MOHAMMADPUR,131916,FIROZA BASHAR IDEAL COLLEGE,Day,Bangla,Humanities
DHAKA,DHAKA MAHANAGARI,MOHAMMADPUR,131916,FIROZA BASHAR IDEAL COLLEGE,Day,Bangla,Science
DHAKA,DHAKA MAHANAGARI,MOHAMMADPUR,131916,FIROZA BASHAR IDEAL COLLEGE,Day,Bangla,Business Studies
DHAKA,DHAKA MAHANAGARI,MOHAMMADPUR,131916,FIROZA BASHAR IDEAL COLLEGE,Morning,Bangla,Science
DHAKA,DHAKA MAHANAGARI,MOHAMMADPUR,131916,FIROZA BASHAR IDEAL COLLEGE,Morning,Bangla,Humanities
DHAKA,DHAKA MAHANAGARI,MOHAMMADPUR,131916,FIROZA BASHAR IDEAL COLLEGE,Morning,Bangla,Business Studies
DHAKA,DHAKA MAHANAGARI,MOHAMMADPUR,131919,ALHERA COLLEGE,Day,Bangla,Business Studies
DHAKA,DHAKA MAHANAGARI,MOHAMMADPUR,131919,ALHERA COLLEGE,Day,Bangla,Science
DHAKA,DHAKA MAHANAGARI,MOHAMMADPUR,131919,ALHERA COLLEGE,Day,Bangla,Humanities
DHAKA,DHAKA MAHANAGARI,MOHAMMADPUR,132107,MOHAMMADPUR PREPARATORY SCHOOL & COLLEGE,Morning,Bangla,Humanities
DHAKA,DHAKA MAHANAGARI,MOHAMMADPUR,132107,MOHAMMADPUR PREPARATORY SCHOOL & COLLEGE,Morning,Bangla,Science
DHAKA,DHAKA MAHANAGARI,MOHAMMADPUR,132107,MOHAMMADPUR PREPARATORY SCHOOL & COLLEGE,,English,Business Studies
DHAKA,DHAKA MAHANAGARI,MOHAMMADPUR,132107,MOHAMMADPUR PREPARATORY SCHOOL & COLLEGE,,English,Science
DHAKA,DHAKA MAHANAGARI,MOHAMMADPUR,132107,MOHAMMADPUR PREPARATORY SCHOOL & COLLEGE,,Bangla,Science
DHAKA,DHAKA MAHANAGARI,MOHAMMADPUR,132107,MOHAMMADPUR PREPARATORY SCHOOL & COLLEGE,Morning,Bangla,Business Studies
DHAKA,DHAKA MAHANAGARI,MOHAMMADPUR,132107,MOHAMMADPUR PREPARATORY SCHOOL & COLLEGE,Day,English,Science
DHAKA,DHAKA MAHANAGARI,MOHAMMADPUR,132107,MOHAMMADPUR PREPARATORY SCHOOL & COLLEGE,Day,English,Business Studies
DHAKA,DHAKA MAHANAGARI,MOHAMMADPUR,132107,MOHAMMADPUR PREPARATORY SCHOOL & COLLEGE,,Bangla,Business Studies
DHAKA,DHAKA MAHANAGARI,MOHAMMADPUR,132162,MOHAMMADPUR GOVT. COLLEGE,Day,Bangla,Business Studies
DHAKA,DHAKA MAHANAGARI,MOHAMMADPUR,132162,MOHAMMADPUR GOVT. COLLEGE,Day,Bangla,Science
DHAKA,DHAKA MAHANAGARI,MOHAMMADPUR,132162,MOHAMMADPUR GOVT. COLLEGE,Day,Bangla,Humanities
DHAKA,DHAKA MAHANAGARI,MOHAMMADPUR,133997,LYCEUM COLLEGE,Day,Bangla,Business Studies
DHAKA,DHAKA MAHANAGARI,MOHAMMADPUR,133997,LYCEUM COLLEGE,Day,Bangla,Science
DHAKA,DHAKA MAHANAGARI,MOHAMMADPUR,134446,WINSOME COLLEGE,Day,Bangla,Science
DHAKA,DHAKA MAHANAGARI,MOHAMMADPUR,134446,WINSOME COLLEGE,Day,Bangla,Business Studies
DHAKA,DHAKA MAHANAGARI,MOHAMMADPUR,134614,MISSION INTERNATIONAL COLLEGE,Day,Bangla,Humanities
DHAKA,DHAKA MAHANAGARI,MOHAMMADPUR,134614,MISSION INTERNATIONAL COLLEGE,Day,Bangla,Business Studies
DHAKA,DHAKA MAHANAGARI,MOHAMMADPUR,134614,MISSION INTERNATIONAL COLLEGE,Day,Bangla,Science
DHAKA,DHAKA MAHANAGARI,MOHAMMADPUR,136836,SUNWAY SCHOOL AND COLLEGE,Day,Bangla,Business Studies
DHAKA,DHAKA MAHANAGARI,MOHAMMADPUR,136836,SUNWAY SCHOOL AND COLLEGE,Day,Bangla,Science
DHAKA,DHAKA MAHANAGARI,MOHAMMADPUR,136907,SHYAMOLI IDEAL COLLEGE,Day,Bangla,Humanities
DHAKA,DHAKA MAHANAGARI,MOHAMMADPUR,136907,SHYAMOLI IDEAL COLLEGE,Day,Bangla,Science
DHAKA,DHAKA MAHANAGARI,MOHAMMADPUR,136907,SHYAMOLI IDEAL COLLEGE,Day,Bangla,Business Studies
DHAKA,DHAKA MAHANAGARI,MOHAMMADPUR,137590,DHAKA UDYAN GOVT. COLLEGE,Day,Bangla,Humanities
DHAKA,DHAKA MAHANAGARI,MOHAMMADPUR,137590,DHAKA UDYAN GOVT. COLLEGE,Day,Bangla,Business Studies
DHAKA,DHAKA MAHANAGARI,MOHAMMADPUR,137590,DHAKA UDYAN GOVT. COLLEGE,Day,Bangla,Science
DHAKA,DHAKA MAHANAGARI,MOHAMMADPUR,138808,SHURER DHARA COLLEGE OF MUSIC,Day,Bangla,
DHAKA,DHAKA MAHANAGARI,MOHAMMADPUR,138808,SHURER DHARA COLLEGE OF MUSIC,Day,Bangla,Humanities
DHAKA,DHAKA MAHANAGARI,MOTIJHEEL,108274,NOTRE DAME COLLEGE,Day,Bangla,Science
DHAKA,DHAKA MAHANAGARI,MOTIJHEEL,108274,NOTRE DAME COLLEGE,Day,English,Science
DHAKA,DHAKA MAHANAGARI,MOTIJHEEL,108274,NOTRE DAME COLLEGE,Day,Bangla,Humanities
DHAKA,DHAKA MAHANAGARI,MOTIJHEEL,108274,NOTRE DAME COLLEGE,Day,Bangla,Business Studies
DHAKA,DHAKA MAHANAGARI,MOTIJHEEL,108276,PURANA PALTAN COLLEGE,Morning,Bangla,Humanities
DHAKA,DHAKA MAHANAGARI,MOTIJHEEL,108276,PURANA PALTAN COLLEGE,Morning,Bangla,Business Studies
DHAKA,DHAKA MAHANAGARI,MOTIJHEEL,108276,PURANA PALTAN COLLEGE,Morning,Bangla,Science
DHAKA,DHAKA MAHANAGARI,MOTIJHEEL,108277,"IDEAL SCHOOL AND COLLEGE, MOTIJHEEL",Morning,Bangla,Humanities
DHAKA,DHAKA MAHANAGARI,MOTIJHEEL,108277,"IDEAL SCHOOL AND COLLEGE, MOTIJHEEL",Morning,Bangla,Business Studies
DHAKA,DHAKA MAHANAGARI,MOTIJHEEL,108277,"IDEAL SCHOOL AND COLLEGE, MOTIJHEEL",Morning,Bangla,Science
DHAKA,DHAKA MAHANAGARI,MOTIJHEEL,108277,"IDEAL SCHOOL AND COLLEGE, MOTIJHEEL",Morning,English,Science
DHAKA,DHAKA MAHANAGARI,MOTIJHEEL,108279,RAJARBAG POLICE LINES SCHOOL & COLLEGE,Day,Bangla,Business Studies
DHAKA,DHAKA MAHANAGARI,MOTIJHEEL,108279,RAJARBAG POLICE LINES SCHOOL & COLLEGE,Day,Bangla,Humanities
DHAKA,DHAKA MAHANAGARI,MOTIJHEEL,108279,RAJARBAG POLICE LINES SCHOOL & COLLEGE,Day,Bangla,Science
DHAKA,DHAKA MAHANAGARI,MOTIJHEEL,108579,KAMALAPUR SHER-E-BANGLA RAILWAY SCHOOL AND COLLEGE,Day,Bangla,Humanities
DHAKA,DHAKA MAHANAGARI,MOTIJHEEL,108579,KAMALAPUR SHER-E-BANGLA RAILWAY SCHOOL AND COLLEGE,Day,Bangla,Business Studies
DHAKA,DHAKA MAHANAGARI,MOTIJHEEL,108579,KAMALAPUR SHER-E-BANGLA RAILWAY SCHOOL AND COLLEGE,Day,Bangla,Science
DHAKA,DHAKA MAHANAGARI,MOTIJHEEL,108585,T & T COLLEGE,Day,Bangla,Science
DHAKA,DHAKA MAHANAGARI,MOTIJHEEL,108585,T & T COLLEGE,Day,Bangla,Humanities
DHAKA,DHAKA MAHANAGARI,MOTIJHEEL,108585,T & T COLLEGE,Day,Bangla,Business Studies
DHAKA,DHAKA MAHANAGARI,MOTIJHEEL,108586,"DHAKA CITY INTERNATIONAL COLLEGE, SHAHIDBAGH",Day,Bangla,Humanities
DHAKA,DHAKA MAHANAGARI,MOTIJHEEL,108586,"DHAKA CITY INTERNATIONAL COLLEGE, SHAHIDBAGH",Day,Bangla,Business Studies
DHAKA,DHAKA MAHANAGARI,MOTIJHEEL,108586,"DHAKA CITY INTERNATIONAL COLLEGE, SHAHIDBAGH",Day,Bangla,Science
DHAKA,DHAKA MAHANAGARI,MOTIJHEEL,108589,ARAMBAG HIGH SCHOOL AND COLLEGE,Day,Bangla,Business Studies
DHAKA,DHAKA MAHANAGARI,MOTIJHEEL,108589,ARAMBAG HIGH SCHOOL AND COLLEGE,Day,Bangla,Humanities
DHAKA,DHAKA MAHANAGARI,MOTIJHEEL,108589,ARAMBAG HIGH SCHOOL AND COLLEGE,Day,Bangla,Science
DHAKA,DHAKA MAHANAGARI,MOTIJHEEL,130865,MOTIJHEEL MODEL SCHOOL AND COLLEGE,Morning,Bangla,Business Studies
DHAKA,DHAKA MAHANAGARI,MOTIJHEEL,130865,MOTIJHEEL MODEL SCHOOL AND COLLEGE,Morning,Bangla,Humanities
DHAKA,DHAKA MAHANAGARI,MOTIJHEEL,130865,MOTIJHEEL MODEL SCHOOL AND COLLEGE,Morning,Bangla,Science
DHAKA,DHAKA MAHANAGARI,MOTIJHEEL,132088,MOTIJHEEL GOVT. BOYS' HIGH SCHOOL,Day,Bangla,Science
DHAKA,DHAKA MAHANAGARI,MOTIJHEEL,132088,MOTIJHEEL GOVT. BOYS' HIGH SCHOOL,Day,Bangla,Business Studies
DHAKA,DHAKA MAHANAGARI,NEW MARKET,134594,WESTERN COLLEGE,Day,Bangla,Business Studies
DHAKA,DHAKA MAHANAGARI,NEW MARKET,134594,WESTERN COLLEGE,Day,Bangla,Science
DHAKA,DHAKA MAHANAGARI,NEW MARKET,134594,WESTERN COLLEGE,Day,Bangla,Humanities
DHAKA,DHAKA MAHANAGARI,NEW MARKET,135247,DHAKA GOLDEN COLLEGE,Day,Bangla,Business Studies
DHAKA,DHAKA MAHANAGARI,NEW MARKET,135247,DHAKA GOLDEN COLLEGE,Day,Bangla,Science
DHAKA,DHAKA MAHANAGARI,PALLABI,108191,MIRPUR DEVELOPMENT COMMITTEE MODEL INSTITUTE AND COLLEGE,Day,Bangla,Science
DHAKA,DHAKA MAHANAGARI,PALLABI,108191,MIRPUR DEVELOPMENT COMMITTEE MODEL INSTITUTE AND COLLEGE,Day,Bangla,Humanities
DHAKA,DHAKA MAHANAGARI,PALLABI,108191,MIRPUR DEVELOPMENT COMMITTEE MODEL INSTITUTE AND COLLEGE,Day,Bangla,Business Studies
DHAKA,DHAKA MAHANAGARI,PALLABI,108211,GOVT. BANGABANDHU COLLEGE,Day,Bangla,Humanities
DHAKA,DHAKA MAHANAGARI,PALLABI,108211,GOVT. BANGABANDHU COLLEGE,Day,Bangla,Business Studies
DHAKA,DHAKA MAHANAGARI,PALLABI,108211,GOVT. BANGABANDHU COLLEGE,Day,Bangla,Science
DHAKA,DHAKA MAHANAGARI,PALLABI,108323,KAMAL AHMED MOJUMDER SCHOOL & COLLEGE,Day,Bangla,Science
DHAKA,DHAKA MAHANAGARI,PALLABI,108323,KAMAL AHMED MOJUMDER SCHOOL & COLLEGE,Day,Bangla,Humanities
DHAKA,DHAKA MAHANAGARI,PALLABI,108323,KAMAL AHMED MOJUMDER SCHOOL & COLLEGE,Day,Bangla,Business Studies
DHAKA,DHAKA MAHANAGARI,PALLABI,108334,PALLABI MOHILA DEGREE COLLEGE,Day,Bangla,Humanities
DHAKA,DHAKA MAHANAGARI,PALLABI,108334,PALLABI MOHILA DEGREE COLLEGE,Day,Bangla,Business Studies
DHAKA,DHAKA MAHANAGARI,PALLABI,108334,PALLABI MOHILA DEGREE COLLEGE,Day,Bangla,Science
DHAKA,DHAKA MAHANAGARI,PALLABI,108335,PALLABI COLLEGE,Day,Bangla,Humanities
DHAKA,DHAKA MAHANAGARI,PALLABI,108335,PALLABI COLLEGE,Day,Bangla,Business Studies
DHAKA,DHAKA MAHANAGARI,PALLABI,108335,PALLABI COLLEGE,Day,Bangla,Science
DHAKA,DHAKA MAHANAGARI,PALLABI,108337,DR. MOHAMMAD SHAHIDULLAH ADARSHA UCHCHA MADYMIC BIDYAPITH,Day,Bangla,Science
DHAKA,DHAKA MAHANAGARI,PALLABI,108337,DR. MOHAMMAD SHAHIDULLAH ADARSHA UCHCHA MADYMIC BIDYAPITH,Day,Bangla,Humanities
DHAKA,DHAKA MAHANAGARI,PALLABI,108337,DR. MOHAMMAD SHAHIDULLAH ADARSHA UCHCHA MADYMIC BIDYAPITH,Day,Bangla,Business Studies
DHAKA,DHAKA MAHANAGARI,PALLABI,133925,THE AUSTRALASIAN COLLEGE,Day,Bangla,Science
DHAKA,DHAKA MAHANAGARI,PALLABI,133925,THE AUSTRALASIAN COLLEGE,Day,Bangla,Humanities
DHAKA,DHAKA MAHANAGARI,PALLABI,133925,THE AUSTRALASIAN COLLEGE,Day,Bangla,Business Studies
DHAKA,DHAKA MAHANAGARI,PALLABI,134634,BELAL AHMED COLLEGE,Day,Bangla,Business Studies
DHAKA,DHAKA MAHANAGARI,PALLABI,134634,BELAL AHMED COLLEGE,Day,Bangla,Humanities
DHAKA,DHAKA MAHANAGARI,PALLABI,134634,BELAL AHMED COLLEGE,Day,Bangla,Science
DHAKA,DHAKA MAHANAGARI,PALLABI,138380,DUARIPARA GOVERNMENT COLLEGE,Day,Bangla,Business Studies
DHAKA,DHAKA MAHANAGARI,PALLABI,138380,DUARIPARA GOVERNMENT COLLEGE,Day,Bangla,Science
DHAKA,DHAKA MAHANAGARI,PALLABI,138380,DUARIPARA GOVERNMENT COLLEGE,Day,Bangla,Humanities
DHAKA,DHAKA MAHANAGARI,RAMNA,108340,SHER-E-BANGLA SCHOOL AND COLLEGE,Morning,Bangla,Science
DHAKA,DHAKA MAHANAGARI,RAMNA,108340,SHER-E-BANGLA SCHOOL AND COLLEGE,Morning,Bangla,Humanities
DHAKA,DHAKA MAHANAGARI,RAMNA,108340,SHER-E-BANGLA SCHOOL AND COLLEGE,Morning,Bangla,Business Studies
DHAKA,DHAKA MAHANAGARI,RAMNA,108343,GAZI SAMSUN NESA GIRLS' HIGH SCHOOL & COLLEGE,Day,Bangla,Science
DHAKA,DHAKA MAHANAGARI,RAMNA,108343,GAZI SAMSUN NESA GIRLS' HIGH SCHOOL & COLLEGE,Day,Bangla,Humanities
DHAKA,DHAKA MAHANAGARI,RAMNA,108343,GAZI SAMSUN NESA GIRLS' HIGH SCHOOL & COLLEGE,Day,Bangla,Business Studies
DHAKA,DHAKA MAHANAGARI,RAMNA,108351,HABIBULLAH BAHAR COLLEGE,Day,Bangla,Science
DHAKA,DHAKA MAHANAGARI,RAMNA,108351,HABIBULLAH BAHAR COLLEGE,Day,Bangla,Business Studies
DHAKA,DHAKA MAHANAGARI,RAMNA,108351,HABIBULLAH BAHAR COLLEGE,Day,Bangla,Humanities
DHAKA,DHAKA MAHANAGARI,RAMNA,108352,SIDDHESWARI GIRLS' COLLEGE,Day,Bangla,Business Studies
DHAKA,DHAKA MAHANAGARI,RAMNA,108352,SIDDHESWARI GIRLS' COLLEGE,Day,Bangla,Science
DHAKA,DHAKA MAHANAGARI,RAMNA,108352,SIDDHESWARI GIRLS' COLLEGE,Day,Bangla,Humanities
DHAKA,DHAKA MAHANAGARI,RAMNA,108353,SIDDHESWARI COLLEGE,Day,Bangla,Science
DHAKA,DHAKA MAHANAGARI,RAMNA,108353,SIDDHESWARI COLLEGE,Day,Bangla,Humanities
DHAKA,DHAKA MAHANAGARI,RAMNA,108353,SIDDHESWARI COLLEGE,Day,Bangla,Business Studies
DHAKA,DHAKA MAHANAGARI,RAMNA,108355,UDAYAN UCHCHA MADHYAMIK BIDYALAYA,Morning,Bangla,Business Studies
DHAKA,DHAKA MAHANAGARI,RAMNA,108355,UDAYAN UCHCHA MADHYAMIK BIDYALAYA,Morning,Bangla,Science
DHAKA,DHAKA MAHANAGARI,RAMNA,108357,VIQARUNNISA NOON SCHOOL AND COLLEGE,Morning,Bangla,Business Studies
DHAKA,DHAKA MAHANAGARI,RAMNA,108357,VIQARUNNISA NOON SCHOOL AND COLLEGE,Morning,English,Science
DHAKA,DHAKA MAHANAGARI,RAMNA,108357,VIQARUNNISA NOON SCHOOL AND COLLEGE,Morning,Bangla,Humanities
DHAKA,DHAKA MAHANAGARI,RAMNA,108357,VIQARUNNISA NOON SCHOOL AND COLLEGE,Morning,Bangla,Science
DHAKA,DHAKA MAHANAGARI,RAMNA,108358,ENGINEERING UNIVERSITY SCHOOL AND COLLEGE,Morning,Bangla,Science
DHAKA,DHAKA MAHANAGARI,RAMNA,108358,ENGINEERING UNIVERSITY SCHOOL AND COLLEGE,Morning,Bangla,Business Studies
DHAKA,DHAKA MAHANAGARI,RAMNA,108359,WILLES LITTLE FLOWER SCHOOL & COLLEGE,Morning,Bangla,Humanities
DHAKA,DHAKA MAHANAGARI,RAMNA,108359,WILLES LITTLE FLOWER SCHOOL & COLLEGE,Day,English,Business Studies
DHAKA,DHAKA MAHANAGARI,RAMNA,108359,WILLES LITTLE FLOWER SCHOOL & COLLEGE,Morning,English,Science
DHAKA,DHAKA MAHANAGARI,RAMNA,108359,WILLES LITTLE FLOWER SCHOOL & COLLEGE,Day,English,Science
DHAKA,DHAKA MAHANAGARI,RAMNA,108359,WILLES LITTLE FLOWER SCHOOL & COLLEGE,Day,Bangla,Humanities
DHAKA,DHAKA MAHANAGARI,RAMNA,108359,WILLES LITTLE FLOWER SCHOOL & COLLEGE,Day,Bangla,Science
DHAKA,DHAKA MAHANAGARI,RAMNA,108359,WILLES LITTLE FLOWER SCHOOL & COLLEGE,Morning,Bangla,Science
DHAKA,DHAKA MAHANAGARI,RAMNA,108359,WILLES LITTLE FLOWER SCHOOL & COLLEGE,Day,Bangla,Business Studies
DHAKA,DHAKA MAHANAGARI,RAMNA,108359,WILLES LITTLE FLOWER SCHOOL & COLLEGE,Morning,Bangla,Business Studies
DHAKA,DHAKA MAHANAGARI,RAMNA,108360,ISPAHANI GIRLS' SCHOOL AND COLLEGE,Morning,Bangla,Humanities
DHAKA,DHAKA MAHANAGARI,RAMNA,108360,ISPAHANI GIRLS' SCHOOL AND COLLEGE,Morning,Bangla,Business Studies
DHAKA,DHAKA MAHANAGARI,RAMNA,108360,ISPAHANI GIRLS' SCHOOL AND COLLEGE,Morning,Bangla,Science
DHAKA,DHAKA MAHANAGARI,RAMNA,108361,SHIDDESWARI BOYS' HIGHER SECONDARY SCHOOL,Day,Bangla,Humanities
DHAKA,DHAKA MAHANAGARI,RAMNA,108361,SHIDDESWARI BOYS' HIGHER SECONDARY SCHOOL,Day,Bangla,Science
DHAKA,DHAKA MAHANAGARI,RAMNA,108361,SHIDDESWARI BOYS' HIGHER SECONDARY SCHOOL,Day,Bangla,Business Studies
DHAKA,DHAKA MAHANAGARI,RAMNA,108362,UNIVERSITY LABORATORY COLLEGE,Day,Bangla,Humanities
DHAKA,DHAKA MAHANAGARI,RAMNA,108362,UNIVERSITY LABORATORY COLLEGE,Day,Bangla,Science
DHAKA,DHAKA MAHANAGARI,RAMNA,108362,UNIVERSITY LABORATORY COLLEGE,Day,Bangla,Business Studies
DHAKA,DHAKA MAHANAGARI,RAMNA,132367,BIAM MODEL SCHOOL & COLLEGE,Day,Bangla,Business Studies
DHAKA,DHAKA MAHANAGARI,RAMNA,132367,BIAM MODEL SCHOOL & COLLEGE,Day,Bangla,Science
DHAKA,DHAKA MAHANAGARI,RAMNA,132367,BIAM MODEL SCHOOL & COLLEGE,Day,English,Business Studies
DHAKA,DHAKA MAHANAGARI,RAMNA,132367,BIAM MODEL SCHOOL & COLLEGE,Day,English,Science
DHAKA,DHAKA MAHANAGARI,RAMPURA,108034,RAMPURA EKRAMUNNESA COLLEGE,Day,Bangla,Business Studies
DHAKA,DHAKA MAHANAGARI,RAMPURA,108034,RAMPURA EKRAMUNNESA COLLEGE,Day,Bangla,Science
DHAKA,DHAKA MAHANAGARI,RAMPURA,108034,RAMPURA EKRAMUNNESA COLLEGE,Day,Bangla,Humanities
DHAKA,DHAKA MAHANAGARI,RAMPURA,108040,SOUTH POINT COLLEGE,Morning,English,Business Studies
DHAKA,DHAKA MAHANAGARI,RAMPURA,108040,SOUTH POINT COLLEGE,Morning,English,Science
DHAKA,DHAKA MAHANAGARI,RAMPURA,108040,SOUTH POINT COLLEGE,Morning,Bangla,Science
DHAKA,DHAKA MAHANAGARI,RAMPURA,108040,SOUTH POINT COLLEGE,Morning,Bangla,Business Studies
DHAKA,DHAKA MAHANAGARI,RAMPURA,134136,AL FURQAN ENGLISH HIGH SCHOOL AND GIRLS COLLEGE,Day,Bangla,Humanities
DHAKA,DHAKA MAHANAGARI,RAMPURA,134136,AL FURQAN ENGLISH HIGH SCHOOL AND GIRLS COLLEGE,Day,Bangla,Science
DHAKA,DHAKA MAHANAGARI,RAMPURA,134136,AL FURQAN ENGLISH HIGH SCHOOL AND GIRLS COLLEGE,Day,Bangla,Business Studies
DHAKA,DHAKA MAHANAGARI,RAMPURA,134255,RAJDHANI IDEAL COLLEGE,Morning,Bangla,Humanities
DHAKA,DHAKA MAHANAGARI,RAMPURA,134255,RAJDHANI IDEAL COLLEGE,Morning,Bangla,Business Studies
DHAKA,DHAKA MAHANAGARI,RAMPURA,134255,RAJDHANI IDEAL COLLEGE,Morning,Bangla,Science
DHAKA,DHAKA MAHANAGARI,SABUJBAGH,108368,HAIDER ALI SCHOOL AND COLLEGE,Day,Bangla,Business Studies
DHAKA,DHAKA MAHANAGARI,SABUJBAGH,108368,HAIDER ALI SCHOOL AND COLLEGE,Day,Bangla,Humanities
DHAKA,DHAKA MAHANAGARI,SABUJBAGH,108368,HAIDER ALI SCHOOL AND COLLEGE,Day,Bangla,Science
DHAKA,DHAKA MAHANAGARI,SABUJBAGH,108388,KADAMTOLA PURBO BASHABO SCHOOL & COLLEGE,Day,English,Humanities
DHAKA,DHAKA MAHANAGARI,SABUJBAGH,108388,KADAMTOLA PURBO BASHABO SCHOOL & COLLEGE,Day,Bangla,Science
DHAKA,DHAKA MAHANAGARI,SABUJBAGH,108388,KADAMTOLA PURBO BASHABO SCHOOL & COLLEGE,Day,Bangla,Humanities
DHAKA,DHAKA MAHANAGARI,SABUJBAGH,108388,KADAMTOLA PURBO BASHABO SCHOOL & COLLEGE,Day,Bangla,Business Studies
DHAKA,DHAKA MAHANAGARI,SABUJBAGH,108388,KADAMTOLA PURBO BASHABO SCHOOL & COLLEGE,Day,English,Science
DHAKA,DHAKA MAHANAGARI,SABUJBAGH,108388,KADAMTOLA PURBO BASHABO SCHOOL & COLLEGE,Day,English,Business Studies
DHAKA,DHAKA MAHANAGARI,SABUJBAGH,108391,MOTHERTEK ABDUL AZIZ UCHCHA MADHYAMIK BIDYALYA,Day,Bangla,Science
DHAKA,DHAKA MAHANAGARI,SABUJBAGH,108391,MOTHERTEK ABDUL AZIZ UCHCHA MADHYAMIK BIDYALYA,Day,Bangla,Humanities
DHAKA,DHAKA MAHANAGARI,SABUJBAGH,108391,MOTHERTEK ABDUL AZIZ UCHCHA MADHYAMIK BIDYALYA,Day,Bangla,Business Studies
DHAKA,DHAKA MAHANAGARI,SABUJBAGH,108393,KAMALAPUR SCHOOL AND COLLEGE,Day,Bangla,Science
DHAKA,DHAKA MAHANAGARI,SABUJBAGH,108393,KAMALAPUR SCHOOL AND COLLEGE,Day,Bangla,Humanities
DHAKA,DHAKA MAHANAGARI,SABUJBAGH,108393,KAMALAPUR SCHOOL AND COLLEGE,Day,Bangla,Business Studies
DHAKA,DHAKA MAHANAGARI,SABUJBAGH,130930,CENTRAL IDEAL COLLEGE,Day,Bangla,Business Studies
DHAKA,DHAKA MAHANAGARI,SABUJBAGH,130930,CENTRAL IDEAL COLLEGE,Morning,Bangla,Humanities
DHAKA,DHAKA MAHANAGARI,SABUJBAGH,130930,CENTRAL IDEAL COLLEGE,Morning,Bangla,Business Studies
DHAKA,DHAKA MAHANAGARI,SABUJBAGH,130930,CENTRAL IDEAL COLLEGE,Morning,Bangla,Science
DHAKA,DHAKA MAHANAGARI,SABUJBAGH,130930,CENTRAL IDEAL COLLEGE,Day,Bangla,Humanities
DHAKA,DHAKA MAHANAGARI,SABUJBAGH,130930,CENTRAL IDEAL COLLEGE,Day,Bangla,Science
DHAKA,DHAKA MAHANAGARI,SABUJBAGH,134220,METROPOLITAN CREATIVE COLLEGE,Day,Bangla,Humanities
DHAKA,DHAKA MAHANAGARI,SABUJBAGH,134220,METROPOLITAN CREATIVE COLLEGE,Day,Bangla,Business Studies
DHAKA,DHAKA MAHANAGARI,SABUJBAGH,134220,METROPOLITAN CREATIVE COLLEGE,Day,Bangla,Science
DHAKA,DHAKA MAHANAGARI,SABUJBAGH,134570,DHAKA BIGYAN COLLEGE,Day,Bangla,Business Studies
DHAKA,DHAKA MAHANAGARI,SABUJBAGH,134570,DHAKA BIGYAN COLLEGE,Day,Bangla,Science
DHAKA,DHAKA MAHANAGARI,SABUJBAGH,134579,MOHANAGAR IDEAL COLLEGE,Day,Bangla,Humanities
DHAKA,DHAKA MAHANAGARI,SABUJBAGH,134579,MOHANAGAR IDEAL COLLEGE,Day,Bangla,Business Studies
DHAKA,DHAKA MAHANAGARI,SABUJBAGH,134579,MOHANAGAR IDEAL COLLEGE,Morning,Bangla,Business Studies
DHAKA,DHAKA MAHANAGARI,SABUJBAGH,134579,MOHANAGAR IDEAL COLLEGE,Morning,Bangla,Science
DHAKA,DHAKA MAHANAGARI,SABUJBAGH,134579,MOHANAGAR IDEAL COLLEGE,Day,Bangla,Science
DHAKA,DHAKA MAHANAGARI,SABUJBAGH,134579,MOHANAGAR IDEAL COLLEGE,Morning,Bangla,Humanities
DHAKA,DHAKA MAHANAGARI,SABUJBAGH,136874,ASIAN IDEAL COLLEGE,Day,Bangla,Business Studies
DHAKA,DHAKA MAHANAGARI,SABUJBAGH,136874,ASIAN IDEAL COLLEGE,Morning,Bangla,Business Studies
DHAKA,DHAKA MAHANAGARI,SABUJBAGH,136874,ASIAN IDEAL COLLEGE,Morning,Bangla,Science
DHAKA,DHAKA MAHANAGARI,SABUJBAGH,136874,ASIAN IDEAL COLLEGE,Day,Bangla,Science
DHAKA,DHAKA MAHANAGARI,SABUJBAGH,138382,"SABUJBAGH GOVERNMENT COLLEGE, DHAKA",Day,Bangla,Business Studies
DHAKA,DHAKA MAHANAGARI,SABUJBAGH,138382,"SABUJBAGH GOVERNMENT COLLEGE, DHAKA",Day,Bangla,Science
DHAKA,DHAKA MAHANAGARI,SABUJBAGH,138382,"SABUJBAGH GOVERNMENT COLLEGE, DHAKA",Day,Bangla,Humanities
DHAKA,DHAKA MAHANAGARI,SHAHJAHANPUR,108272,ABUDHARR GHIFARI COLLEGE,Day,Bangla,Science
DHAKA,DHAKA MAHANAGARI,SHAHJAHANPUR,108272,ABUDHARR GHIFARI COLLEGE,Day,Bangla,Business Studies
DHAKA,DHAKA MAHANAGARI,SHAHJAHANPUR,108272,ABUDHARR GHIFARI COLLEGE,Day,Bangla,Humanities
DHAKA,DHAKA MAHANAGARI,SHAHJAHANPUR,108275,MIRZA ABBAS MOHILA COLLEGE,Day,Bangla,Science
DHAKA,DHAKA MAHANAGARI,SHAHJAHANPUR,108275,MIRZA ABBAS MOHILA COLLEGE,Day,Bangla,Humanities
DHAKA,DHAKA MAHANAGARI,SHAHJAHANPUR,108275,MIRZA ABBAS MOHILA COLLEGE,Day,Bangla,Business Studies
DHAKA,DHAKA MAHANAGARI,SHAHJAHANPUR,137719,DHAKA OXFORD INTERNATIONAL COLLEGE,Day,Bangla,Science
DHAKA,DHAKA MAHANAGARI,SHAHJAHANPUR,137719,DHAKA OXFORD INTERNATIONAL COLLEGE,Day,Bangla,Business Studies
DHAKA,DHAKA MAHANAGARI,SHAHJAHANPUR,137719,DHAKA OXFORD INTERNATIONAL COLLEGE,Day,Bangla,Humanities
DHAKA,DHAKA MAHANAGARI,SHER-E-BANGLA NAGAR,108241,SHER-E-BANGLA NAGAR GOVT. BOYS' HIGH SCHOOL,Day,Bangla,Science
DHAKA,DHAKA MAHANAGARI,SHER-E-BANGLA NAGAR,108241,SHER-E-BANGLA NAGAR GOVT. BOYS' HIGH SCHOOL,Day,Bangla,Business Studies
DHAKA,DHAKA MAHANAGARI,SHER-E-BANGLA NAGAR,108249,GOVT. SANGEET COLLEGE,Day,Bangla,
DHAKA,DHAKA MAHANAGARI,SHER-E-BANGLA NAGAR,108249,GOVT. SANGEET COLLEGE,Day,Bangla,Humanities
DHAKA,DHAKA MAHANAGARI,SHER-E-BANGLA NAGAR,108262,BANGABANDHU SHEIKH MUJIB ACADEMY,Day,Bangla,Science
DHAKA,DHAKA MAHANAGARI,SHER-E-BANGLA NAGAR,108262,BANGABANDHU SHEIKH MUJIB ACADEMY,Morning,Bangla,Business Studies
DHAKA,DHAKA MAHANAGARI,SHER-E-BANGLA NAGAR,108262,BANGABANDHU SHEIKH MUJIB ACADEMY,Morning,Bangla,Humanities
DHAKA,DHAKA MAHANAGARI,SHER-E-BANGLA NAGAR,108262,BANGABANDHU SHEIKH MUJIB ACADEMY,Morning,Bangla,Science
DHAKA,DHAKA MAHANAGARI,SHER-E-BANGLA NAGAR,108262,BANGABANDHU SHEIKH MUJIB ACADEMY,Day,Bangla,Business Studies
DHAKA,DHAKA MAHANAGARI,SHER-E-BANGLA NAGAR,108262,BANGABANDHU SHEIKH MUJIB ACADEMY,Day,Bangla,Humanities
DHAKA,DHAKA MAHANAGARI,SHER-E-BANGLA NAGAR,108518,SHER-E-BANGLA NAGAR GOVT. GIRLS' HIGH SCHOOL,Day,Bangla,Science
DHAKA,DHAKA MAHANAGARI,SHER-E-BANGLA NAGAR,108518,SHER-E-BANGLA NAGAR GOVT. GIRLS' HIGH SCHOOL,Day,Bangla,Business Studies
DHAKA,DHAKA MAHANAGARI,SHER-E-BANGLA NAGAR,108534,SHER-E-BANGLA NAGAR ADARSHA MAHILA COLLEGE,Morning,Bangla,Business Studies
DHAKA,DHAKA MAHANAGARI,SHER-E-BANGLA NAGAR,108534,SHER-E-BANGLA NAGAR ADARSHA MAHILA COLLEGE,Morning,Bangla,Humanities
DHAKA,DHAKA MAHANAGARI,SHER-E-BANGLA NAGAR,108534,SHER-E-BANGLA NAGAR ADARSHA MAHILA COLLEGE,Morning,Bangla,Science
DHAKA,DHAKA MAHANAGARI,SUTRAPUR,108489,ST. FRANCIS XAVIER'S GIRLS' SCHOOL & COLLEGE,Day,Bangla,Humanities
DHAKA,DHAKA MAHANAGARI,SUTRAPUR,108489,ST. FRANCIS XAVIER'S GIRLS' SCHOOL & COLLEGE,Day,Bangla,Science
DHAKA,DHAKA MAHANAGARI,SUTRAPUR,108489,ST. FRANCIS XAVIER'S GIRLS' SCHOOL & COLLEGE,Day,Bangla,Business Studies
DHAKA,DHAKA MAHANAGARI,SUTRAPUR,108497,ST. GREGORY'S HIGH SCHOOL & COLLEGE,Day,Bangla,Science
DHAKA,DHAKA MAHANAGARI,SUTRAPUR,108497,ST. GREGORY'S HIGH SCHOOL & COLLEGE,Day,Bangla,Business Studies
DHAKA,DHAKA MAHANAGARI,SUTRAPUR,108497,ST. GREGORY'S HIGH SCHOOL & COLLEGE,Day,Bangla,Humanities
DHAKA,DHAKA MAHANAGARI,SUTRAPUR,108507,KABI NAZRUL GOVT. COLLEGE,Day,Bangla,Science
DHAKA,DHAKA MAHANAGARI,SUTRAPUR,108507,KABI NAZRUL GOVT. COLLEGE,Day,Bangla,Business Studies
DHAKA,DHAKA MAHANAGARI,SUTRAPUR,108507,KABI NAZRUL GOVT. COLLEGE,Day,Bangla,Humanities
DHAKA,DHAKA MAHANAGARI,SUTRAPUR,108508,GOVT. SHAHID SOHRAWARDI COLLEGE,Day,Bangla,Humanities
DHAKA,DHAKA MAHANAGARI,SUTRAPUR,108508,GOVT. SHAHID SOHRAWARDI COLLEGE,Day,Bangla,Business Studies
DHAKA,DHAKA MAHANAGARI,SUTRAPUR,108508,GOVT. SHAHID SOHRAWARDI COLLEGE,Day,Bangla,Science
DHAKA,DHAKA MAHANAGARI,SUTRAPUR,108509,DHAKA MOHANAGAR MOHILA COLLEGE,Day,Bangla,Humanities
DHAKA,DHAKA MAHANAGARI,SUTRAPUR,108509,DHAKA MOHANAGAR MOHILA COLLEGE,Day,Bangla,Business Studies
DHAKA,DHAKA MAHANAGARI,SUTRAPUR,108509,DHAKA MOHANAGAR MOHILA COLLEGE,Day,Bangla,Science
DHAKA,DHAKA MAHANAGARI,SUTRAPUR,108511,FAZLUL HAQUE MOHILA COLLEGE,Day,Bangla,Humanities
DHAKA,DHAKA MAHANAGARI,SUTRAPUR,108511,FAZLUL HAQUE MOHILA COLLEGE,Day,Bangla,Science
DHAKA,DHAKA MAHANAGARI,SUTRAPUR,108511,FAZLUL HAQUE MOHILA COLLEGE,Day,Bangla,Business Studies
DHAKA,DHAKA MAHANAGARI,SUTRAPUR,108512,CENTRAL WOMEN'S COLLEGE,Morning,Bangla,Business Studies
DHAKA,DHAKA MAHANAGARI,SUTRAPUR,108512,CENTRAL WOMEN'S COLLEGE,Morning,Bangla,Humanities
DHAKA,DHAKA MAHANAGARI,SUTRAPUR,108512,CENTRAL WOMEN'S COLLEGE,Morning,Bangla,Science
DHAKA,DHAKA MAHANAGARI,SUTRAPUR,108513,KISHORI LAL JUBILEE SCHOOL AND COLLEGE,Day,Bangla,Humanities
DHAKA,DHAKA MAHANAGARI,SUTRAPUR,108513,KISHORI LAL JUBILEE SCHOOL AND COLLEGE,Day,Bangla,Business Studies
DHAKA,DHAKA MAHANAGARI,SUTRAPUR,108513,KISHORI LAL JUBILEE SCHOOL AND COLLEGE,Day,Bangla,Science
DHAKA,DHAKA MAHANAGARI,SUTRAPUR,108514,SHER-E-BANGLA BALIKA MAHAVIDYALAYA,Morning,Bangla,Humanities
DHAKA,DHAKA MAHANAGARI,SUTRAPUR,108514,SHER-E-BANGLA BALIKA MAHAVIDYALAYA,Morning,Bangla,Science
DHAKA,DHAKA MAHANAGARI,SUTRAPUR,108514,SHER-E-BANGLA BALIKA MAHAVIDYALAYA,Morning,Bangla,Business Studies
DHAKA,DHAKA MAHANAGARI,SUTRAPUR,132087,COSMOPOLITAN COLLEGE,Day,Bangla,Humanities
DHAKA,DHAKA MAHANAGARI,SUTRAPUR,132087,COSMOPOLITAN COLLEGE,Day,Bangla,Business Studies
DHAKA,DHAKA MAHANAGARI,SUTRAPUR,132087,COSMOPOLITAN COLLEGE,Day,Bangla,Science
DHAKA,DHAKA MAHANAGARI,SUTRAPUR,137718,CITY INTERNATIONAL COLLEGE,Day,Bangla,Humanities
DHAKA,DHAKA MAHANAGARI,SUTRAPUR,137718,CITY INTERNATIONAL COLLEGE,Morning,Bangla,Humanities
DHAKA,DHAKA MAHANAGARI,SUTRAPUR,137718,CITY INTERNATIONAL COLLEGE,Morning,Bangla,Business Studies
DHAKA,DHAKA MAHANAGARI,SUTRAPUR,137718,CITY INTERNATIONAL COLLEGE,Day,Bangla,Science
DHAKA,DHAKA MAHANAGARI,SUTRAPUR,137718,CITY INTERNATIONAL COLLEGE,Morning,Bangla,Science
DHAKA,DHAKA MAHANAGARI,SUTRAPUR,137718,CITY INTERNATIONAL COLLEGE,Day,Bangla,Business Studies
DHAKA,DHAKA MAHANAGARI,TEJGAON,108253,DHAKA ORIENTAL COLLEGE,Day,Bangla,Business Studies
DHAKA,DHAKA MAHANAGARI,TEJGAON,108253,DHAKA ORIENTAL COLLEGE,Day,Bangla,Science
DHAKA,DHAKA MAHANAGARI,TEJGAON,108253,DHAKA ORIENTAL COLLEGE,Day,Bangla,Humanities
DHAKA,DHAKA MAHANAGARI,TEJGAON,108517,CIVIL AVIATION SCHOOL & COLLEGE,Day,Bangla,Science
DHAKA,DHAKA MAHANAGARI,TEJGAON,108517,CIVIL AVIATION SCHOOL & COLLEGE,Day,Bangla,Humanities
DHAKA,DHAKA MAHANAGARI,TEJGAON,108517,CIVIL AVIATION SCHOOL & COLLEGE,Day,Bangla,Business Studies
DHAKA,DHAKA MAHANAGARI,TEJGAON,108523,NAZNEEN SCHOOL & COLLEGE,Day,Bangla,Humanities
DHAKA,DHAKA MAHANAGARI,TEJGAON,108523,NAZNEEN SCHOOL & COLLEGE,Day,Bangla,Science
DHAKA,DHAKA MAHANAGARI,TEJGAON,108523,NAZNEEN SCHOOL & COLLEGE,Day,Bangla,Business Studies
DHAKA,DHAKA MAHANAGARI,TEJGAON,108527,TEJGAON ADARSHA SCHOOL AND COLLEGE,Day,Bangla,Humanities
DHAKA,DHAKA MAHANAGARI,TEJGAON,108527,TEJGAON ADARSHA SCHOOL AND COLLEGE,Day,Bangla,Science
DHAKA,DHAKA MAHANAGARI,TEJGAON,108527,TEJGAON ADARSHA SCHOOL AND COLLEGE,Day,Bangla,Business Studies
DHAKA,DHAKA MAHANAGARI,TEJGAON,108533,TEJGAON COLLEGE,Morning,Bangla,Science
DHAKA,DHAKA MAHANAGARI,TEJGAON,108533,TEJGAON COLLEGE,Morning,Bangla,Humanities
DHAKA,DHAKA MAHANAGARI,TEJGAON,108533,TEJGAON COLLEGE,Morning,Bangla,Business Studies
DHAKA,DHAKA MAHANAGARI,TEJGAON,108535,GOVT. SCIENCE COLLEGE,Day,Bangla,Science
DHAKA,DHAKA MAHANAGARI,TEJGAON,108536,TEJGAON MOHILA COLLEGE,Morning,Bangla,Business Studies
DHAKA,DHAKA MAHANAGARI,TEJGAON,108536,TEJGAON MOHILA COLLEGE,Morning,Bangla,Humanities
DHAKA,DHAKA MAHANAGARI,TEJGAON,108536,TEJGAON MOHILA COLLEGE,Morning,Bangla,Science
DHAKA,DHAKA MAHANAGARI,TEJGAON,131962,HOLY CROSS COLLEGE,Morning,Bangla,Humanities
DHAKA,DHAKA MAHANAGARI,TEJGAON,131962,HOLY CROSS COLLEGE,Morning,Bangla,Business Studies
DHAKA,DHAKA MAHANAGARI,TEJGAON,131962,HOLY CROSS COLLEGE,Morning,Bangla,Science
DHAKA,DHAKA MAHANAGARI,TEJGAON,134207,"IDEAL COMMERCE COLLEGE, FARMGATE",Morning,Bangla,Science
DHAKA,DHAKA MAHANAGARI,TEJGAON,134207,"IDEAL COMMERCE COLLEGE, FARMGATE",Morning,Bangla,Business Studies
DHAKA,DHAKA MAHANAGARI,TEJGAON,134571,NORTHERN COLLEGE BANGLADESH,Day,Bangla,Science
DHAKA,DHAKA MAHANAGARI,TEJGAON,134571,NORTHERN COLLEGE BANGLADESH,Day,Bangla,Business Studies
DHAKA,DHAKA MAHANAGARI,TEJGAON,137670,DHAKA INDEPENDENT COLLEGE,Day,Bangla,Science
DHAKA,DHAKA MAHANAGARI,TEJGAON,137670,DHAKA INDEPENDENT COLLEGE,Day,Bangla,Humanities
DHAKA,DHAKA MAHANAGARI,TEJGAON,137670,DHAKA INDEPENDENT COLLEGE,Day,Bangla,Business Studies
DHAKA,DHAKA MAHANAGARI,TEJGAON,137676,DHAKA IDEAL COLLEGE TEJGAON,Day,Bangla,Business Studies
DHAKA,DHAKA MAHANAGARI,TEJGAON,137676,DHAKA IDEAL COLLEGE TEJGAON,Day,Bangla,Science
DHAKA,DHAKA MAHANAGARI,TEJGAON,137676,DHAKA IDEAL COLLEGE TEJGAON,Day,Bangla,Humanities
DHAKA,DHAKA MAHANAGARI,TURAG,136942,AMZAD IDEAL COLLEGE,Morning,Bangla,Business Studies
DHAKA,DHAKA MAHANAGARI,UTTARA,107845,UTTARA GIRLS' HIGH SCHOOL & COLLEGE,Day,Bangla,Business Studies
DHAKA,DHAKA MAHANAGARI,UTTARA,107845,UTTARA GIRLS' HIGH SCHOOL & COLLEGE,Day,Bangla,Humanities
DHAKA,DHAKA MAHANAGARI,UTTARA,107845,UTTARA GIRLS' HIGH SCHOOL & COLLEGE,Day,Bangla,Science
DHAKA,DHAKA MAHANAGARI,UTTARA,108193,KAMARPARA SCHOOL & COLLEGE,Morning,Bangla,Science
DHAKA,DHAKA MAHANAGARI,UTTARA,108193,KAMARPARA SCHOOL & COLLEGE,Morning,Bangla,Humanities
DHAKA,DHAKA MAHANAGARI,UTTARA,108193,KAMARPARA SCHOOL & COLLEGE,Morning,Bangla,Business Studies
DHAKA,DHAKA MAHANAGARI,UTTARA,108538,UTTARA HIGH SCHOOL & COLLEGE,Morning,Bangla,Humanities
DHAKA,DHAKA MAHANAGARI,UTTARA,108538,UTTARA HIGH SCHOOL & COLLEGE,Morning,Bangla,Science
DHAKA,DHAKA MAHANAGARI,UTTARA,108538,UTTARA HIGH SCHOOL & COLLEGE,Day,Bangla,Humanities
DHAKA,DHAKA MAHANAGARI,UTTARA,108538,UTTARA HIGH SCHOOL & COLLEGE,Day,Bangla,Science
DHAKA,DHAKA MAHANAGARI,UTTARA,108538,UTTARA HIGH SCHOOL & COLLEGE,Morning,Bangla,Business Studies
DHAKA,DHAKA MAHANAGARI,UTTARA,108538,UTTARA HIGH SCHOOL & COLLEGE,Day,Bangla,Business Studies
DHAKA,DHAKA MAHANAGARI,UTTARA,108540,NAWAB HABIBULLAH MODEL SCHOOL & COLLEGE,Morning,Bangla,Business Studies
DHAKA,DHAKA MAHANAGARI,UTTARA,108540,NAWAB HABIBULLAH MODEL SCHOOL & COLLEGE,Morning,Bangla,Humanities
DHAKA,DHAKA MAHANAGARI,UTTARA,108540,NAWAB HABIBULLAH MODEL SCHOOL & COLLEGE,Morning,Bangla,Science
DHAKA,DHAKA MAHANAGARI,UTTARA,108540,NAWAB HABIBULLAH MODEL SCHOOL & COLLEGE,Day,Bangla,Business Studies
DHAKA,DHAKA MAHANAGARI,UTTARA,108540,NAWAB HABIBULLAH MODEL SCHOOL & COLLEGE,Day,Bangla,Humanities
DHAKA,DHAKA MAHANAGARI,UTTARA,108540,NAWAB HABIBULLAH MODEL SCHOOL & COLLEGE,Day,Bangla,Science
DHAKA,DHAKA MAHANAGARI,UTTARA,108542,ARMED POLICE BATTALION SCHOOL AND COLLEGE,Day,Bangla,Business Studies
DHAKA,DHAKA MAHANAGARI,UTTARA,108542,ARMED POLICE BATTALION SCHOOL AND COLLEGE,Day,Bangla,Science
DHAKA,DHAKA MAHANAGARI,UTTARA,108542,ARMED POLICE BATTALION SCHOOL AND COLLEGE,Day,Bangla,Humanities
DHAKA,DHAKA MAHANAGARI,UTTARA,108563,DHAKA WOMEN'S COLLEGE,Day,Bangla,Business Studies
DHAKA,DHAKA MAHANAGARI,UTTARA,108563,DHAKA WOMEN'S COLLEGE,Day,Bangla,Humanities
DHAKA,DHAKA MAHANAGARI,UTTARA,108563,DHAKA WOMEN'S COLLEGE,Day,Bangla,Science
DHAKA,DHAKA MAHANAGARI,UTTARA,108564,UTTARA TOWN COLLEGE,Morning,Bangla,Humanities
DHAKA,DHAKA MAHANAGARI,UTTARA,108564,UTTARA TOWN COLLEGE,Morning,Bangla,Business Studies
DHAKA,DHAKA MAHANAGARI,UTTARA,108564,UTTARA TOWN COLLEGE,Morning,Bangla,Science
DHAKA,DHAKA MAHANAGARI,UTTARA,108565,UTTARA ANWARA MODEL COLLEGE,Day,Bangla,Business Studies
DHAKA,DHAKA MAHANAGARI,UTTARA,108565,UTTARA ANWARA MODEL COLLEGE,Day,Bangla,Humanities
DHAKA,DHAKA MAHANAGARI,UTTARA,108565,UTTARA ANWARA MODEL COLLEGE,Day,Bangla,Science
DHAKA,DHAKA MAHANAGARI,UTTARA,108567,DHAKA NORTHERN CITY COLLEGE,Day,Bangla,Science
DHAKA,DHAKA MAHANAGARI,UTTARA,108567,DHAKA NORTHERN CITY COLLEGE,Day,Bangla,Humanities
DHAKA,DHAKA MAHANAGARI,UTTARA,108567,DHAKA NORTHERN CITY COLLEGE,Day,Bangla,Business Studies
DHAKA,DHAKA MAHANAGARI,UTTARA,108568,SARDAR SURUZZAMAN MOHILA COLLEGE,Morning,Bangla,Humanities
DHAKA,DHAKA MAHANAGARI,UTTARA,108568,SARDAR SURUZZAMAN MOHILA COLLEGE,Morning,Bangla,Science
DHAKA,DHAKA MAHANAGARI,UTTARA,108568,SARDAR SURUZZAMAN MOHILA COLLEGE,Morning,Bangla,Business Studies
DHAKA,DHAKA MAHANAGARI,UTTARA,108569,DHAKA BOYS AND GIRLS COLLEGE,Day,Bangla,Business Studies
DHAKA,DHAKA MAHANAGARI,UTTARA,108569,DHAKA BOYS AND GIRLS COLLEGE,Day,Bangla,Science
DHAKA,DHAKA MAHANAGARI,UTTARA,108569,DHAKA BOYS AND GIRLS COLLEGE,Day,Bangla,Humanities
DHAKA,DHAKA MAHANAGARI,UTTARA,108570,ISLAMIC EDUCATION SOCIETY UCHCHA MADHYAMIC BIDYALAYA,Day,Bangla,Humanities
DHAKA,DHAKA MAHANAGARI,UTTARA,108570,ISLAMIC EDUCATION SOCIETY UCHCHA MADHYAMIC BIDYALAYA,Day,Bangla,Business Studies
DHAKA,DHAKA MAHANAGARI,UTTARA,108570,ISLAMIC EDUCATION SOCIETY UCHCHA MADHYAMIC BIDYALAYA,Day,Bangla,Science
DHAKA,DHAKA MAHANAGARI,UTTARA,108571,GOVT. MOLLARTEK UDAYAN HIGHER SECONDARY SCHOOL,Day,Bangla,Humanities
DHAKA,DHAKA MAHANAGARI,UTTARA,108571,GOVT. MOLLARTEK UDAYAN HIGHER SECONDARY SCHOOL,Day,Bangla,Business Studies
DHAKA,DHAKA MAHANAGARI,UTTARA,108571,GOVT. MOLLARTEK UDAYAN HIGHER SECONDARY SCHOOL,Day,Bangla,Science
DHAKA,DHAKA MAHANAGARI,UTTARA,108572,MILESTONE COLLEGE,Morning,English,Business Studies
DHAKA,DHAKA MAHANAGARI,UTTARA,108572,MILESTONE COLLEGE,Morning,English,Science
DHAKA,DHAKA MAHANAGARI,UTTARA,108572,MILESTONE COLLEGE,Morning,Bangla,Business Studies
DHAKA,DHAKA MAHANAGARI,UTTARA,108572,MILESTONE COLLEGE,Morning,Bangla,Humanities
DHAKA,DHAKA MAHANAGARI,UTTARA,108572,MILESTONE COLLEGE,Morning,Bangla,Science
DHAKA,DHAKA MAHANAGARI,UTTARA,108573,RAJUK UTTARA MODEL COLLEGE,Day,Bangla,Business Studies
DHAKA,DHAKA MAHANAGARI,UTTARA,108573,RAJUK UTTARA MODEL COLLEGE,Morning,English,Business Studies
DHAKA,DHAKA MAHANAGARI,UTTARA,108573,RAJUK UTTARA MODEL COLLEGE,Day,Bangla,Science
DHAKA,DHAKA MAHANAGARI,UTTARA,108573,RAJUK UTTARA MODEL COLLEGE,Morning,Bangla,Business Studies
DHAKA,DHAKA MAHANAGARI,UTTARA,108573,RAJUK UTTARA MODEL COLLEGE,Morning,Bangla,Humanities
DHAKA,DHAKA MAHANAGARI,UTTARA,108573,RAJUK UTTARA MODEL COLLEGE,Morning,Bangla,Science
DHAKA,DHAKA MAHANAGARI,UTTARA,108573,RAJUK UTTARA MODEL COLLEGE,Day,English,Science
DHAKA,DHAKA MAHANAGARI,UTTARA,108573,RAJUK UTTARA MODEL COLLEGE,Morning,English,Science
DHAKA,DHAKA MAHANAGARI,UTTARA,108573,RAJUK UTTARA MODEL COLLEGE,Day,Bangla,Humanities
DHAKA,DHAKA MAHANAGARI,UTTARA,130586,UTTARA MODEL COLLEGE,Morning,Bangla,Humanities
DHAKA,DHAKA MAHANAGARI,UTTARA,130586,UTTARA MODEL COLLEGE,Morning,Bangla,Business Studies
DHAKA,DHAKA MAHANAGARI,UTTARA,130586,UTTARA MODEL COLLEGE,Morning,Bangla,Science
DHAKA,DHAKA MAHANAGARI,UTTARA,131763,LIGHTHOUSE CAREER COLLEGE,Day,Bangla,Science
DHAKA,DHAKA MAHANAGARI,UTTARA,131763,LIGHTHOUSE CAREER COLLEGE,Day,Bangla,Humanities
DHAKA,DHAKA MAHANAGARI,UTTARA,131763,LIGHTHOUSE CAREER COLLEGE,Day,Bangla,Business Studies
DHAKA,DHAKA MAHANAGARI,UTTARA,131849,UTTARA COMMERCE COLLEGE,Day,Bangla,Business Studies
DHAKA,DHAKA MAHANAGARI,UTTARA,131890,SRISTY CENTRAL COLLEGE,Morning,Bangla,Science
DHAKA,DHAKA MAHANAGARI,UTTARA,131890,SRISTY CENTRAL COLLEGE,Morning,Bangla,Business Studies
DHAKA,DHAKA MAHANAGARI,UTTARA,131893,SCHOLAR'S CITY COLLEGE,Day,Bangla,Business Studies
DHAKA,DHAKA MAHANAGARI,UTTARA,131893,SCHOLAR'S CITY COLLEGE,Day,Bangla,Humanities
DHAKA,DHAKA MAHANAGARI,UTTARA,131893,SCHOLAR'S CITY COLLEGE,Day,Bangla,Science
DHAKA,DHAKA MAHANAGARI,UTTARA,132039,UTTARA IDEAL COMMERCE COLLEGE,Day,Bangla,Business Studies
DHAKA,DHAKA MAHANAGARI,UTTARA,132047,OASIS INTERMEDIATE COLLEGE,Day,Bangla,Business Studies
DHAKA,DHAKA MAHANAGARI,UTTARA,132047,OASIS INTERMEDIATE COLLEGE,Day,Bangla,Science
DHAKA,DHAKA MAHANAGARI,UTTARA,132047,OASIS INTERMEDIATE COLLEGE,Day,Bangla,Humanities
DHAKA,DHAKA MAHANAGARI,UTTARA,132049,TALENT CAMPUS COLLEGE,Day,Bangla,Humanities
DHAKA,DHAKA MAHANAGARI,UTTARA,132049,TALENT CAMPUS COLLEGE,Day,Bangla,Business Studies
DHAKA,DHAKA MAHANAGARI,UTTARA,132049,TALENT CAMPUS COLLEGE,Day,Bangla,Science
DHAKA,DHAKA MAHANAGARI,UTTARA,132050,C S D COLLEGE,Day,Bangla,Humanities
DHAKA,DHAKA MAHANAGARI,UTTARA,132050,C S D COLLEGE,Day,Bangla,Science
DHAKA,DHAKA MAHANAGARI,UTTARA,132050,C S D COLLEGE,Day,Bangla,Business Studies
DHAKA,DHAKA MAHANAGARI,UTTARA,132056,UTTARA PUBLIC COLLEGE,Day,Bangla,Humanities
DHAKA,DHAKA MAHANAGARI,UTTARA,132056,UTTARA PUBLIC COLLEGE,Day,Bangla,Business Studies
DHAKA,DHAKA MAHANAGARI,UTTARA,132056,UTTARA PUBLIC COLLEGE,Day,Bangla,Science
DHAKA,DHAKA MAHANAGARI,UTTARA,132080,BAIKAL COLLEGE,Morning,Bangla,Business Studies
DHAKA,DHAKA MAHANAGARI,UTTARA,132080,BAIKAL COLLEGE,Morning,Bangla,Humanities
DHAKA,DHAKA MAHANAGARI,UTTARA,132080,BAIKAL COLLEGE,Morning,Bangla,Science
DHAKA,DHAKA MAHANAGARI,UTTARA,132122,HOLY CHILD COLLEGE,Morning,Bangla,Humanities
DHAKA,DHAKA MAHANAGARI,UTTARA,132122,HOLY CHILD COLLEGE,Morning,English,Business Studies
DHAKA,DHAKA MAHANAGARI,UTTARA,132122,HOLY CHILD COLLEGE,Morning,Bangla,Science
DHAKA,DHAKA MAHANAGARI,UTTARA,132122,HOLY CHILD COLLEGE,Day,Bangla,Science
DHAKA,DHAKA MAHANAGARI,UTTARA,132122,HOLY CHILD COLLEGE,Morning,Bangla,Business Studies
DHAKA,DHAKA MAHANAGARI,UTTARA,132122,HOLY CHILD COLLEGE,Morning,English,Science
DHAKA,DHAKA MAHANAGARI,UTTARA,132169,BCI COLLEGE,Morning,English,Business Studies
DHAKA,DHAKA MAHANAGARI,UTTARA,132169,BCI COLLEGE,Morning,English,Science
DHAKA,DHAKA MAHANAGARI,UTTARA,132169,BCI COLLEGE,Morning,Bangla,Science
DHAKA,DHAKA MAHANAGARI,UTTARA,132169,BCI COLLEGE,Morning,Bangla,Humanities
DHAKA,DHAKA MAHANAGARI,UTTARA,132169,BCI COLLEGE,Morning,Bangla,Business Studies
DHAKA,DHAKA MAHANAGARI,UTTARA,133980,DAFFODIL COLLEGE UTTARA,Day,Bangla,Business Studies
DHAKA,DHAKA MAHANAGARI,UTTARA,133980,DAFFODIL COLLEGE UTTARA,Day,Bangla,Science
DHAKA,DHAKA MAHANAGARI,UTTARA,134005,UTTARA CREDENCE COLLEGE,Day,Bangla,Humanities
DHAKA,DHAKA MAHANAGARI,UTTARA,134005,UTTARA CREDENCE COLLEGE,Day,Bangla,Business Studies
DHAKA,DHAKA MAHANAGARI,UTTARA,134005,UTTARA CREDENCE COLLEGE,Day,Bangla,Science
DHAKA,DHAKA MAHANAGARI,UTTARA,134006,UTTARA CITY COLLEGE,Day,Bangla,Science
DHAKA,DHAKA MAHANAGARI,UTTARA,134006,UTTARA CITY COLLEGE,Day,Bangla,Humanities
DHAKA,DHAKA MAHANAGARI,UTTARA,134006,UTTARA CITY COLLEGE,Day,Bangla,Business Studies
DHAKA,DHAKA MAHANAGARI,UTTARA,134221,TRUST COLLEGE,Day,Bangla,Business Studies
DHAKA,DHAKA MAHANAGARI,UTTARA,134221,TRUST COLLEGE,Day,English,Business Studies
DHAKA,DHAKA MAHANAGARI,UTTARA,134221,TRUST COLLEGE,Day,Bangla,Science
DHAKA,DHAKA MAHANAGARI,UTTARA,134221,TRUST COLLEGE,Day,English,Science
DHAKA,DHAKA MAHANAGARI,UTTARA,134221,TRUST COLLEGE,Day,Bangla,Humanities
DHAKA,DHAKA MAHANAGARI,UTTARA,134389,DHAKA MEGACITY COLLEGE,Morning,Bangla,Business Studies
DHAKA,DHAKA MAHANAGARI,UTTARA,134389,DHAKA MEGACITY COLLEGE,Morning,English,Business Studies
DHAKA,DHAKA MAHANAGARI,UTTARA,134389,DHAKA MEGACITY COLLEGE,Morning,Bangla,Science
DHAKA,DHAKA MAHANAGARI,UTTARA,134389,DHAKA MEGACITY COLLEGE,Morning,English,Science
DHAKA,DHAKA MAHANAGARI,UTTARA,134463,UTTARA ANNESION MODEL COLLEGE,Day,Bangla,Humanities
DHAKA,DHAKA MAHANAGARI,UTTARA,134463,UTTARA ANNESION MODEL COLLEGE,Day,Bangla,Business Studies
DHAKA,DHAKA MAHANAGARI,UTTARA,134463,UTTARA ANNESION MODEL COLLEGE,Day,Bangla,Science
DHAKA,DHAKA MAHANAGARI,UTTARA,134526,UTTARA RESIDENTIAL COLLEGE,Day,Bangla,Business Studies
DHAKA,DHAKA MAHANAGARI,UTTARA,134526,UTTARA RESIDENTIAL COLLEGE,Day,Bangla,Humanities
DHAKA,DHAKA MAHANAGARI,UTTARA,134526,UTTARA RESIDENTIAL COLLEGE,Day,Bangla,Science
DHAKA,DHAKA MAHANAGARI,UTTARA,134558,UTTARA UNITED COLLEGE,Morning,Bangla,Science
DHAKA,DHAKA MAHANAGARI,UTTARA,134558,UTTARA UNITED COLLEGE,Morning,Bangla,Business Studies
DHAKA,DHAKA MAHANAGARI,UTTARA,134558,UTTARA UNITED COLLEGE,Morning,Bangla,Humanities
DHAKA,DHAKA MAHANAGARI,UTTARA,134587,ANWARA-MANNAF GIRLS' SCHOOL & COLLEGE,Morning,Bangla,Humanities
DHAKA,DHAKA MAHANAGARI,UTTARA,134587,ANWARA-MANNAF GIRLS' SCHOOL & COLLEGE,Morning,Bangla,Science
DHAKA,DHAKA MAHANAGARI,UTTARA,134587,ANWARA-MANNAF GIRLS' SCHOOL & COLLEGE,Morning,Bangla,Business Studies
DHAKA,DHAKA MAHANAGARI,UTTARA,134599,HAZI COLLEGE,Day,Bangla,Humanities
DHAKA,DHAKA MAHANAGARI,UTTARA,134599,HAZI COLLEGE,Day,Bangla,Science
DHAKA,DHAKA MAHANAGARI,UTTARA,134599,HAZI COLLEGE,Day,Bangla,Business Studies
DHAKA,DHAKA MAHANAGARI,UTTARA,135478,THE BRILLIANT COLLEGE,Morning,Bangla,Business Studies
DHAKA,DHAKA MAHANAGARI,UTTARA,135478,THE BRILLIANT COLLEGE,Morning,Bangla,Science
DHAKA,DHAKA MAHANAGARI,UTTARA,135478,THE BRILLIANT COLLEGE,Morning,Bangla,Humanities
DHAKA,DHAKA MAHANAGARI,UTTARA,136256,WIDE VISION COLLEGE,Morning,Bangla,Science
DHAKA,DHAKA MAHANAGARI,UTTARA,136256,WIDE VISION COLLEGE,Morning,Bangla,Humanities
DHAKA,DHAKA MAHANAGARI,UTTARA,136256,WIDE VISION COLLEGE,Morning,Bangla,Business Studies
DHAKA,DHAKA MAHANAGARI,UTTARA,136318,AKIJ FOUNDATION COLLEGE,Morning,English,Science
DHAKA,DHAKA MAHANAGARI,UTTARA,136318,AKIJ FOUNDATION COLLEGE,Morning,English,Business Studies
DHAKA,DHAKA MAHANAGARI,UTTARA,136318,AKIJ FOUNDATION COLLEGE,Morning,Bangla,Business Studies
DHAKA,DHAKA MAHANAGARI,UTTARA,136318,AKIJ FOUNDATION COLLEGE,Morning,Bangla,Science
DHAKA,DHAKA MAHANAGARI,UTTARA,136675,AMERICAN COLLEGE,Day,Bangla,Science
DHAKA,DHAKA MAHANAGARI,UTTARA,136675,AMERICAN COLLEGE,Day,Bangla,Business Studies
DHAKA,DHAKA MAHANAGARI,UTTARA,136675,AMERICAN COLLEGE,Day,Bangla,Humanities
DHAKA,DHAKA MAHANAGARI,UTTARA,136871,MYLASHIUM COLLEGE,Day,Bangla,Humanities
DHAKA,DHAKA MAHANAGARI,UTTARA,136871,MYLASHIUM COLLEGE,Day,Bangla,Science
DHAKA,DHAKA MAHANAGARI,UTTARA,136871,MYLASHIUM COLLEGE,Day,Bangla,Business Studies
DHAKA,DHAKA MAHANAGARI,UTTARA,136886,SUNRISE COLLEGE,Morning,English,Humanities
DHAKA,DHAKA MAHANAGARI,UTTARA,136886,SUNRISE COLLEGE,Morning,English,Science
DHAKA,DHAKA MAHANAGARI,UTTARA,136886,SUNRISE COLLEGE,Morning,Bangla,Science
DHAKA,DHAKA MAHANAGARI,UTTARA,136886,SUNRISE COLLEGE,Morning,English,Business Studies
DHAKA,DHAKA MAHANAGARI,UTTARA,136886,SUNRISE COLLEGE,Morning,Bangla,Humanities
DHAKA,DHAKA MAHANAGARI,UTTARA,136886,SUNRISE COLLEGE,Morning,Bangla,Business Studies
DHAKA,DHAKA MAHANAGARI,UTTARA,137099,NORTH CITY COLLEGE,Day,Bangla,Science
DHAKA,DHAKA MAHANAGARI,UTTARA,137099,NORTH CITY COLLEGE,Day,Bangla,Business Studies
DHAKA,DHAKA MAHANAGARI,UTTARA,137629,TOUCHSTONE COLLEGE,Day,Bangla,Business Studies
DHAKA,DHAKA MAHANAGARI,UTTARA,137629,TOUCHSTONE COLLEGE,Day,Bangla,Science
DHAKA,DHAKA MAHANAGARI,UTTARA,137629,TOUCHSTONE COLLEGE,Day,Bangla,Humanities
DHAKA,DHAKA MAHANAGARI,UTTARA,137667,NATIONAL PUBLIC COLLEGE,Day,Bangla,Science
DHAKA,DHAKA MAHANAGARI,UTTARA,137667,NATIONAL PUBLIC COLLEGE,Day,Bangla,Humanities
DHAKA,DHAKA MAHANAGARI,UTTARA,137667,NATIONAL PUBLIC COLLEGE,Day,Bangla,Business Studies
DHAKA,DHAKA MAHANAGARI,UTTARA,137673,BLOOMING FLOWER INTERNATIONAL COLLEGE,Day,Bangla,Science
DHAKA,DHAKA MAHANAGARI,UTTARA,137673,BLOOMING FLOWER INTERNATIONAL COLLEGE,Day,Bangla,Business Studies
DHAKA,DHAKA MAHANAGARI,UTTARA,137673,BLOOMING FLOWER INTERNATIONAL COLLEGE,Day,Bangla,Humanities
DHAKA,DHAKA MAHANAGARI,UTTARA,137680,MOAZZEM HOSSAIN IDEAL COLLEGE,Day,Bangla,Business Studies
DHAKA,DHAKA MAHANAGARI,UTTARA,137680,MOAZZEM HOSSAIN IDEAL COLLEGE,Day,Bangla,Science
DHAKA,DHAKA MAHANAGARI,UTTARA,137680,MOAZZEM HOSSAIN IDEAL COLLEGE,Day,Bangla,Humanities
DHAKA,DHAKA MAHANAGARI,UTTARA,137717,STAMFORD COLLEGE UTTARA,Day,Bangla,Humanities
DHAKA,DHAKA MAHANAGARI,UTTARA,137717,STAMFORD COLLEGE UTTARA,Day,Bangla,Business Studies
DHAKA,DHAKA MAHANAGARI,UTTARA,137717,STAMFORD COLLEGE UTTARA,Day,Bangla,Science
DHAKA,DHAKA MAHANAGARI,UTTARKHAN,108548,MAINARTEK HIGH SCHOOL AND COLLEGE,Day,Bangla,Business Studies
DHAKA,DHAKA MAHANAGARI,UTTARKHAN,108548,MAINARTEK HIGH SCHOOL AND COLLEGE,Day,Bangla,Humanities
DHAKA,DHAKA MAHANAGARI,UTTARKHAN,108548,MAINARTEK HIGH SCHOOL AND COLLEGE,Day,Bangla,Science
DHAKA,DHAKA MAHANAGARI,UTTARKHAN,108566,KANCHKURA COLLEGE,Day,Bangla,Humanities
DHAKA,DHAKA MAHANAGARI,UTTARKHAN,108566,KANCHKURA COLLEGE,Day,Bangla,Science
DHAKA,DHAKA MAHANAGARI,UTTARKHAN,108566,KANCHKURA COLLEGE,Day,Bangla,Business Studies
DHAKA,DHAKA MAHANAGARI,UTTARKHAN,134536,B. B. M. HIGH SCHOOL & COLLEGE,Day,Bangla,Humanities
DHAKA,DHAKA MAHANAGARI,UTTARKHAN,134536,B. B. M. HIGH SCHOOL & COLLEGE,Day,Bangla,Business Studies
DHAKA,DHAKA MAHANAGARI,UTTARKHAN,134536,B. B. M. HIGH SCHOOL & COLLEGE,Day,Bangla,Science
DHAKA,DHAKA,DHAMRAI,107919,DHAMRAI HARDINGE HIGH SCHOOL AND COLLEGE,Day,Bangla,Humanities
DHAKA,DHAKA,DHAMRAI,107919,DHAMRAI HARDINGE HIGH SCHOOL AND COLLEGE,Day,Bangla,Business Studies
DHAKA,DHAKA,DHAMRAI,107919,DHAMRAI HARDINGE HIGH SCHOOL AND COLLEGE,Day,Bangla,Science
DHAKA,DHAKA,DHAMRAI,107924,SUAPUR NANNAR SCHOOL AND COLLEGE,Day,Bangla,Business Studies
DHAKA,DHAKA,DHAMRAI,107924,SUAPUR NANNAR SCHOOL AND COLLEGE,Day,Bangla,Science
DHAKA,DHAKA,DHAMRAI,107924,SUAPUR NANNAR SCHOOL AND COLLEGE,Day,Bangla,Humanities
DHAKA,DHAKA,DHAMRAI,107927,JADABPUR BHUBAN MOHAN HIGH SCHOOL AND COLLEGE,Day,Bangla,Humanities
DHAKA,DHAKA,DHAMRAI,107927,JADABPUR BHUBAN MOHAN HIGH SCHOOL AND COLLEGE,Day,Bangla,Science
DHAKA,DHAKA,DHAMRAI,107927,JADABPUR BHUBAN MOHAN HIGH SCHOOL AND COLLEGE,Day,Bangla,Business Studies
DHAKA,DHAKA,DHAMRAI,107953,GOVT. DHAMRAI COLLEGE,Day,Bangla,Science
DHAKA,DHAKA,DHAMRAI,107953,GOVT. DHAMRAI COLLEGE,Day,Bangla,Humanities
DHAKA,DHAKA,DHAMRAI,107953,GOVT. DHAMRAI COLLEGE,Day,Bangla,Business Studies
DHAKA,DHAKA,DHAMRAI,107954,NABAJUG COLLEGE,Day,Bangla,Humanities
DHAKA,DHAKA,DHAMRAI,107954,NABAJUG COLLEGE,Day,Bangla,Science
DHAKA,DHAKA,DHAMRAI,107954,NABAJUG COLLEGE,Day,Bangla,Business Studies
DHAKA,DHAKA,DHAMRAI,107955,BHALUM ATAUR RAHMAN KHAN COLLEGE,Day,Bangla,Humanities
DHAKA,DHAKA,DHAMRAI,107955,BHALUM ATAUR RAHMAN KHAN COLLEGE,Day,Bangla,Business Studies
DHAKA,DHAKA,DHAMRAI,107955,BHALUM ATAUR RAHMAN KHAN COLLEGE,Day,Bangla,Science
DHAKA,DHAKA,DHAMRAI,136304,RAJAPUR BEGUM ANOWARA GIRLS COLLEGE,Day,Bangla,Business Studies
DHAKA,DHAKA,DHAMRAI,136304,RAJAPUR BEGUM ANOWARA GIRLS COLLEGE,Day,Bangla,Humanities
DHAKA,DHAKA,DHAMRAI,138055,AMIN MODEL TOWN COLLEGE,Day,Bangla,Science
DHAKA,DHAKA,DHAMRAI,138055,AMIN MODEL TOWN COLLEGE,Day,Bangla,Business Studies
DHAKA,DHAKA,DHAMRAI,138055,AMIN MODEL TOWN COLLEGE,Day,Bangla,Humanities
DHAKA,DHAKA,DHAMRAI,138809,DHAMRAI MODEL COLLEGE,Day,Bangla,Science
DHAKA,DHAKA,DHAMRAI,138809,DHAMRAI MODEL COLLEGE,Day,Bangla,Humanities
DHAKA,DHAKA,DHAMRAI,138809,DHAMRAI MODEL COLLEGE,Day,Bangla,Business Studies
DHAKA,DHAKA,DHAMRAI,139414,AFAZ UDDIN COLLEGE,Day,Bangla,Business Studies
DHAKA,DHAKA,DHAMRAI,139414,AFAZ UDDIN COLLEGE,Day,Bangla,Science
DHAKA,DHAKA,DHAMRAI,139414,AFAZ UDDIN COLLEGE,Day,Bangla,Humanities
DHAKA,DHAKA,DHAMRAI,139546,PROF. DR. M A MANNAN COLLEGE,Day,Bangla,Humanities
DHAKA,DHAKA,DHAMRAI,139546,PROF. DR. M A MANNAN COLLEGE,Day,Bangla,Science
DHAKA,DHAKA,DHAMRAI,139546,PROF. DR. M A MANNAN COLLEGE,Day,Bangla,Business Studies
DHAKA,DHAKA,DOHAR,107994,BEGUM AYESHA PILOT GIRLS' HIGH SCHOOL AND COLLEGE,Day,Bangla,Business Studies
DHAKA,DHAKA,DOHAR,107994,BEGUM AYESHA PILOT GIRLS' HIGH SCHOOL AND COLLEGE,Day,Bangla,Humanities
DHAKA,DHAKA,DOHAR,108009,PADMA GOVT. COLLEGE,Day,Bangla,Humanities
DHAKA,DHAKA,DOHAR,108009,PADMA GOVT. COLLEGE,Day,Bangla,Business Studies
DHAKA,DHAKA,DOHAR,108009,PADMA GOVT. COLLEGE,Day,Bangla,Science
DHAKA,DHAKA,DOHAR,108010,JOYPARA COLLEGE,Day,Bangla,Science
DHAKA,DHAKA,DOHAR,108010,JOYPARA COLLEGE,Day,Bangla,Business Studies
DHAKA,DHAKA,DOHAR,108010,JOYPARA COLLEGE,Day,Bangla,Humanities
DHAKA,DHAKA,DOHAR,108011,MALIKANDA MEGHULA SCHOOL AND COLLEGE,Day,Bangla,Business Studies
DHAKA,DHAKA,DOHAR,108011,MALIKANDA MEGHULA SCHOOL AND COLLEGE,Day,Bangla,Humanities
DHAKA,DHAKA,DOHAR,108011,MALIKANDA MEGHULA SCHOOL AND COLLEGE,Day,Bangla,Science
DHAKA,DHAKA,DOHAR,139221,KOTHABARI COLLEGE,Day,Bangla,Business Studies
DHAKA,DHAKA,DOHAR,139221,KOTHABARI COLLEGE,Day,Bangla,Humanities
DHAKA,DHAKA,DOHAR,139221,KOTHABARI COLLEGE,Day,Bangla,Science
DHAKA,DHAKA,KERANIGANJ,108074,ADHYAPAK HAMIDUR RAHMAN SCHOOL & COLLEGE,Day,Bangla,Science
DHAKA,DHAKA,KERANIGANJ,108074,ADHYAPAK HAMIDUR RAHMAN SCHOOL & COLLEGE,Day,Bangla,Business Studies
DHAKA,DHAKA,KERANIGANJ,108074,ADHYAPAK HAMIDUR RAHMAN SCHOOL & COLLEGE,Day,Bangla,Humanities
DHAKA,DHAKA,KERANIGANJ,108085,ATI BHAWAL UCHCHA MADHAMIK BIDYALAYA,Day,Bangla,Business Studies
DHAKA,DHAKA,KERANIGANJ,108085,ATI BHAWAL UCHCHA MADHAMIK BIDYALAYA,Day,Bangla,Humanities
DHAKA,DHAKA,KERANIGANJ,108085,ATI BHAWAL UCHCHA MADHAMIK BIDYALAYA,Day,Bangla,Science
DHAKA,DHAKA,KERANIGANJ,108091,CHUNKUTIA GIRLS HIGH SCHOOL AND COLLEGE,Day,Bangla,Business Studies
DHAKA,DHAKA,KERANIGANJ,108091,CHUNKUTIA GIRLS HIGH SCHOOL AND COLLEGE,Day,Bangla,Science
DHAKA,DHAKA,KERANIGANJ,108091,CHUNKUTIA GIRLS HIGH SCHOOL AND COLLEGE,Day,Bangla,Humanities
DHAKA,DHAKA,KERANIGANJ,108098,RAJABARI SCHOOL & COLLEGE,Day,Bangla,Humanities
DHAKA,DHAKA,KERANIGANJ,108098,RAJABARI SCHOOL & COLLEGE,Day,Bangla,Science
DHAKA,DHAKA,KERANIGANJ,108098,RAJABARI SCHOOL & COLLEGE,Day,Bangla,Business Studies
DHAKA,DHAKA,KERANIGANJ,108112,DOLESHWAR ABDUL MANNAN ADARSHA MAHABIDYALAYA,Day,Bangla,Business Studies
DHAKA,DHAKA,KERANIGANJ,108112,DOLESHWAR ABDUL MANNAN ADARSHA MAHABIDYALAYA,Day,Bangla,Humanities
DHAKA,DHAKA,KERANIGANJ,108112,DOLESHWAR ABDUL MANNAN ADARSHA MAHABIDYALAYA,Day,Bangla,Science
DHAKA,DHAKA,KERANIGANJ,108113,NAYABAZAR COLLEGE,Day,Bangla,Humanities
DHAKA,DHAKA,KERANIGANJ,108113,NAYABAZAR COLLEGE,Day,Bangla,Science
DHAKA,DHAKA,KERANIGANJ,108113,NAYABAZAR COLLEGE,Day,Bangla,Business Studies
DHAKA,DHAKA,KERANIGANJ,108114,SHAHID PRESIDENT ZIAUR RAHMAN COLLEGE,Day,Bangla,Humanities
DHAKA,DHAKA,KERANIGANJ,108114,SHAHID PRESIDENT ZIAUR RAHMAN COLLEGE,Day,Bangla,Science
DHAKA,DHAKA,KERANIGANJ,108114,SHAHID PRESIDENT ZIAUR RAHMAN COLLEGE,Day,Bangla,Business Studies
DHAKA,DHAKA,KERANIGANJ,108115,KALATIA COLLEGE,Day,Bangla,Humanities
DHAKA,DHAKA,KERANIGANJ,108115,KALATIA COLLEGE,Day,Bangla,Business Studies
DHAKA,DHAKA,KERANIGANJ,108115,KALATIA COLLEGE,Day,Bangla,Science
DHAKA,DHAKA,KERANIGANJ,108116,GOVT. ISPAHANI DEGREE COLLEGE,Day,Bangla,Humanities
DHAKA,DHAKA,KERANIGANJ,108116,GOVT. ISPAHANI DEGREE COLLEGE,Day,Bangla,Business Studies
DHAKA,DHAKA,KERANIGANJ,108116,GOVT. ISPAHANI DEGREE COLLEGE,Day,Bangla,Science
DHAKA,DHAKA,KERANIGANJ,108117,KERANIGANJ MOHILA COLLEGE,Day,Bangla,Business Studies
DHAKA,DHAKA,KERANIGANJ,108117,KERANIGANJ MOHILA COLLEGE,Day,Bangla,Science
DHAKA,DHAKA,KERANIGANJ,108117,KERANIGANJ MOHILA COLLEGE,Day,Bangla,Humanities
DHAKA,DHAKA,KERANIGANJ,108118,ZINZIRA PIR MOHAMMAD PILOT SCHOOL AND COLLEGE,Day,Bangla,Business Studies
DHAKA,DHAKA,KERANIGANJ,108118,ZINZIRA PIR MOHAMMAD PILOT SCHOOL AND COLLEGE,Day,Bangla,Humanities
DHAKA,DHAKA,KERANIGANJ,108118,ZINZIRA PIR MOHAMMAD PILOT SCHOOL AND COLLEGE,Day,Bangla,Science
DHAKA,DHAKA,KERANIGANJ,108119,BORISHUR ANCHALIC UCHCHA MADYAMIC BIDYALAYA,Day,Bangla,Business Studies
DHAKA,DHAKA,KERANIGANJ,108119,BORISHUR ANCHALIC UCHCHA MADYAMIC BIDYALAYA,Day,Bangla,Humanities
DHAKA,DHAKA,KERANIGANJ,108120,BAGHAPUR UCCHA MADYAMIC BIDDALAYA,Day,Bangla,Science
DHAKA,DHAKA,KERANIGANJ,108120,BAGHAPUR UCCHA MADYAMIC BIDDALAYA,Day,Bangla,Humanities
DHAKA,DHAKA,KERANIGANJ,108120,BAGHAPUR UCCHA MADYAMIC BIDDALAYA,Day,Bangla,Business Studies
DHAKA,DHAKA,KERANIGANJ,108121,KERANIGANJ GIRLS' SCHOOL AND COLLEGE,Day,Bangla,Science
DHAKA,DHAKA,KERANIGANJ,108121,KERANIGANJ GIRLS' SCHOOL AND COLLEGE,Day,Bangla,Business Studies
DHAKA,DHAKA,KERANIGANJ,108121,KERANIGANJ GIRLS' SCHOOL AND COLLEGE,Day,Bangla,Humanities
DHAKA,DHAKA,KERANIGANJ,130773,KERANIGONJ RESIDENTIAL COLLEGE,Day,Bangla,Science
DHAKA,DHAKA,KERANIGANJ,130773,KERANIGONJ RESIDENTIAL COLLEGE,Day,Bangla,Business Studies
DHAKA,DHAKA,KERANIGANJ,130773,KERANIGONJ RESIDENTIAL COLLEGE,Day,Bangla,Humanities
DHAKA,DHAKA,KERANIGANJ,136262,SOUTHERN CITY COLLEGE,Day,Bangla,Business Studies
DHAKA,DHAKA,KERANIGANJ,136262,SOUTHERN CITY COLLEGE,Day,Bangla,Science
DHAKA,DHAKA,KERANIGANJ,136262,SOUTHERN CITY COLLEGE,Day,Bangla,Humanities
DHAKA,DHAKA,KERANIGANJ,138777,RAJDHANI GIRLS COLLEGE,Day,Bangla,Business Studies
DHAKA,DHAKA,KERANIGANJ,138777,RAJDHANI GIRLS COLLEGE,Day,Bangla,Humanities
DHAKA,DHAKA,KERANIGANJ,138777,RAJDHANI GIRLS COLLEGE,Day,Bangla,Science
DHAKA,DHAKA,NAWABGANJ,108281,PARAGRAM HIGH SCHOOL AND COLLEGE,Day,Bangla,Humanities
DHAKA,DHAKA,NAWABGANJ,108281,PARAGRAM HIGH SCHOOL AND COLLEGE,Day,Bangla,Business Studies
DHAKA,DHAKA,NAWABGANJ,108282,BANDURA HOLY CROSS SCHOOL AND COLLEGE,Day,Bangla,Science
DHAKA,DHAKA,NAWABGANJ,108282,BANDURA HOLY CROSS SCHOOL AND COLLEGE,Day,Bangla,Humanities
DHAKA,DHAKA,NAWABGANJ,108282,BANDURA HOLY CROSS SCHOOL AND COLLEGE,Day,Bangla,Business Studies
DHAKA,DHAKA,NAWABGANJ,108289,ST. EUPHRASIE'S GIRLS' HIGH SCHOOL & COLLEGE,Day,Bangla,Business Studies
DHAKA,DHAKA,NAWABGANJ,108289,ST. EUPHRASIE'S GIRLS' HIGH SCHOOL & COLLEGE,Day,Bangla,Science
DHAKA,DHAKA,NAWABGANJ,108289,ST. EUPHRASIE'S GIRLS' HIGH SCHOOL & COLLEGE,Day,Bangla,Humanities
DHAKA,DHAKA,NAWABGANJ,108298,NAWABGANJ GOVERNMENT PILOT HIGH SCHOOL AND COLLEGE,Day,Bangla,Business Studies
DHAKA,DHAKA,NAWABGANJ,108298,NAWABGANJ GOVERNMENT PILOT HIGH SCHOOL AND COLLEGE,Day,Bangla,Science
DHAKA,DHAKA,NAWABGANJ,108311,PATHANKANDA KOMORGANJ BARDHANPARA SCHOOL AND COLLEGE,Day,Bangla,Science
DHAKA,DHAKA,NAWABGANJ,108311,PATHANKANDA KOMORGANJ BARDHANPARA SCHOOL AND COLLEGE,Day,Bangla,Business Studies
DHAKA,DHAKA,NAWABGANJ,108311,PATHANKANDA KOMORGANJ BARDHANPARA SCHOOL AND COLLEGE,Day,Bangla,Humanities
DHAKA,DHAKA,NAWABGANJ,108317,"TOFAZZAL HOSSAIN CHOWDHURY COLLEGE, SHIKARIPARA",Day,Bangla,Business Studies
DHAKA,DHAKA,NAWABGANJ,108317,"TOFAZZAL HOSSAIN CHOWDHURY COLLEGE, SHIKARIPARA",Day,Bangla,Humanities
DHAKA,DHAKA,NAWABGANJ,108317,"TOFAZZAL HOSSAIN CHOWDHURY COLLEGE, SHIKARIPARA",Day,Bangla,Science
DHAKA,DHAKA,NAWABGANJ,108318,GOVT. DOHAR NAWABGANJ COLLEGE,Day,Bangla,Humanities
DHAKA,DHAKA,NAWABGANJ,108318,GOVT. DOHAR NAWABGANJ COLLEGE,Day,Bangla,Business Studies
DHAKA,DHAKA,NAWABGANJ,108318,GOVT. DOHAR NAWABGANJ COLLEGE,Day,Bangla,Science
DHAKA,DHAKA,NAWABGANJ,108319,ICHHAMATI COLLEGE,Day,Bangla,Humanities
DHAKA,DHAKA,NAWABGANJ,108319,ICHHAMATI COLLEGE,Day,Bangla,Science
DHAKA,DHAKA,NAWABGANJ,108319,ICHHAMATI COLLEGE,Day,Bangla,Business Studies
DHAKA,DHAKA,NAWABGANJ,108320,NAWABGONJ PILOT UCHCHA MADYAMIC BALIKA BIDYALAYA,Day,Bangla,Business Studies
DHAKA,DHAKA,NAWABGANJ,108320,NAWABGONJ PILOT UCHCHA MADYAMIC BALIKA BIDYALAYA,Day,Bangla,Humanities
DHAKA,DHAKA,NAWABGANJ,108321,"SHOLLA HIGHER SECONDARY SCHOOL, NAWABGONJ",Day,Bangla,Business Studies
DHAKA,DHAKA,NAWABGANJ,108321,"SHOLLA HIGHER SECONDARY SCHOOL, NAWABGONJ",Day,Bangla,Humanities
DHAKA,DHAKA,SAVAR,108406,ATOMIC ENERGY RESEARCH ESTABLISHMENT SCHOOL AND COLLEGE,Day,Bangla,Science
DHAKA,DHAKA,SAVAR,108406,ATOMIC ENERGY RESEARCH ESTABLISHMENT SCHOOL AND COLLEGE,Day,Bangla,Humanities
DHAKA,DHAKA,SAVAR,108406,ATOMIC ENERGY RESEARCH ESTABLISHMENT SCHOOL AND COLLEGE,Day,Bangla,Business Studies
DHAKA,DHAKA,SAVAR,108411,RADIO COLONY MODEL SCHOOL AND COLLEGE,Day,Bangla,Humanities
DHAKA,DHAKA,SAVAR,108411,RADIO COLONY MODEL SCHOOL AND COLLEGE,Day,Bangla,Science
DHAKA,DHAKA,SAVAR,108411,RADIO COLONY MODEL SCHOOL AND COLLEGE,Day,Bangla,Business Studies
DHAKA,DHAKA,SAVAR,108414,SHIMULIA SHAYMA PRASAD SCHOOL & COLLEGE,Day,Bangla,Business Studies
DHAKA,DHAKA,SAVAR,108414,SHIMULIA SHAYMA PRASAD SCHOOL & COLLEGE,Day,Bangla,Science
DHAKA,DHAKA,SAVAR,108414,SHIMULIA SHAYMA PRASAD SCHOOL & COLLEGE,Day,Bangla,Humanities
DHAKA,DHAKA,SAVAR,108416,GAZIRCHAT AKBAR MANDAL HIGH SCHOOL AND COLLEGE,Day,Bangla,Business Studies
DHAKA,DHAKA,SAVAR,108416,GAZIRCHAT AKBAR MANDAL HIGH SCHOOL AND COLLEGE,Day,Bangla,Science
DHAKA,DHAKA,SAVAR,108416,GAZIRCHAT AKBAR MANDAL HIGH SCHOOL AND COLLEGE,Day,Bangla,Humanities
DHAKA,DHAKA,SAVAR,108417,AKRAN HIGH SCHOOL AND COLLEGE,Day,Bangla,Science
DHAKA,DHAKA,SAVAR,108417,AKRAN HIGH SCHOOL AND COLLEGE,Day,Bangla,Humanities
DHAKA,DHAKA,SAVAR,108417,AKRAN HIGH SCHOOL AND COLLEGE,Day,Bangla,Business Studies
DHAKA,DHAKA,SAVAR,108418,BHAKURTA UNION HIGH SCHOOL AND COLLEGE,Day,Bangla,Business Studies
DHAKA,DHAKA,SAVAR,108418,BHAKURTA UNION HIGH SCHOOL AND COLLEGE,Day,Bangla,Humanities
DHAKA,DHAKA,SAVAR,108420,GAKULNAGAR SCHOOL AND COLLEGE,Day,Bangla,Business Studies
DHAKA,DHAKA,SAVAR,108420,GAKULNAGAR SCHOOL AND COLLEGE,Day,Bangla,Science
DHAKA,DHAKA,SAVAR,108420,GAKULNAGAR SCHOOL AND COLLEGE,Day,Bangla,Humanities
DHAKA,DHAKA,SAVAR,108424,KATHGARA HIGH SCHOOL AND COLLEGE,Day,Bangla,Humanities
DHAKA,DHAKA,SAVAR,108424,KATHGARA HIGH SCHOOL AND COLLEGE,Day,Bangla,Business Studies
DHAKA,DHAKA,SAVAR,108424,KATHGARA HIGH SCHOOL AND COLLEGE,Day,Bangla,Science
DHAKA,DHAKA,SAVAR,108426,BKSP PUBLIC SCHOOL & COLLEGE,Day,Bangla,Business Studies
DHAKA,DHAKA,SAVAR,108426,BKSP PUBLIC SCHOOL & COLLEGE,Day,Bangla,Humanities
DHAKA,DHAKA,SAVAR,108426,BKSP PUBLIC SCHOOL & COLLEGE,Day,Bangla,Science
DHAKA,DHAKA,SAVAR,108429,MOHAMMAD ALI YEAKUB ALI SCHOOL & COLLEGE,Day,Bangla,Business Studies
DHAKA,DHAKA,SAVAR,108429,MOHAMMAD ALI YEAKUB ALI SCHOOL & COLLEGE,Day,Bangla,Humanities
DHAKA,DHAKA,SAVAR,108429,MOHAMMAD ALI YEAKUB ALI SCHOOL & COLLEGE,Day,Bangla,Science
DHAKA,DHAKA,SAVAR,108433,GOMAIL HIGH SCHOOL AND COLLEGE,Day,Bangla,Humanities
DHAKA,DHAKA,SAVAR,108433,GOMAIL HIGH SCHOOL AND COLLEGE,Day,Bangla,Business Studies
DHAKA,DHAKA,SAVAR,108433,GOMAIL HIGH SCHOOL AND COLLEGE,Day,Bangla,Science
DHAKA,DHAKA,SAVAR,108448,TETULJHORA COLLEGE,Day,Bangla,Business Studies
DHAKA,DHAKA,SAVAR,108448,TETULJHORA COLLEGE,Day,Bangla,Science
DHAKA,DHAKA,SAVAR,108448,TETULJHORA COLLEGE,Day,Bangla,Humanities
DHAKA,DHAKA,SAVAR,108449,ALHAJ ABDUL MANNAN COLLEGE,Day,Bangla,Business Studies
DHAKA,DHAKA,SAVAR,108449,ALHAJ ABDUL MANNAN COLLEGE,Day,Bangla,Humanities
DHAKA,DHAKA,SAVAR,108449,ALHAJ ABDUL MANNAN COLLEGE,Day,Bangla,Science
DHAKA,DHAKA,SAVAR,108450,MIRZA GOLAM HAFIZ COLLEGE,Day,Bangla,Science
DHAKA,DHAKA,SAVAR,108450,MIRZA GOLAM HAFIZ COLLEGE,Day,Bangla,Humanities
DHAKA,DHAKA,SAVAR,108450,MIRZA GOLAM HAFIZ COLLEGE,Day,Bangla,Business Studies
DHAKA,DHAKA,SAVAR,108451,SAVAR MODEL COLLEGE,Day,Bangla,Science
DHAKA,DHAKA,SAVAR,108451,SAVAR MODEL COLLEGE,Day,Bangla,Business Studies
DHAKA,DHAKA,SAVAR,108451,SAVAR MODEL COLLEGE,Day,Bangla,Humanities
DHAKA,DHAKA,SAVAR,108452,MOFAZZAL-MOMENA CHAKLADAR MOHILA COLLEGE,Day,Bangla,Science
DHAKA,DHAKA,SAVAR,108452,MOFAZZAL-MOMENA CHAKLADAR MOHILA COLLEGE,Day,Bangla,Humanities
DHAKA,DHAKA,SAVAR,108452,MOFAZZAL-MOMENA CHAKLADAR MOHILA COLLEGE,Day,Bangla,Business Studies
DHAKA,DHAKA,SAVAR,108453,SAVAR GOVT. COLLEGE,Day,Bangla,Business Studies
DHAKA,DHAKA,SAVAR,108453,SAVAR GOVT. COLLEGE,Day,Bangla,Humanities
DHAKA,DHAKA,SAVAR,108453,SAVAR GOVT. COLLEGE,Day,Bangla,Science
DHAKA,DHAKA,SAVAR,108454,"ZIRABO DEWAN IDRIS COLLEGE, SAVAR",Day,Bangla,Science
DHAKA,DHAKA,SAVAR,108454,"ZIRABO DEWAN IDRIS COLLEGE, SAVAR",Day,Bangla,Business Studies
DHAKA,DHAKA,SAVAR,108454,"ZIRABO DEWAN IDRIS COLLEGE, SAVAR",Day,Bangla,Humanities
DHAKA,DHAKA,SAVAR,108456,ASHULIA UCHCHA MADHYAMIC BIDHYALAYA,Day,Bangla,Science
DHAKA,DHAKA,SAVAR,108456,ASHULIA UCHCHA MADHYAMIC BIDHYALAYA,Day,Bangla,Business Studies
DHAKA,DHAKA,SAVAR,108456,ASHULIA UCHCHA MADHYAMIC BIDHYALAYA,Day,Bangla,Humanities
DHAKA,DHAKA,SAVAR,108458,BEPZA PUBLIC COLLEGE,Day,Bangla,Science
DHAKA,DHAKA,SAVAR,108458,BEPZA PUBLIC COLLEGE,Day,Bangla,Business Studies
DHAKA,DHAKA,SAVAR,108458,BEPZA PUBLIC COLLEGE,Day,Bangla,Humanities
DHAKA,DHAKA,SAVAR,108459,SAVAR CANTONMENT PUBLIC SCHOOL AND COLLEGE,Day,English,Science
DHAKA,DHAKA,SAVAR,108459,SAVAR CANTONMENT PUBLIC SCHOOL AND COLLEGE,Day,Bangla,Humanities
DHAKA,DHAKA,SAVAR,108459,SAVAR CANTONMENT PUBLIC SCHOOL AND COLLEGE,Day,Bangla,Business Studies
DHAKA,DHAKA,SAVAR,108459,SAVAR CANTONMENT PUBLIC SCHOOL AND COLLEGE,Day,Bangla,Science
DHAKA,DHAKA,SAVAR,108460,JAHANGIR NAGAR UNIVERSITY SCHOOL AND COLLEGE,Day,Bangla,Business Studies
DHAKA,DHAKA,SAVAR,108460,JAHANGIR NAGAR UNIVERSITY SCHOOL AND COLLEGE,Day,Bangla,Science
DHAKA,DHAKA,SAVAR,108460,JAHANGIR NAGAR UNIVERSITY SCHOOL AND COLLEGE,Day,Bangla,Humanities
DHAKA,DHAKA,SAVAR,108461,B P A T C SCHOOL & COLLEGE,Day,Bangla,Science
DHAKA,DHAKA,SAVAR,108461,B P A T C SCHOOL & COLLEGE,Day,Bangla,Humanities
DHAKA,DHAKA,SAVAR,108461,B P A T C SCHOOL & COLLEGE,Day,Bangla,Business Studies
DHAKA,DHAKA,SAVAR,108462,MIRPUR MOFID-E-AM UCHCHA MADHYAMIC BIDHYALAYA,Day,Bangla,Science
DHAKA,DHAKA,SAVAR,108462,MIRPUR MOFID-E-AM UCHCHA MADHYAMIC BIDHYALAYA,Day,Bangla,Humanities
DHAKA,DHAKA,SAVAR,108462,MIRPUR MOFID-E-AM UCHCHA MADHYAMIC BIDHYALAYA,Day,Bangla,Business Studies
DHAKA,DHAKA,SAVAR,108463,DOSHAID ADHONYA KUMAR SCHOOL AND COLLEGE,Day,Bangla,Science
DHAKA,DHAKA,SAVAR,108463,DOSHAID ADHONYA KUMAR SCHOOL AND COLLEGE,Day,Bangla,Business Studies
DHAKA,DHAKA,SAVAR,108463,DOSHAID ADHONYA KUMAR SCHOOL AND COLLEGE,Day,Bangla,Humanities
DHAKA,DHAKA,SAVAR,130699,BADDA HIGH SCHOOL & COLLEGE,Day,Bangla,Science
DHAKA,DHAKA,SAVAR,130699,BADDA HIGH SCHOOL & COLLEGE,Day,Bangla,Business Studies
DHAKA,DHAKA,SAVAR,130699,BADDA HIGH SCHOOL & COLLEGE,Day,Bangla,Humanities
DHAKA,DHAKA,SAVAR,130700,"ST. JOSEPH'S HIGH SCHOOL AND COLLEGE, DHARENDA",Morning,Bangla,Science
DHAKA,DHAKA,SAVAR,130700,"ST. JOSEPH'S HIGH SCHOOL AND COLLEGE, DHARENDA",Morning,Bangla,Business Studies
DHAKA,DHAKA,SAVAR,130700,"ST. JOSEPH'S HIGH SCHOOL AND COLLEGE, DHARENDA",Morning,Bangla,Humanities
DHAKA,DHAKA,SAVAR,130704,GOPALBARI NABIN PROGOTI SCHOOL AND COLLEGE,Day,Bangla,Science
DHAKA,DHAKA,SAVAR,130704,GOPALBARI NABIN PROGOTI SCHOOL AND COLLEGE,Day,Bangla,Humanities
DHAKA,DHAKA,SAVAR,130704,GOPALBARI NABIN PROGOTI SCHOOL AND COLLEGE,Day,Bangla,Business Studies
DHAKA,DHAKA,SAVAR,131047,COLLEGE OF FINANCE & MANAGEMENT,Day,Bangla,Science
DHAKA,DHAKA,SAVAR,131047,COLLEGE OF FINANCE & MANAGEMENT,Day,Bangla,Business Studies
DHAKA,DHAKA,SAVAR,131047,COLLEGE OF FINANCE & MANAGEMENT,Day,Bangla,Humanities
DHAKA,DHAKA,SAVAR,131670,COLLEGEX,Day,Bangla,Humanities
DHAKA,DHAKA,SAVAR,131670,COLLEGEX,Day,Bangla,Science
DHAKA,DHAKA,SAVAR,131670,COLLEGEX,Day,Bangla,Business Studies
DHAKA,DHAKA,SAVAR,131845,SAVAR LABORATORY COLLEGE,Day,Bangla,Science
DHAKA,DHAKA,SAVAR,131845,SAVAR LABORATORY COLLEGE,Day,Bangla,Business Studies
DHAKA,DHAKA,SAVAR,131845,SAVAR LABORATORY COLLEGE,Day,Bangla,Humanities
DHAKA,DHAKA,SAVAR,134152,SENA PUBLIC SCHOOL AND COLLEGE,Day,Bangla,Science
DHAKA,DHAKA,SAVAR,134793,MORNING GLORY SCHOOL & COLLEGE,Day,English,Science
DHAKA,DHAKA,SAVAR,136277,LEGEND COLLEGE,Day,Bangla,Humanities
DHAKA,DHAKA,SAVAR,136277,LEGEND COLLEGE,Day,Bangla,Science
DHAKA,DHAKA,SAVAR,136277,LEGEND COLLEGE,Day,Bangla,Business Studies
DHAKA,DHAKA,SAVAR,136308,HAZI YUNUS ALI COLLEGE,Day,Bangla,Science
DHAKA,DHAKA,SAVAR,136308,HAZI YUNUS ALI COLLEGE,Day,Bangla,Humanities
DHAKA,DHAKA,SAVAR,136308,HAZI YUNUS ALI COLLEGE,Day,Bangla,Business Studies
DHAKA,DHAKA,SAVAR,136876,MAESTRO CROWN COLLEGE,Day,Bangla,Business Studies
DHAKA,DHAKA,SAVAR,136876,MAESTRO CROWN COLLEGE,Day,Bangla,Science
DHAKA,DHAKA,SAVAR,136876,MAESTRO CROWN COLLEGE,Day,Bangla,Humanities
DHAKA,DHAKA,SAVAR,136894,CANADIAN COLLEGE,Day,Bangla,Business Studies
DHAKA,DHAKA,SAVAR,136894,CANADIAN COLLEGE,Day,Bangla,Humanities
DHAKA,DHAKA,SAVAR,138235,TANGAIL RESIDENTIAL COLLEGE,Day,Bangla,Humanities
DHAKA,DHAKA,SAVAR,138235,TANGAIL RESIDENTIAL COLLEGE,Day,Bangla,Business Studies
DHAKA,DHAKA,SAVAR,138235,TANGAIL RESIDENTIAL COLLEGE,Day,Bangla,Science
DHAKA,DHAKA,SAVAR,138811,SAVAR CITY COLLEGE,Day,Bangla,Business Studies
DHAKA,DHAKA,SAVAR,138811,SAVAR CITY COLLEGE,Day,Bangla,Science
DHAKA,DHAKA,SAVAR,138811,SAVAR CITY COLLEGE,Day,Bangla,Humanities
DHAKA,DHAKA,SAVAR,139526,JAHANGIRNAGAR SOCIETY GIRLS COLLEGE,Day,Bangla,Science
DHAKA,DHAKA,SAVAR,139526,JAHANGIRNAGAR SOCIETY GIRLS COLLEGE,Day,Bangla,Humanities
DHAKA,DHAKA,SAVAR,139526,JAHANGIRNAGAR SOCIETY GIRLS COLLEGE,Day,Bangla,Business Studies
DHAKA,DHAKA,SAVAR,139737,ANANDAPUR LABORATORY COLLEGE,Day,Bangla,Humanities
DHAKA,DHAKA,SAVAR,139737,ANANDAPUR LABORATORY COLLEGE,Day,Bangla,Science
DHAKA,DHAKA,SAVAR,139737,ANANDAPUR LABORATORY COLLEGE,Day,Bangla,Business Studies
DHAKA,GAZIPUR,GAZIPUR SADAR,108935,BHAWAL MIRZAPUR HAZI JAMIR UDDIN SCHOOL AND COLLEGE,Day,Bangla,Business Studies
DHAKA,GAZIPUR,GAZIPUR SADAR,108935,BHAWAL MIRZAPUR HAZI JAMIR UDDIN SCHOOL AND COLLEGE,Day,Bangla,Humanities
DHAKA,GAZIPUR,GAZIPUR SADAR,108935,BHAWAL MIRZAPUR HAZI JAMIR UDDIN SCHOOL AND COLLEGE,Day,Bangla,Science
DHAKA,GAZIPUR,GAZIPUR SADAR,108941,BHADUN MULTILATERAL SCHOOL & COLLEGE,Day,Bangla,Business Studies
DHAKA,GAZIPUR,GAZIPUR SADAR,108941,BHADUN MULTILATERAL SCHOOL & COLLEGE,Day,Bangla,Humanities
DHAKA,GAZIPUR,GAZIPUR SADAR,108950,ALEKJAN GIRLS' SCHOOL & COLLEGE,Day,Bangla,Business Studies
DHAKA,GAZIPUR,GAZIPUR SADAR,108950,ALEKJAN GIRLS' SCHOOL & COLLEGE,Day,Bangla,Humanities
DHAKA,GAZIPUR,GAZIPUR SADAR,108961,KAZIMUDDIN CHOWDHURY SCHOOL & COLLEGE,Day,Bangla,Business Studies
DHAKA,GAZIPUR,GAZIPUR SADAR,108961,KAZIMUDDIN CHOWDHURY SCHOOL & COLLEGE,Day,Bangla,Humanities
DHAKA,GAZIPUR,GAZIPUR SADAR,108966,KAMARJURI YOUSUF ALI HIGH SCHOOL & GIRLS' COLLEGE,Day,Bangla,Business Studies
DHAKA,GAZIPUR,GAZIPUR SADAR,108966,KAMARJURI YOUSUF ALI HIGH SCHOOL & GIRLS' COLLEGE,Day,Bangla,Humanities
DHAKA,GAZIPUR,GAZIPUR SADAR,108966,KAMARJURI YOUSUF ALI HIGH SCHOOL & GIRLS' COLLEGE,Day,Bangla,Science
DHAKA,GAZIPUR,GAZIPUR SADAR,108976,KASHIMPUR HIGH SCHOOL & COLLEGE,Day,Bangla,Science
DHAKA,GAZIPUR,GAZIPUR SADAR,108976,KASHIMPUR HIGH SCHOOL & COLLEGE,Day,Bangla,Business Studies
DHAKA,GAZIPUR,GAZIPUR SADAR,108976,KASHIMPUR HIGH SCHOOL & COLLEGE,Day,Bangla,Humanities
DHAKA,GAZIPUR,GAZIPUR SADAR,108978,HARBAID SCHOOL AND COLLEGE,Day,Bangla,Humanities
DHAKA,GAZIPUR,GAZIPUR SADAR,108978,HARBAID SCHOOL AND COLLEGE,Day,Bangla,Business Studies
DHAKA,GAZIPUR,GAZIPUR SADAR,108988,KHAILKUR BADSHA MIAH AGRANI HIGH SCHOOL AND COLLEGE,Day,Bangla,Science
DHAKA,GAZIPUR,GAZIPUR SADAR,108988,KHAILKUR BADSHA MIAH AGRANI HIGH SCHOOL AND COLLEGE,Day,Bangla,Humanities
DHAKA,GAZIPUR,GAZIPUR SADAR,108988,KHAILKUR BADSHA MIAH AGRANI HIGH SCHOOL AND COLLEGE,Day,Bangla,Business Studies
DHAKA,GAZIPUR,GAZIPUR SADAR,109028,HATIMARA UCHCHA MADHYAMIK BIDYALAYA,Day,Bangla,Business Studies
DHAKA,GAZIPUR,GAZIPUR SADAR,109028,HATIMARA UCHCHA MADHYAMIK BIDYALAYA,Day,Bangla,Humanities
DHAKA,GAZIPUR,GAZIPUR SADAR,109028,HATIMARA UCHCHA MADHYAMIK BIDYALAYA,Day,Bangla,Science
DHAKA,GAZIPUR,GAZIPUR SADAR,109029,MUKTIJODDHA COLLEGE,Day,Bangla,Humanities
DHAKA,GAZIPUR,GAZIPUR SADAR,109029,MUKTIJODDHA COLLEGE,Day,Bangla,Science
DHAKA,GAZIPUR,GAZIPUR SADAR,109029,MUKTIJODDHA COLLEGE,Day,Bangla,Business Studies
DHAKA,GAZIPUR,GAZIPUR SADAR,109030,GAZIPUR GOVT. MOHILA COLLEGE,Day,Bangla,Science
DHAKA,GAZIPUR,GAZIPUR SADAR,109030,GAZIPUR GOVT. MOHILA COLLEGE,Day,Bangla,Humanities
DHAKA,GAZIPUR,GAZIPUR SADAR,109030,GAZIPUR GOVT. MOHILA COLLEGE,Day,Bangla,Business Studies
DHAKA,GAZIPUR,GAZIPUR SADAR,109031,GOVT. BHAWAL BADRE ALAM COLLEGE,Day,Bangla,Humanities
DHAKA,GAZIPUR,GAZIPUR SADAR,109031,GOVT. BHAWAL BADRE ALAM COLLEGE,Day,Bangla,Business Studies
DHAKA,GAZIPUR,GAZIPUR SADAR,109031,GOVT. BHAWAL BADRE ALAM COLLEGE,Day,Bangla,Science
DHAKA,GAZIPUR,GAZIPUR SADAR,109032,KAZI AZIM UDDIN COLLEGE,Day,Bangla,Business Studies
DHAKA,GAZIPUR,GAZIPUR SADAR,109032,KAZI AZIM UDDIN COLLEGE,Day,Bangla,Humanities
DHAKA,GAZIPUR,GAZIPUR SADAR,109032,KAZI AZIM UDDIN COLLEGE,Day,Bangla,Science
DHAKA,GAZIPUR,GAZIPUR SADAR,109033,GAZIPUR CANTONMENT COLLEGE,Day,Bangla,Humanities
DHAKA,GAZIPUR,GAZIPUR SADAR,109033,GAZIPUR CANTONMENT COLLEGE,Day,Bangla,Business Studies
DHAKA,GAZIPUR,GAZIPUR SADAR,109033,GAZIPUR CANTONMENT COLLEGE,Day,Bangla,Science
DHAKA,GAZIPUR,GAZIPUR SADAR,109034,ROVER PALLI COLLEGE,Day,Bangla,Humanities
DHAKA,GAZIPUR,GAZIPUR SADAR,109034,ROVER PALLI COLLEGE,Day,Bangla,Science
DHAKA,GAZIPUR,GAZIPUR SADAR,109034,ROVER PALLI COLLEGE,Day,Bangla,Business Studies
DHAKA,GAZIPUR,GAZIPUR SADAR,109035,BHAWAL MIRZAPUR COLLEGE,Day,Bangla,Humanities
DHAKA,GAZIPUR,GAZIPUR SADAR,109035,BHAWAL MIRZAPUR COLLEGE,Day,Bangla,Business Studies
DHAKA,GAZIPUR,GAZIPUR SADAR,109035,BHAWAL MIRZAPUR COLLEGE,Day,Bangla,Science
DHAKA,GAZIPUR,GAZIPUR SADAR,109036,PUBAIL ADARSHA COLLEGE,Day,Bangla,Humanities
DHAKA,GAZIPUR,GAZIPUR SADAR,109036,PUBAIL ADARSHA COLLEGE,Day,Bangla,Science
DHAKA,GAZIPUR,GAZIPUR SADAR,109036,PUBAIL ADARSHA COLLEGE,Day,Bangla,Business Studies
DHAKA,GAZIPUR,GAZIPUR SADAR,109037,"KONABARI COLLEGE, GAZIPUR",Day,Bangla,Science
DHAKA,GAZIPUR,GAZIPUR SADAR,109037,"KONABARI COLLEGE, GAZIPUR",Day,Bangla,Humanities
DHAKA,GAZIPUR,GAZIPUR SADAR,109037,"KONABARI COLLEGE, GAZIPUR",Day,Bangla,Business Studies
DHAKA,GAZIPUR,GAZIPUR SADAR,109038,BANGABANDHU COLLEGE,Day,Bangla,Science
DHAKA,GAZIPUR,GAZIPUR SADAR,109038,BANGABANDHU COLLEGE,Day,Bangla,Business Studies
DHAKA,GAZIPUR,GAZIPUR SADAR,109038,BANGABANDHU COLLEGE,Day,Bangla,Humanities
DHAKA,GAZIPUR,GAZIPUR SADAR,109039,RAJENDRAPUR CANTONMENT PUBLIC COLLEGE,Day,Bangla,Business Studies
DHAKA,GAZIPUR,GAZIPUR SADAR,109039,RAJENDRAPUR CANTONMENT PUBLIC COLLEGE,Day,English,Science
DHAKA,GAZIPUR,GAZIPUR SADAR,109039,RAJENDRAPUR CANTONMENT PUBLIC COLLEGE,Day,Bangla,Humanities
DHAKA,GAZIPUR,GAZIPUR SADAR,109039,RAJENDRAPUR CANTONMENT PUBLIC COLLEGE,Day,Bangla,Science
DHAKA,GAZIPUR,GAZIPUR SADAR,109042,"SALNA NASIRUDDIN MEMORIAL UCHCHA BIDYALAYA AND COLLEGE,GAZIPUR",Day,Bangla,Humanities
DHAKA,GAZIPUR,GAZIPUR SADAR,109042,"SALNA NASIRUDDIN MEMORIAL UCHCHA BIDYALAYA AND COLLEGE,GAZIPUR",Day,Bangla,Business Studies
DHAKA,GAZIPUR,GAZIPUR SADAR,109042,"SALNA NASIRUDDIN MEMORIAL UCHCHA BIDYALAYA AND COLLEGE,GAZIPUR",Day,Bangla,Science
DHAKA,GAZIPUR,GAZIPUR SADAR,109043,MOHAMMAD EMARAT HOSSAIN ARIF COLLEGE,Day,Bangla,Business Studies
DHAKA,GAZIPUR,GAZIPUR SADAR,109043,MOHAMMAD EMARAT HOSSAIN ARIF COLLEGE,Day,Bangla,Science
DHAKA,GAZIPUR,GAZIPUR SADAR,130632,GAZIPUR COMMERCE COLLEGE,Day,Bangla,Business Studies
DHAKA,GAZIPUR,GAZIPUR SADAR,130632,GAZIPUR COMMERCE COLLEGE,Morning,Bangla,Science
DHAKA,GAZIPUR,GAZIPUR SADAR,130632,GAZIPUR COMMERCE COLLEGE,Morning,Bangla,Humanities
DHAKA,GAZIPUR,GAZIPUR SADAR,130693,CHANDANA HIGH SCHOOL & COLLEGE,Day,Bangla,Science
DHAKA,GAZIPUR,GAZIPUR SADAR,130693,CHANDANA HIGH SCHOOL & COLLEGE,Day,Bangla,Business Studies
DHAKA,GAZIPUR,GAZIPUR SADAR,130693,CHANDANA HIGH SCHOOL & COLLEGE,Day,Bangla,Humanities
DHAKA,GAZIPUR,GAZIPUR SADAR,131217,GAZIPUR CENTRAL PUBLIC COLLEGE,Day,Bangla,Humanities
DHAKA,GAZIPUR,GAZIPUR SADAR,131217,GAZIPUR CENTRAL PUBLIC COLLEGE,Day,Bangla,Science
DHAKA,GAZIPUR,GAZIPUR SADAR,131217,GAZIPUR CENTRAL PUBLIC COLLEGE,Day,Bangla,Business Studies
DHAKA,GAZIPUR,GAZIPUR SADAR,131631,LINCOLN COLLEGE,Day,Bangla,Business Studies
DHAKA,GAZIPUR,GAZIPUR SADAR,131631,LINCOLN COLLEGE,Day,Bangla,Science
DHAKA,GAZIPUR,GAZIPUR SADAR,131631,LINCOLN COLLEGE,Day,Bangla,Humanities
DHAKA,GAZIPUR,GAZIPUR SADAR,131762,AGRANI MODEL COLLEGE,Day,Bangla,Humanities
DHAKA,GAZIPUR,GAZIPUR SADAR,131762,AGRANI MODEL COLLEGE,Day,Bangla,Science
DHAKA,GAZIPUR,GAZIPUR SADAR,131762,AGRANI MODEL COLLEGE,Day,Bangla,Business Studies
DHAKA,GAZIPUR,GAZIPUR SADAR,131978,GAZIPUR CITY COLLEGE,Day,Bangla,Science
DHAKA,GAZIPUR,GAZIPUR SADAR,131978,GAZIPUR CITY COLLEGE,Day,Bangla,Humanities
DHAKA,GAZIPUR,GAZIPUR SADAR,131978,GAZIPUR CITY COLLEGE,Day,Bangla,Business Studies
DHAKA,GAZIPUR,GAZIPUR SADAR,132208,GAZIPUR RESIDENTIAL MODEL SCHOOL & COLLEGE,Day,Bangla,Humanities
DHAKA,GAZIPUR,GAZIPUR SADAR,132208,GAZIPUR RESIDENTIAL MODEL SCHOOL & COLLEGE,Day,Bangla,Science
DHAKA,GAZIPUR,GAZIPUR SADAR,132208,GAZIPUR RESIDENTIAL MODEL SCHOOL & COLLEGE,Day,Bangla,Business Studies
DHAKA,GAZIPUR,GAZIPUR SADAR,134109,BHAWAL MIRZAPUR PUBLIC SCHOOL AND COLLEGE,Day,Bangla,Science
DHAKA,GAZIPUR,GAZIPUR SADAR,134109,BHAWAL MIRZAPUR PUBLIC SCHOOL AND COLLEGE,Day,Bangla,Business Studies
DHAKA,GAZIPUR,GAZIPUR SADAR,134482,IQBAL SIDDIQUEE COLLEGE,Day,Bangla,Science
DHAKA,GAZIPUR,GAZIPUR SADAR,134482,IQBAL SIDDIQUEE COLLEGE,Day,Bangla,Humanities
DHAKA,GAZIPUR,GAZIPUR SADAR,134482,IQBAL SIDDIQUEE COLLEGE,Day,Bangla,Business Studies
DHAKA,GAZIPUR,GAZIPUR SADAR,134509,SIRAJ UDDIN SARKER MODEL SCHOOL AND COLLEGE,Day,Bangla,Humanities
DHAKA,GAZIPUR,GAZIPUR SADAR,134509,SIRAJ UDDIN SARKER MODEL SCHOOL AND COLLEGE,Day,Bangla,Business Studies
DHAKA,GAZIPUR,GAZIPUR SADAR,134509,SIRAJ UDDIN SARKER MODEL SCHOOL AND COLLEGE,Day,Bangla,Science
DHAKA,GAZIPUR,GAZIPUR SADAR,134567,M. A. MAZID COLLEGE,Day,Bangla,Science
DHAKA,GAZIPUR,GAZIPUR SADAR,134567,M. A. MAZID COLLEGE,Day,Bangla,Humanities
DHAKA,GAZIPUR,GAZIPUR SADAR,134567,M. A. MAZID COLLEGE,Day,Bangla,Business Studies
DHAKA,GAZIPUR,GAZIPUR SADAR,134619,GAZIPUR IDEAL COLLEGE,Day,Bangla,Science
DHAKA,GAZIPUR,GAZIPUR SADAR,134619,GAZIPUR IDEAL COLLEGE,Day,Bangla,Business Studies
DHAKA,GAZIPUR,GAZIPUR SADAR,134619,GAZIPUR IDEAL COLLEGE,Day,Bangla,Humanities
DHAKA,GAZIPUR,GAZIPUR SADAR,135193,GAZIPUR STATE COLLEGE,Day,Bangla,Business Studies
DHAKA,GAZIPUR,GAZIPUR SADAR,135317,GAZIPUR UNITED COLLEGE,Day,Bangla,Science
DHAKA,GAZIPUR,GAZIPUR SADAR,135317,GAZIPUR UNITED COLLEGE,Day,Bangla,Business Studies
DHAKA,GAZIPUR,GAZIPUR SADAR,135317,GAZIPUR UNITED COLLEGE,Day,Bangla,Humanities
DHAKA,GAZIPUR,GAZIPUR SADAR,135793,GAZIPUR METROPOLITAN COLLEGE,Day,Bangla,Humanities
DHAKA,GAZIPUR,GAZIPUR SADAR,135793,GAZIPUR METROPOLITAN COLLEGE,Day,Bangla,Business Studies
DHAKA,GAZIPUR,GAZIPUR SADAR,135793,GAZIPUR METROPOLITAN COLLEGE,Day,Bangla,Science
DHAKA,GAZIPUR,GAZIPUR SADAR,136165,AMBAG UNIQUE COLLEGE,Day,Bangla,Business Studies
DHAKA,GAZIPUR,GAZIPUR SADAR,136165,AMBAG UNIQUE COLLEGE,Day,Bangla,Science
DHAKA,GAZIPUR,GAZIPUR SADAR,136275,GENUINE RESIDENTIAL COLLEGE,Day,Bangla,Science
DHAKA,GAZIPUR,GAZIPUR SADAR,136275,GENUINE RESIDENTIAL COLLEGE,Day,Bangla,Business Studies
DHAKA,GAZIPUR,GAZIPUR SADAR,136312,AMIR UDDIN MUNSHI COLLEGE,Day,Bangla,Humanities
DHAKA,GAZIPUR,GAZIPUR SADAR,136312,AMIR UDDIN MUNSHI COLLEGE,Day,Bangla,Business Studies
DHAKA,GAZIPUR,GAZIPUR SADAR,136327,GAZIPUR MODEL COLLEGE,Day,Bangla,Science
DHAKA,GAZIPUR,GAZIPUR SADAR,136327,GAZIPUR MODEL COLLEGE,Day,Bangla,Business Studies
DHAKA,GAZIPUR,GAZIPUR SADAR,136327,GAZIPUR MODEL COLLEGE,Day,Bangla,Humanities
DHAKA,GAZIPUR,GAZIPUR SADAR,136859,GAZIPUR MAHANAGAR COLLEGE,Day,Bangla,Science
DHAKA,GAZIPUR,GAZIPUR SADAR,136859,GAZIPUR MAHANAGAR COLLEGE,Day,Bangla,Humanities
DHAKA,GAZIPUR,GAZIPUR SADAR,136859,GAZIPUR MAHANAGAR COLLEGE,Day,Bangla,Business Studies
DHAKA,GAZIPUR,GAZIPUR SADAR,136926,LINCOLN MILLENNIUM COLLEGE,Day,Bangla,Business Studies
DHAKA,GAZIPUR,GAZIPUR SADAR,136926,LINCOLN MILLENNIUM COLLEGE,Day,Bangla,Humanities
DHAKA,GAZIPUR,GAZIPUR SADAR,136926,LINCOLN MILLENNIUM COLLEGE,Day,Bangla,Science
DHAKA,GAZIPUR,GAZIPUR SADAR,137079,GAZIPUR SCIENCE COLLEGE,Day,Bangla,Science
DHAKA,GAZIPUR,GAZIPUR SADAR,137079,GAZIPUR SCIENCE COLLEGE,Day,Bangla,Humanities
DHAKA,GAZIPUR,GAZIPUR SADAR,137079,GAZIPUR SCIENCE COLLEGE,Day,Bangla,Business Studies
DHAKA,GAZIPUR,GAZIPUR SADAR,137600,KONABARI CAMBRIDGE COLLEGE,Day,Bangla,Humanities
DHAKA,GAZIPUR,GAZIPUR SADAR,137600,KONABARI CAMBRIDGE COLLEGE,Day,Bangla,Science
DHAKA,GAZIPUR,GAZIPUR SADAR,137600,KONABARI CAMBRIDGE COLLEGE,Day,Bangla,Business Studies
DHAKA,GAZIPUR,GAZIPUR SADAR,137603,KONABARI IDEAL COLLEGE,Day,Bangla,Business Studies
DHAKA,GAZIPUR,GAZIPUR SADAR,137603,KONABARI IDEAL COLLEGE,Day,Bangla,Humanities
DHAKA,GAZIPUR,GAZIPUR SADAR,137603,KONABARI IDEAL COLLEGE,Day,Bangla,Science
DHAKA,GAZIPUR,GAZIPUR SADAR,137644,GAZIPUR ZILLA COLLEGE,Day,Bangla,Humanities
DHAKA,GAZIPUR,GAZIPUR SADAR,137644,GAZIPUR ZILLA COLLEGE,Day,Bangla,Science
DHAKA,GAZIPUR,GAZIPUR SADAR,137644,GAZIPUR ZILLA COLLEGE,Day,Bangla,Business Studies
DHAKA,GAZIPUR,GAZIPUR SADAR,137652,GAZIPUR COSMIC COLLEGE,Day,Bangla,Humanities
DHAKA,GAZIPUR,GAZIPUR SADAR,137652,GAZIPUR COSMIC COLLEGE,Day,Bangla,Science
DHAKA,GAZIPUR,GAZIPUR SADAR,137652,GAZIPUR COSMIC COLLEGE,Day,Bangla,Business Studies
DHAKA,GAZIPUR,GAZIPUR SADAR,137695,OXFORD COLLEGE,Day,Bangla,Science
DHAKA,GAZIPUR,GAZIPUR SADAR,137695,OXFORD COLLEGE,Day,Bangla,Humanities
DHAKA,GAZIPUR,GAZIPUR SADAR,137695,OXFORD COLLEGE,Day,Bangla,Business Studies
DHAKA,GAZIPUR,GAZIPUR SADAR,138011,GAZIPUR PRESIDENCY COLLEGE,Day,Bangla,Business Studies
DHAKA,GAZIPUR,GAZIPUR SADAR,138011,GAZIPUR PRESIDENCY COLLEGE,Day,Bangla,Humanities
DHAKA,GAZIPUR,GAZIPUR SADAR,138011,GAZIPUR PRESIDENCY COLLEGE,Day,Bangla,Science
DHAKA,GAZIPUR,GAZIPUR SADAR,138062,BHASHA SHAHID COLLEGE,Day,Bangla,Humanities
DHAKA,GAZIPUR,GAZIPUR SADAR,138062,BHASHA SHAHID COLLEGE,Day,Bangla,Science
DHAKA,GAZIPUR,GAZIPUR SADAR,138062,BHASHA SHAHID COLLEGE,Day,Bangla,Business Studies
DHAKA,GAZIPUR,GAZIPUR SADAR,138372,GAZIPUR CANTONMENT PUBLIC SCHOOL & COLLEGE,Day,Bangla,Humanities
DHAKA,GAZIPUR,GAZIPUR SADAR,138372,GAZIPUR CANTONMENT PUBLIC SCHOOL & COLLEGE,Day,Bangla,Science
DHAKA,GAZIPUR,GAZIPUR SADAR,138372,GAZIPUR CANTONMENT PUBLIC SCHOOL & COLLEGE,Day,Bangla,Business Studies
DHAKA,GAZIPUR,GAZIPUR SADAR,139504,RAMJAN MOLLAH RESIDENTIAL COLLEGE,Day,Bangla,Business Studies
DHAKA,GAZIPUR,GAZIPUR SADAR,139504,RAMJAN MOLLAH RESIDENTIAL COLLEGE,Day,Bangla,Humanities
DHAKA,GAZIPUR,GAZIPUR SADAR,139504,RAMJAN MOLLAH RESIDENTIAL COLLEGE,Day,Bangla,Science
DHAKA,GAZIPUR,KALIAKOIR,109074,MOUCHAK SCOUT SCHOOL & COLLEGE,Day,Bangla,Science
DHAKA,GAZIPUR,KALIAKOIR,109074,MOUCHAK SCOUT SCHOOL & COLLEGE,Day,Bangla,Business Studies
DHAKA,GAZIPUR,KALIAKOIR,109074,MOUCHAK SCOUT SCHOOL & COLLEGE,Day,Bangla,Humanities
DHAKA,GAZIPUR,KALIAKOIR,109079,ARAIGONJ AZIM HIGH SCHOOL & COLLEGE,Day,Bangla,Business Studies
DHAKA,GAZIPUR,KALIAKOIR,109079,ARAIGONJ AZIM HIGH SCHOOL & COLLEGE,Day,Bangla,Science
DHAKA,GAZIPUR,KALIAKOIR,109079,ARAIGONJ AZIM HIGH SCHOOL & COLLEGE,Day,Bangla,Humanities
DHAKA,GAZIPUR,KALIAKOIR,109083,BOALI NARENDRA NARAYAN HIGH SCHOOL & COLLEGE,Day,Bangla,Humanities
DHAKA,GAZIPUR,KALIAKOIR,109083,BOALI NARENDRA NARAYAN HIGH SCHOOL & COLLEGE,Day,Bangla,Business Studies
DHAKA,GAZIPUR,KALIAKOIR,109083,BOALI NARENDRA NARAYAN HIGH SCHOOL & COLLEGE,Day,Bangla,Science
DHAKA,GAZIPUR,KALIAKOIR,109086,VASHA SHAHEED ABDUL JABBER ANSAR VDP SCHOOL AND COLLEGE,Day,Bangla,Humanities
DHAKA,GAZIPUR,KALIAKOIR,109086,VASHA SHAHEED ABDUL JABBER ANSAR VDP SCHOOL AND COLLEGE,Day,Bangla,Business Studies
DHAKA,GAZIPUR,KALIAKOIR,109086,VASHA SHAHEED ABDUL JABBER ANSAR VDP SCHOOL AND COLLEGE,Day,Bangla,Science
DHAKA,GAZIPUR,KALIAKOIR,109087,NORTH LOSKAR CHALA HIGH SCHOOL & COLLEGE,Day,Bangla,Business Studies
DHAKA,GAZIPUR,KALIAKOIR,109087,NORTH LOSKAR CHALA HIGH SCHOOL & COLLEGE,Day,Bangla,Humanities
DHAKA,GAZIPUR,KALIAKOIR,109087,NORTH LOSKAR CHALA HIGH SCHOOL & COLLEGE,Day,Bangla,Science
DHAKA,GAZIPUR,KALIAKOIR,109110,KALIAKOIR COLLEGE,Day,Bangla,Humanities
DHAKA,GAZIPUR,KALIAKOIR,109110,KALIAKOIR COLLEGE,Day,Bangla,Science
DHAKA,GAZIPUR,KALIAKOIR,109110,KALIAKOIR COLLEGE,Day,Bangla,Business Studies
DHAKA,GAZIPUR,KALIAKOIR,109111,"BARAIBARI ADARSHA COLLEGE, KALIAKAIR",Day,Bangla,Humanities
DHAKA,GAZIPUR,KALIAKOIR,109111,"BARAIBARI ADARSHA COLLEGE, KALIAKAIR",Day,Bangla,Science
DHAKA,GAZIPUR,KALIAKOIR,109111,"BARAIBARI ADARSHA COLLEGE, KALIAKAIR",Day,Bangla,Business Studies
DHAKA,GAZIPUR,KALIAKOIR,109112,JATIR PITA BANGABANDHU GOVT. COLLEGE,Day,Bangla,Humanities
DHAKA,GAZIPUR,KALIAKOIR,109112,JATIR PITA BANGABANDHU GOVT. COLLEGE,Day,Bangla,Business Studies
DHAKA,GAZIPUR,KALIAKOIR,109112,JATIR PITA BANGABANDHU GOVT. COLLEGE,Day,Bangla,Science
DHAKA,GAZIPUR,KALIAKOIR,109113,BARAI BARI ALHAJ KASHIM UDDIN INSTITUTION AND COLLEGE,Day,Bangla,Business Studies
DHAKA,GAZIPUR,KALIAKOIR,109113,BARAI BARI ALHAJ KASHIM UDDIN INSTITUTION AND COLLEGE,Day,Bangla,Humanities
DHAKA,GAZIPUR,KALIAKOIR,109113,BARAI BARI ALHAJ KASHIM UDDIN INSTITUTION AND COLLEGE,Day,Bangla,Science
DHAKA,GAZIPUR,KALIAKOIR,134178,HABEZ UDDIN SARKAR COLLEGE,Day,Bangla,Humanities
DHAKA,GAZIPUR,KALIAKOIR,134178,HABEZ UDDIN SARKAR COLLEGE,Day,Bangla,Science
DHAKA,GAZIPUR,KALIAKOIR,134178,HABEZ UDDIN SARKAR COLLEGE,Day,Bangla,Business Studies
DHAKA,GAZIPUR,KALIAKOIR,134184,"MISIR ALI KHAN MEMORIAL COLLEGE, BORABO",Day,Bangla,Humanities
DHAKA,GAZIPUR,KALIAKOIR,134184,"MISIR ALI KHAN MEMORIAL COLLEGE, BORABO",Day,Bangla,Business Studies
DHAKA,GAZIPUR,KALIAKOIR,134184,"MISIR ALI KHAN MEMORIAL COLLEGE, BORABO",Day,Bangla,Science
DHAKA,GAZIPUR,KALIAKOIR,136026,PROFESSOR SHAHJAHAN ALI COLLEGE,Day,Bangla,Science
DHAKA,GAZIPUR,KALIAKOIR,136026,PROFESSOR SHAHJAHAN ALI COLLEGE,Day,Bangla,Business Studies
DHAKA,GAZIPUR,KALIAKOIR,136026,PROFESSOR SHAHJAHAN ALI COLLEGE,Day,Bangla,Humanities
DHAKA,GAZIPUR,KALIAKOIR,137591,SHAFIPUR IDEAL PUBLIC COLLEGE,Day,Bangla,Business Studies
DHAKA,GAZIPUR,KALIAKOIR,137591,SHAFIPUR IDEAL PUBLIC COLLEGE,Day,Bangla,Humanities
DHAKA,GAZIPUR,KALIAKOIR,137591,SHAFIPUR IDEAL PUBLIC COLLEGE,Day,Bangla,Science
DHAKA,GAZIPUR,KALIAKOIR,137637,AFAJUDDIN MEMORIAL COLLEGE,Day,Bangla,Business Studies
DHAKA,GAZIPUR,KALIAKOIR,137637,AFAJUDDIN MEMORIAL COLLEGE,Day,Bangla,Humanities
DHAKA,GAZIPUR,KALIAKOIR,137637,AFAJUDDIN MEMORIAL COLLEGE,Day,Bangla,Science
DHAKA,GAZIPUR,KALIGANJ,109114,VIR MUKTIZUDDA RUHUL AMIN DHALI HIGH SCHOOL AND COLLEGE,Day,Bangla,Humanities
DHAKA,GAZIPUR,KALIGANJ,109114,VIR MUKTIZUDDA RUHUL AMIN DHALI HIGH SCHOOL AND COLLEGE,Day,Bangla,Business Studies
DHAKA,GAZIPUR,KALIGANJ,109127,ST. MARY'S GIRLS' HIGH SCHOOL & COLLEGE,Morning,Bangla,Business Studies
DHAKA,GAZIPUR,KALIGANJ,109127,ST. MARY'S GIRLS' HIGH SCHOOL & COLLEGE,Morning,Bangla,Humanities
DHAKA,GAZIPUR,KALIGANJ,109127,ST. MARY'S GIRLS' HIGH SCHOOL & COLLEGE,Morning,Bangla,Science
DHAKA,GAZIPUR,KALIGANJ,109180,KALIGANJ SRAMIK COLLEGE,Day,Bangla,Science
DHAKA,GAZIPUR,KALIGANJ,109180,KALIGANJ SRAMIK COLLEGE,Day,Bangla,Business Studies
DHAKA,GAZIPUR,KALIGANJ,109180,KALIGANJ SRAMIK COLLEGE,Day,Bangla,Humanities
DHAKA,GAZIPUR,KALIGANJ,109181,JAMALPUR COLLEGE,Day,Bangla,Business Studies
DHAKA,GAZIPUR,KALIGANJ,109181,JAMALPUR COLLEGE,Day,Bangla,Science
DHAKA,GAZIPUR,KALIGANJ,109181,JAMALPUR COLLEGE,Day,Bangla,Humanities
DHAKA,GAZIPUR,KALIGANJ,109182,KALIGANJ MAHILA COLLEGE,Day,Bangla,Business Studies
DHAKA,GAZIPUR,KALIGANJ,109182,KALIGANJ MAHILA COLLEGE,Day,Bangla,Humanities
DHAKA,GAZIPUR,KALIGANJ,109183,AJMATPUR ADARSHA UCHCHA MADHYAMIC BIDYALAYA,Day,Bangla,Humanities
DHAKA,GAZIPUR,KALIGANJ,109183,AJMATPUR ADARSHA UCHCHA MADHYAMIC BIDYALAYA,Day,Bangla,Business Studies
DHAKA,GAZIPUR,KALIGANJ,130673,ST. NICHOLAS SCHOOL & COLLEGE,Morning,Bangla,Business Studies
DHAKA,GAZIPUR,KALIGANJ,130673,ST. NICHOLAS SCHOOL & COLLEGE,Morning,Bangla,Science
DHAKA,GAZIPUR,KALIGANJ,130673,ST. NICHOLAS SCHOOL & COLLEGE,Morning,Bangla,Humanities
DHAKA,GAZIPUR,KAPASIA,109210,ARAL GIASH UDDIN LASKAR SCHOOL AND COLLEGE,Day,Bangla,Science
DHAKA,GAZIPUR,KAPASIA,109210,ARAL GIASH UDDIN LASKAR SCHOOL AND COLLEGE,Day,Bangla,Humanities
DHAKA,GAZIPUR,KAPASIA,109210,ARAL GIASH UDDIN LASKAR SCHOOL AND COLLEGE,Day,Bangla,Business Studies
DHAKA,GAZIPUR,KAPASIA,109220,KOHINOOR HIGH SCHOOL AND COLLEGE,Day,Bangla,Humanities
DHAKA,GAZIPUR,KAPASIA,109220,KOHINOOR HIGH SCHOOL AND COLLEGE,Day,Bangla,Business Studies
DHAKA,GAZIPUR,KAPASIA,109222,CHARDURLAV KHAN ABDUL HAI SARKER SCHOOL AND COLLEGE,Day,Bangla,Humanities
DHAKA,GAZIPUR,KAPASIA,109222,CHARDURLAV KHAN ABDUL HAI SARKER SCHOOL AND COLLEGE,Day,Bangla,Business Studies
DHAKA,GAZIPUR,KAPASIA,109222,CHARDURLAV KHAN ABDUL HAI SARKER SCHOOL AND COLLEGE,Day,Bangla,Science
DHAKA,GAZIPUR,KAPASIA,109321,SHAHID TAJUDDIN AHMED GOVT. COLLEGE,Day,Bangla,Science
DHAKA,GAZIPUR,KAPASIA,109321,SHAHID TAJUDDIN AHMED GOVT. COLLEGE,Day,Bangla,Humanities
DHAKA,GAZIPUR,KAPASIA,109321,SHAHID TAJUDDIN AHMED GOVT. COLLEGE,Day,Bangla,Business Studies
DHAKA,GAZIPUR,KAPASIA,109322,"BANGATAJ COLLEGE, KHIRATI",Day,Bangla,Science
DHAKA,GAZIPUR,KAPASIA,109322,"BANGATAJ COLLEGE, KHIRATI",Day,Bangla,Humanities
DHAKA,GAZIPUR,KAPASIA,109322,"BANGATAJ COLLEGE, KHIRATI",Day,Bangla,Business Studies
DHAKA,GAZIPUR,KAPASIA,109323,KAPASIA COLLEGE,Day,Bangla,Science
DHAKA,GAZIPUR,KAPASIA,109323,KAPASIA COLLEGE,Day,Bangla,Business Studies
DHAKA,GAZIPUR,KAPASIA,109323,KAPASIA COLLEGE,Day,Bangla,Humanities
DHAKA,GAZIPUR,KAPASIA,109324,ALHAJ REZAUL HAQUE MOHILA COLLEGE,Day,Bangla,Business Studies
DHAKA,GAZIPUR,KAPASIA,109324,ALHAJ REZAUL HAQUE MOHILA COLLEGE,Day,Bangla,Humanities
DHAKA,GAZIPUR,KAPASIA,109324,ALHAJ REZAUL HAQUE MOHILA COLLEGE,Day,Bangla,Science
DHAKA,GAZIPUR,KAPASIA,109325,SHARIF MAMTAJUDDIN AHMED COLLEGE,Day,Bangla,Business Studies
DHAKA,GAZIPUR,KAPASIA,109325,SHARIF MAMTAJUDDIN AHMED COLLEGE,Day,Bangla,Humanities
DHAKA,GAZIPUR,KAPASIA,109325,SHARIF MAMTAJUDDIN AHMED COLLEGE,Day,Bangla,Science
DHAKA,GAZIPUR,KAPASIA,109326,TARAGONJ H. N. UCHCHA MADHYAMIC BIDYALAYA,Day,Bangla,Humanities
DHAKA,GAZIPUR,KAPASIA,109326,TARAGONJ H. N. UCHCHA MADHYAMIC BIDYALAYA,Day,Bangla,Science
DHAKA,GAZIPUR,KAPASIA,109326,TARAGONJ H. N. UCHCHA MADHYAMIC BIDYALAYA,Day,Bangla,Business Studies
DHAKA,GAZIPUR,KAPASIA,135344,M. A. MAJID SCIENCE COLLEGE,Day,Bangla,Business Studies
DHAKA,GAZIPUR,KAPASIA,135344,M. A. MAJID SCIENCE COLLEGE,Day,Bangla,Humanities
DHAKA,GAZIPUR,KAPASIA,135344,M. A. MAJID SCIENCE COLLEGE,Day,Bangla,Science
DHAKA,GAZIPUR,KAPASIA,136286,BORNAMALA COLLEGE,Day,Bangla,Humanities
DHAKA,GAZIPUR,KAPASIA,136286,BORNAMALA COLLEGE,Day,Bangla,Business Studies
DHAKA,GAZIPUR,KAPASIA,136286,BORNAMALA COLLEGE,Day,Bangla,Science
DHAKA,GAZIPUR,KAPASIA,138564,FAYEZ UDDIN SARKER UNIVERSAL COLLEGE,Day,Bangla,Science
DHAKA,GAZIPUR,KAPASIA,138564,FAYEZ UDDIN SARKER UNIVERSAL COLLEGE,Day,Bangla,Humanities
DHAKA,GAZIPUR,KAPASIA,138564,FAYEZ UDDIN SARKER UNIVERSAL COLLEGE,Day,Bangla,Business Studies
DHAKA,GAZIPUR,KAPASIA,138814,KAPASIA CENTRAL COLLEGE,Day,Bangla,Business Studies
DHAKA,GAZIPUR,KAPASIA,138814,KAPASIA CENTRAL COLLEGE,Day,Bangla,Science
DHAKA,GAZIPUR,KAPASIA,138814,KAPASIA CENTRAL COLLEGE,Day,Bangla,Humanities
DHAKA,GAZIPUR,SREEPUR,109335,ABED ALI GIRLS' SCHOOL & COLLEGE,Day,Bangla,Business Studies
DHAKA,GAZIPUR,SREEPUR,109335,ABED ALI GIRLS' SCHOOL & COLLEGE,Day,Bangla,Humanities
DHAKA,GAZIPUR,SREEPUR,109335,ABED ALI GIRLS' SCHOOL & COLLEGE,Day,Bangla,Science
DHAKA,GAZIPUR,SREEPUR,109349,PROHALADPUR SCHOOL & COLLEGE,Day,Bangla,Humanities
DHAKA,GAZIPUR,SREEPUR,109349,PROHALADPUR SCHOOL & COLLEGE,Day,Bangla,Business Studies
DHAKA,GAZIPUR,SREEPUR,109349,PROHALADPUR SCHOOL & COLLEGE,Day,Bangla,Science
DHAKA,GAZIPUR,SREEPUR,109377,HAZI CHOTA KALIM SCHOOL & COLLEGE,Day,Bangla,Science
DHAKA,GAZIPUR,SREEPUR,109377,HAZI CHOTA KALIM SCHOOL & COLLEGE,Day,Bangla,Humanities
DHAKA,GAZIPUR,SREEPUR,109377,HAZI CHOTA KALIM SCHOOL & COLLEGE,Day,Bangla,Business Studies
DHAKA,GAZIPUR,SREEPUR,109420,"MIZANUR RAHMAN KHAN MAHILA COLLEGE, SREEPUR",Day,Bangla,Science
DHAKA,GAZIPUR,SREEPUR,109420,"MIZANUR RAHMAN KHAN MAHILA COLLEGE, SREEPUR",Day,Bangla,Business Studies
DHAKA,GAZIPUR,SREEPUR,109420,"MIZANUR RAHMAN KHAN MAHILA COLLEGE, SREEPUR",Day,Bangla,Humanities
DHAKA,GAZIPUR,SREEPUR,109421,BORMI COLLEGE,Day,Bangla,Business Studies
DHAKA,GAZIPUR,SREEPUR,109421,BORMI COLLEGE,Day,Bangla,Humanities
DHAKA,GAZIPUR,SREEPUR,109421,BORMI COLLEGE,Day,Bangla,Science
DHAKA,GAZIPUR,SREEPUR,109422,PEAR ALI COLLEGE,Day,Bangla,Business Studies
DHAKA,GAZIPUR,SREEPUR,109422,PEAR ALI COLLEGE,Day,Bangla,Science
DHAKA,GAZIPUR,SREEPUR,109422,PEAR ALI COLLEGE,Day,Bangla,Humanities
DHAKA,GAZIPUR,SREEPUR,109423,SREEPUR MUKTIJODDHA RAHMOT ALI GOVT. COLLEGE,Day,Bangla,Business Studies
DHAKA,GAZIPUR,SREEPUR,109423,SREEPUR MUKTIJODDHA RAHMOT ALI GOVT. COLLEGE,Day,Bangla,Science
DHAKA,GAZIPUR,SREEPUR,109423,SREEPUR MUKTIJODDHA RAHMOT ALI GOVT. COLLEGE,Day,Bangla,Humanities
DHAKA,GAZIPUR,SREEPUR,109425,ABDUL AUWAL COLLEGE,Day,Bangla,Business Studies
DHAKA,GAZIPUR,SREEPUR,109425,ABDUL AUWAL COLLEGE,Day,Bangla,Science
DHAKA,GAZIPUR,SREEPUR,109425,ABDUL AUWAL COLLEGE,Day,Bangla,Humanities
DHAKA,GAZIPUR,SREEPUR,109426,"DHALADIA COLLEGE, SREEPUR",Day,Bangla,Humanities
DHAKA,GAZIPUR,SREEPUR,109426,"DHALADIA COLLEGE, SREEPUR",Day,Bangla,Science
DHAKA,GAZIPUR,SREEPUR,109426,"DHALADIA COLLEGE, SREEPUR",Day,Bangla,Business Studies
DHAKA,GAZIPUR,SREEPUR,130782,ADDHAPAK RAFIQUL ISLAM ACADEMY AND COLLEGE,Day,Bangla,Science
DHAKA,GAZIPUR,SREEPUR,130782,ADDHAPAK RAFIQUL ISLAM ACADEMY AND COLLEGE,Day,Bangla,Humanities
DHAKA,GAZIPUR,SREEPUR,130782,ADDHAPAK RAFIQUL ISLAM ACADEMY AND COLLEGE,Day,Bangla,Business Studies
DHAKA,GAZIPUR,SREEPUR,134553,MAWNA CHOWRASTA PUBLIC COLLEGE,Day,Bangla,Business Studies
DHAKA,GAZIPUR,SREEPUR,134553,MAWNA CHOWRASTA PUBLIC COLLEGE,Day,Bangla,Science
DHAKA,GAZIPUR,SREEPUR,134553,MAWNA CHOWRASTA PUBLIC COLLEGE,Day,Bangla,Humanities
DHAKA,GAZIPUR,SREEPUR,136906,MOWNA CHOWRASTA CREATIVE COLLEGE,Day,Bangla,Humanities
DHAKA,GAZIPUR,SREEPUR,136906,MOWNA CHOWRASTA CREATIVE COLLEGE,Day,Bangla,Science
DHAKA,GAZIPUR,SREEPUR,136906,MOWNA CHOWRASTA CREATIVE COLLEGE,Day,Bangla,Business Studies
DHAKA,GAZIPUR,SREEPUR,137616,MAWNA CITY COLLEGE,Day,Bangla,Humanities
DHAKA,GAZIPUR,SREEPUR,137616,MAWNA CITY COLLEGE,Day,Bangla,Business Studies
DHAKA,GAZIPUR,SREEPUR,137616,MAWNA CITY COLLEGE,Day,Bangla,Science
DHAKA,GAZIPUR,SREEPUR,138759,MAWNA MODEL COLLEGE,Day,Bangla,Humanities
DHAKA,GAZIPUR,SREEPUR,138759,MAWNA MODEL COLLEGE,Day,Bangla,Science
DHAKA,GAZIPUR,SREEPUR,138759,MAWNA MODEL COLLEGE,Day,Bangla,Business Studies
DHAKA,GAZIPUR,SREEPUR,138781,SAINBOARD MODEL COLLEGE,Day,Bangla,Humanities
DHAKA,GAZIPUR,SREEPUR,138781,SAINBOARD MODEL COLLEGE,Day,Bangla,Business Studies
DHAKA,GAZIPUR,TONGI,109045,AMZAD ALI SARKAR PILOT GIRLS HIGH SCHOOL AND COLLEGE,Day,Bangla,Science
DHAKA,GAZIPUR,TONGI,109045,AMZAD ALI SARKAR PILOT GIRLS HIGH SCHOOL AND COLLEGE,Day,Bangla,Humanities
DHAKA,GAZIPUR,TONGI,109045,AMZAD ALI SARKAR PILOT GIRLS HIGH SCHOOL AND COLLEGE,Day,Bangla,Business Studies
DHAKA,GAZIPUR,TONGI,109046,SIRAJ UDDIN SARKER VIDYANIKETAN & COLLEGE,Day,Bangla,Business Studies
DHAKA,GAZIPUR,TONGI,109046,SIRAJ UDDIN SARKER VIDYANIKETAN & COLLEGE,Day,Bangla,Humanities
DHAKA,GAZIPUR,TONGI,109046,SIRAJ UDDIN SARKER VIDYANIKETAN & COLLEGE,Day,Bangla,Science
DHAKA,GAZIPUR,TONGI,109051,SHAHAJUDDIN SARKER MODEL HIGHER SECONDARY SCHOOL,Day,Bangla,Humanities
DHAKA,GAZIPUR,TONGI,109051,SHAHAJUDDIN SARKER MODEL HIGHER SECONDARY SCHOOL,Day,Bangla,Business Studies
DHAKA,GAZIPUR,TONGI,109051,SHAHAJUDDIN SARKER MODEL HIGHER SECONDARY SCHOOL,Day,Bangla,Science
DHAKA,GAZIPUR,TONGI,109053,SATAISH SCHOOL & COLLEGE,Day,Bangla,Science
DHAKA,GAZIPUR,TONGI,109053,SATAISH SCHOOL & COLLEGE,Day,Bangla,Humanities
DHAKA,GAZIPUR,TONGI,109053,SATAISH SCHOOL & COLLEGE,Day,Bangla,Business Studies
DHAKA,GAZIPUR,TONGI,109061,TONGI GOVT. COLLEGE,Day,Bangla,Humanities
DHAKA,GAZIPUR,TONGI,109061,TONGI GOVT. COLLEGE,Day,Bangla,Science
DHAKA,GAZIPUR,TONGI,109061,TONGI GOVT. COLLEGE,Day,Bangla,Business Studies
DHAKA,GAZIPUR,TONGI,109062,TONGI PILOT SCHOOL AND GIRLS' COLLEGE,Morning,Bangla,Business Studies
DHAKA,GAZIPUR,TONGI,109062,TONGI PILOT SCHOOL AND GIRLS' COLLEGE,Morning,Bangla,Science
DHAKA,GAZIPUR,TONGI,109062,TONGI PILOT SCHOOL AND GIRLS' COLLEGE,Morning,Bangla,Humanities
DHAKA,GAZIPUR,TONGI,109063,SAFIUDDIN SARKER ACADEMY & COLLEGE,Morning,Bangla,Business Studies
DHAKA,GAZIPUR,TONGI,109063,SAFIUDDIN SARKER ACADEMY & COLLEGE,Morning,Bangla,Humanities
DHAKA,GAZIPUR,TONGI,109063,SAFIUDDIN SARKER ACADEMY & COLLEGE,Morning,Bangla,Science
DHAKA,GAZIPUR,TONGI,109063,SAFIUDDIN SARKER ACADEMY & COLLEGE,Day,Bangla,Humanities
DHAKA,GAZIPUR,TONGI,109063,SAFIUDDIN SARKER ACADEMY & COLLEGE,Day,Bangla,Business Studies
DHAKA,GAZIPUR,TONGI,109063,SAFIUDDIN SARKER ACADEMY & COLLEGE,Day,Bangla,Science
DHAKA,GAZIPUR,TONGI,134408,MEHER NIGAR COLLEGE,Day,Bangla,Humanities
DHAKA,GAZIPUR,TONGI,134408,MEHER NIGAR COLLEGE,Day,Bangla,Business Studies
DHAKA,GAZIPUR,TONGI,134408,MEHER NIGAR COLLEGE,Morning,Bangla,Business Studies
DHAKA,GAZIPUR,TONGI,134408,MEHER NIGAR COLLEGE,Morning,Bangla,Humanities
DHAKA,GAZIPUR,TONGI,134851,THE SCHOLARS' COLLEGE,Morning,Bangla,Humanities
DHAKA,GAZIPUR,TONGI,134851,THE SCHOLARS' COLLEGE,Morning,Bangla,Science
DHAKA,GAZIPUR,TONGI,134851,THE SCHOLARS' COLLEGE,Morning,Bangla,Business Studies
DHAKA,GAZIPUR,TONGI,135926,TONGI CITY COLLEGE,Morning,Bangla,Business Studies
DHAKA,GAZIPUR,TONGI,135926,TONGI CITY COLLEGE,Morning,Bangla,Humanities
DHAKA,GAZIPUR,TONGI,135926,TONGI CITY COLLEGE,Morning,Bangla,Science
DHAKA,GAZIPUR,TONGI,137046,TONGI COMMERCE COLLEGE,Morning,Bangla,Humanities
DHAKA,GAZIPUR,TONGI,137046,TONGI COMMERCE COLLEGE,Morning,Bangla,Business Studies
DHAKA,GAZIPUR,TONGI,137689,TONGI CRYSTAL COLLEGE,Day,Bangla,Humanities
DHAKA,GAZIPUR,TONGI,137689,TONGI CRYSTAL COLLEGE,Day,Bangla,Business Studies
DHAKA,NARAYANGANJ,ARAIHAZAR,112303,CENTRAL CORONATION SCHOOL AND COLLEGE,Day,Bangla,Business Studies
DHAKA,NARAYANGANJ,ARAIHAZAR,112303,CENTRAL CORONATION SCHOOL AND COLLEGE,Day,Bangla,Humanities
DHAKA,NARAYANGANJ,ARAIHAZAR,112303,CENTRAL CORONATION SCHOOL AND COLLEGE,Day,Bangla,Science
DHAKA,NARAYANGANJ,ARAIHAZAR,112311,KABI NAZRUL SCHOOL & COLLEGE,Day,Bangla,Business Studies
DHAKA,NARAYANGANJ,ARAIHAZAR,112311,KABI NAZRUL SCHOOL & COLLEGE,Day,Bangla,Humanities
DHAKA,NARAYANGANJ,ARAIHAZAR,112311,KABI NAZRUL SCHOOL & COLLEGE,Day,Bangla,Science
DHAKA,NARAYANGANJ,ARAIHAZAR,112326,ROKANUDDIN MOLLA GIRLS' COLLEGE,Day,Bangla,Business Studies
DHAKA,NARAYANGANJ,ARAIHAZAR,112326,ROKANUDDIN MOLLA GIRLS' COLLEGE,Day,Bangla,Humanities
DHAKA,NARAYANGANJ,ARAIHAZAR,112326,ROKANUDDIN MOLLA GIRLS' COLLEGE,Day,Bangla,Science
DHAKA,NARAYANGANJ,ARAIHAZAR,112327,GOVT. SAFAR ALI COLLEGE,Day,Bangla,Business Studies
DHAKA,NARAYANGANJ,ARAIHAZAR,112327,GOVT. SAFAR ALI COLLEGE,Day,Bangla,Humanities
DHAKA,NARAYANGANJ,ARAIHAZAR,112327,GOVT. SAFAR ALI COLLEGE,Day,Bangla,Science
DHAKA,NARAYANGANJ,ARAIHAZAR,112328,HAZI BELAYET HOSSAIN COLLEGE,Day,Bangla,Science
DHAKA,NARAYANGANJ,ARAIHAZAR,112328,HAZI BELAYET HOSSAIN COLLEGE,Day,Bangla,Humanities
DHAKA,NARAYANGANJ,ARAIHAZAR,112328,HAZI BELAYET HOSSAIN COLLEGE,Day,Bangla,Business Studies
DHAKA,NARAYANGANJ,ARAIHAZAR,112329,PANCHRUKHI BEGUM ANOWARA COLLEGE,Day,Bangla,Humanities
DHAKA,NARAYANGANJ,ARAIHAZAR,112329,PANCHRUKHI BEGUM ANOWARA COLLEGE,Day,Bangla,Business Studies
DHAKA,NARAYANGANJ,ARAIHAZAR,112329,PANCHRUKHI BEGUM ANOWARA COLLEGE,Day,Bangla,Science
DHAKA,NARAYANGANJ,ARAIHAZAR,134245,GOPALDI NAZRUL ISLAM BABU COLLEGE,Day,Bangla,Business Studies
DHAKA,NARAYANGANJ,ARAIHAZAR,134245,GOPALDI NAZRUL ISLAM BABU COLLEGE,Day,Bangla,Science
DHAKA,NARAYANGANJ,ARAIHAZAR,134245,GOPALDI NAZRUL ISLAM BABU COLLEGE,Day,Bangla,Humanities
DHAKA,NARAYANGANJ,BANDAR,112376,NABIGANJ GIRLS' SCHOOL AND COLLEGE,Day,Bangla,Humanities
DHAKA,NARAYANGANJ,BANDAR,112376,NABIGANJ GIRLS' SCHOOL AND COLLEGE,Day,Bangla,Science
DHAKA,NARAYANGANJ,BANDAR,112376,NABIGANJ GIRLS' SCHOOL AND COLLEGE,Day,Bangla,Business Studies
DHAKA,NARAYANGANJ,BANDAR,112377,DHAKESHWARI MILLS SCHOOL AND COLLEGE,Day,Bangla,Business Studies
DHAKA,NARAYANGANJ,BANDAR,112377,DHAKESHWARI MILLS SCHOOL AND COLLEGE,Day,Bangla,Humanities
DHAKA,NARAYANGANJ,BANDAR,112378,BANDAR GIRLS SCHOOL AND COLLEGE,Day,Bangla,Business Studies
DHAKA,NARAYANGANJ,BANDAR,112378,BANDAR GIRLS SCHOOL AND COLLEGE,Day,Bangla,Humanities
DHAKA,NARAYANGANJ,BANDAR,112378,BANDAR GIRLS SCHOOL AND COLLEGE,Day,Bangla,Science
DHAKA,NARAYANGANJ,BANDAR,112379,B. M. UNION SCHOOL AND COLLEGE,Day,Bangla,Science
DHAKA,NARAYANGANJ,BANDAR,112379,B. M. UNION SCHOOL AND COLLEGE,Day,Bangla,Humanities
DHAKA,NARAYANGANJ,BANDAR,112379,B. M. UNION SCHOOL AND COLLEGE,Day,Bangla,Business Studies
DHAKA,NARAYANGANJ,BANDAR,112400,NAZIMUDDIN BHUIYAN COLLEGE,Day,Bangla,Science
DHAKA,NARAYANGANJ,BANDAR,112400,NAZIMUDDIN BHUIYAN COLLEGE,Day,Bangla,Humanities
DHAKA,NARAYANGANJ,BANDAR,112400,NAZIMUDDIN BHUIYAN COLLEGE,Day,Bangla,Business Studies
DHAKA,NARAYANGANJ,BANDAR,112403,GOVT. HAJI IBRAHIM ALAMCHAN MODEL SCHOOL & COLLEGE,Day,Bangla,Business Studies
DHAKA,NARAYANGANJ,BANDAR,112403,GOVT. HAJI IBRAHIM ALAMCHAN MODEL SCHOOL & COLLEGE,Day,Bangla,Humanities
DHAKA,NARAYANGANJ,BANDAR,112403,GOVT. HAJI IBRAHIM ALAMCHAN MODEL SCHOOL & COLLEGE,Day,Bangla,Science
DHAKA,NARAYANGANJ,FATULLA,112428,ARRIBS INTERNATIONAL SCHOOL & COLLEGE,Day,Bangla,Science
DHAKA,NARAYANGANJ,FATULLA,112428,ARRIBS INTERNATIONAL SCHOOL & COLLEGE,Day,Bangla,Humanities
DHAKA,NARAYANGANJ,FATULLA,112428,ARRIBS INTERNATIONAL SCHOOL & COLLEGE,Day,Bangla,Business Studies
DHAKA,NARAYANGANJ,FATULLA,112482,HAZI MISIR ALI COLLEGE,Day,Bangla,Business Studies
DHAKA,NARAYANGANJ,FATULLA,112482,HAZI MISIR ALI COLLEGE,Day,Bangla,Humanities
DHAKA,NARAYANGANJ,FATULLA,112482,HAZI MISIR ALI COLLEGE,Day,Bangla,Science
DHAKA,NARAYANGANJ,NARAYANGANJ SADAR,112401,GOVT. KADAM RASUL COLLEGE,Day,Bangla,Business Studies
DHAKA,NARAYANGANJ,NARAYANGANJ SADAR,112401,GOVT. KADAM RASUL COLLEGE,Day,Bangla,Science
DHAKA,NARAYANGANJ,NARAYANGANJ SADAR,112401,GOVT. KADAM RASUL COLLEGE,Day,Bangla,Humanities
DHAKA,NARAYANGANJ,NARAYANGANJ SADAR,112405,KANAINAGAR SOBAHANIA SCHOOL & COLLEGE,Day,Bangla,Business Studies
DHAKA,NARAYANGANJ,NARAYANGANJ SADAR,112405,KANAINAGAR SOBAHANIA SCHOOL & COLLEGE,Day,Bangla,Humanities
DHAKA,NARAYANGANJ,NARAYANGANJ SADAR,112411,JALKURI HIGH SCHOOL AND COLLEGE,Day,Bangla,Business Studies
DHAKA,NARAYANGANJ,NARAYANGANJ SADAR,112411,JALKURI HIGH SCHOOL AND COLLEGE,Day,Bangla,Humanities
DHAKA,NARAYANGANJ,NARAYANGANJ SADAR,112419,MORGAN GIRLS SCHOOL AND COLLEGE,Day,Bangla,Science
DHAKA,NARAYANGANJ,NARAYANGANJ SADAR,112419,MORGAN GIRLS SCHOOL AND COLLEGE,Day,Bangla,Humanities
DHAKA,NARAYANGANJ,NARAYANGANJ SADAR,112419,MORGAN GIRLS SCHOOL AND COLLEGE,Day,Bangla,Business Studies
DHAKA,NARAYANGANJ,NARAYANGANJ SADAR,112420,NARAYANGANJ HIGH SCHOOL & COLLEGE,Day,Bangla,Business Studies
DHAKA,NARAYANGANJ,NARAYANGANJ SADAR,112421,BIBI MARIUM GIRLS' HIGH SCHOOL AND COLLEGE,Day,Bangla,Business Studies
DHAKA,NARAYANGANJ,NARAYANGANJ SADAR,112421,BIBI MARIUM GIRLS' HIGH SCHOOL AND COLLEGE,Day,Bangla,Humanities
DHAKA,NARAYANGANJ,NARAYANGANJ SADAR,112421,BIBI MARIUM GIRLS' HIGH SCHOOL AND COLLEGE,Day,Bangla,Science
DHAKA,NARAYANGANJ,NARAYANGANJ SADAR,112426,NARAYANGANJ GIRLS' SCHOOL & COLLEGE,Day,Bangla,Business Studies
DHAKA,NARAYANGANJ,NARAYANGANJ SADAR,112426,NARAYANGANJ GIRLS' SCHOOL & COLLEGE,Day,Bangla,Science
DHAKA,NARAYANGANJ,NARAYANGANJ SADAR,112426,NARAYANGANJ GIRLS' SCHOOL & COLLEGE,Day,Bangla,Humanities
DHAKA,NARAYANGANJ,NARAYANGANJ SADAR,112477,"GOVT. ADAMJEENAGAR M. W. COLLEGE, NARAYANGONJ",Day,Bangla,Science
DHAKA,NARAYANGANJ,NARAYANGANJ SADAR,112477,"GOVT. ADAMJEENAGAR M. W. COLLEGE, NARAYANGONJ",Day,Bangla,Humanities
DHAKA,NARAYANGANJ,NARAYANGANJ SADAR,112477,"GOVT. ADAMJEENAGAR M. W. COLLEGE, NARAYANGONJ",Day,Bangla,Business Studies
DHAKA,NARAYANGANJ,NARAYANGANJ SADAR,112478,GOVT. TOLARAM COLLEGE,Day,Bangla,Humanities
DHAKA,NARAYANGANJ,NARAYANGANJ SADAR,112478,GOVT. TOLARAM COLLEGE,Day,Bangla,Business Studies
DHAKA,NARAYANGANJ,NARAYANGANJ SADAR,112478,GOVT. TOLARAM COLLEGE,Day,Bangla,Science
DHAKA,NARAYANGANJ,NARAYANGANJ SADAR,112479,NARAYANGANJ GOVT. MOHILA COLLEGE,Day,Bangla,Science
DHAKA,NARAYANGANJ,NARAYANGANJ SADAR,112479,NARAYANGANJ GOVT. MOHILA COLLEGE,Day,Bangla,Humanities
DHAKA,NARAYANGANJ,NARAYANGANJ SADAR,112479,NARAYANGANJ GOVT. MOHILA COLLEGE,Day,Bangla,Business Studies
DHAKA,NARAYANGANJ,NARAYANGANJ SADAR,112480,NARAYANGANJ COLLEGE,Day,Bangla,Science
DHAKA,NARAYANGANJ,NARAYANGANJ SADAR,112480,NARAYANGANJ COLLEGE,Morning,Bangla,Science
DHAKA,NARAYANGANJ,NARAYANGANJ SADAR,112480,NARAYANGANJ COLLEGE,Day,Bangla,Humanities
DHAKA,NARAYANGANJ,NARAYANGANJ SADAR,112480,NARAYANGANJ COLLEGE,Morning,Bangla,Humanities
DHAKA,NARAYANGANJ,NARAYANGANJ SADAR,112480,NARAYANGANJ COLLEGE,Day,Bangla,Business Studies
DHAKA,NARAYANGANJ,NARAYANGANJ SADAR,112480,NARAYANGANJ COLLEGE,Morning,Bangla,Business Studies
DHAKA,NARAYANGANJ,NARAYANGANJ SADAR,112484,"ADARSHA GIRLS' SCHOOL AND COLLEGE, NARAYANGANJ",Day,Bangla,Business Studies
DHAKA,NARAYANGANJ,NARAYANGANJ SADAR,112484,"ADARSHA GIRLS' SCHOOL AND COLLEGE, NARAYANGANJ",Day,Bangla,Humanities
DHAKA,NARAYANGANJ,NARAYANGANJ SADAR,131870,NARAYANGONJ MODEL COLLEGE,Day,Bangla,Business Studies
DHAKA,NARAYANGANJ,NARAYANGANJ SADAR,131870,NARAYANGONJ MODEL COLLEGE,Day,Bangla,Humanities
DHAKA,NARAYANGANJ,NARAYANGANJ SADAR,135225,NARAYANGANJ COMMERCE COLLEGE,Day,Bangla,Business Studies
DHAKA,NARAYANGANJ,NARAYANGANJ SADAR,135225,NARAYANGANJ COMMERCE COLLEGE,Day,Bangla,Humanities
DHAKA,NARAYANGANJ,NARAYANGANJ SADAR,137040,IQRA COMMERCE COLLEGE,Day,Bangla,Business Studies
DHAKA,NARAYANGANJ,NARAYANGANJ SADAR,139004,KAMAR ALI COLLEGE,Morning,Bangla,Business Studies
DHAKA,NARAYANGANJ,NARAYANGANJ SADAR,139004,KAMAR ALI COLLEGE,Day,Bangla,Humanities
DHAKA,NARAYANGANJ,NARAYANGANJ SADAR,139004,KAMAR ALI COLLEGE,Day,Bangla,Science
DHAKA,NARAYANGANJ,NARAYANGANJ SADAR,139004,KAMAR ALI COLLEGE,Day,Bangla,Business Studies
DHAKA,NARAYANGANJ,NARAYANGANJ SADAR,139004,KAMAR ALI COLLEGE,Morning,Bangla,Science
DHAKA,NARAYANGANJ,NARAYANGANJ SADAR,139004,KAMAR ALI COLLEGE,Morning,Bangla,Humanities
DHAKA,NARAYANGANJ,RUPGANJ,112492,BHULTA UCCHA MADHYAMIK BIDDALAYA,Day,Bangla,Science
DHAKA,NARAYANGANJ,RUPGANJ,112492,BHULTA UCCHA MADHYAMIK BIDDALAYA,Day,Bangla,Humanities
DHAKA,NARAYANGANJ,RUPGANJ,112492,BHULTA UCCHA MADHYAMIK BIDDALAYA,Day,Bangla,Business Studies
DHAKA,NARAYANGANJ,RUPGANJ,112493,YOUSUFGONJ SCHOOL & COLLEGE,Day,Bangla,Humanities
DHAKA,NARAYANGANJ,RUPGANJ,112493,YOUSUFGONJ SCHOOL & COLLEGE,Day,Bangla,Business Studies
DHAKA,NARAYANGANJ,RUPGANJ,112503,NABA KISHOLOY HIGH SCHOOL AND GIRL'S COLLEGE,Day,Bangla,Humanities
DHAKA,NARAYANGANJ,RUPGANJ,112503,NABA KISHOLOY HIGH SCHOOL AND GIRL'S COLLEGE,Day,Bangla,Business Studies
DHAKA,NARAYANGANJ,RUPGANJ,112510,RUPSHI NEW MODEL SCHOOL & COLLEGE,Day,Bangla,Business Studies
DHAKA,NARAYANGANJ,RUPGANJ,112510,RUPSHI NEW MODEL SCHOOL & COLLEGE,Day,Bangla,Humanities
DHAKA,NARAYANGANJ,RUPGANJ,112511,HAZI MOHAMMAD EKHLASUDDIN BHUIYAN UCHCHA MADDHYAMIC BIDDAYALAYA,Day,Bangla,Business Studies
DHAKA,NARAYANGANJ,RUPGANJ,112534,SOLIMUDDIN CHOWDHURY COLLEGE,Day,Bangla,Science
DHAKA,NARAYANGANJ,RUPGANJ,112534,SOLIMUDDIN CHOWDHURY COLLEGE,Day,Bangla,Business Studies
DHAKA,NARAYANGANJ,RUPGANJ,112534,SOLIMUDDIN CHOWDHURY COLLEGE,Day,Bangla,Humanities
DHAKA,NARAYANGANJ,RUPGANJ,112535,MURAPARA COLLEGE,Day,Bangla,Humanities
DHAKA,NARAYANGANJ,RUPGANJ,112535,MURAPARA COLLEGE,Day,Bangla,Science
DHAKA,NARAYANGANJ,RUPGANJ,112535,MURAPARA COLLEGE,Day,Bangla,Business Studies
DHAKA,NARAYANGANJ,RUPGANJ,112536,ABDUL AZIZ MIA AYESHA KHATUN COLLEGE,Day,Bangla,Business Studies
DHAKA,NARAYANGANJ,RUPGANJ,112536,ABDUL AZIZ MIA AYESHA KHATUN COLLEGE,Day,Bangla,Humanities
DHAKA,NARAYANGANJ,RUPGANJ,112536,ABDUL AZIZ MIA AYESHA KHATUN COLLEGE,Day,Bangla,Science
DHAKA,NARAYANGANJ,RUPGANJ,112537,"NURUNNESSA UCHCHA MADHYAMIK BIDYALAYA, DAUDPUR, RUPGANJ",Day,Bangla,Humanities
DHAKA,NARAYANGANJ,RUPGANJ,112537,"NURUNNESSA UCHCHA MADHYAMIK BIDYALAYA, DAUDPUR, RUPGANJ",Day,Bangla,Business Studies
DHAKA,NARAYANGANJ,RUPGANJ,112537,"NURUNNESSA UCHCHA MADHYAMIK BIDYALAYA, DAUDPUR, RUPGANJ",Day,Bangla,Science
DHAKA,NARAYANGANJ,RUPGANJ,136557,PURBACHAL ADARSHA COLLEGE,Day,Bangla,Humanities
DHAKA,NARAYANGANJ,RUPGANJ,136557,PURBACHAL ADARSHA COLLEGE,Day,Bangla,Business Studies
DHAKA,NARAYANGANJ,RUPGANJ,136557,PURBACHAL ADARSHA COLLEGE,Day,Bangla,Science
DHAKA,NARAYANGANJ,RUPGANJ,137664,ALHAZ LION MD. HABIBUR RAHMAN HAREJ CITY COLLEGE,Day,Bangla,Humanities
DHAKA,NARAYANGANJ,RUPGANJ,137664,ALHAZ LION MD. HABIBUR RAHMAN HAREJ CITY COLLEGE,Day,Bangla,Business Studies
DHAKA,NARAYANGANJ,RUPGANJ,137664,ALHAZ LION MD. HABIBUR RAHMAN HAREJ CITY COLLEGE,Day,Bangla,Science
DHAKA,NARAYANGANJ,RUPGANJ,137668,ABDUL HAQUE BHUIYAN INTERNATIONAL COLLEGE,Day,Bangla,Business Studies
DHAKA,NARAYANGANJ,RUPGANJ,137668,ABDUL HAQUE BHUIYAN INTERNATIONAL COLLEGE,Day,Bangla,Humanities
DHAKA,NARAYANGANJ,RUPGANJ,137668,ABDUL HAQUE BHUIYAN INTERNATIONAL COLLEGE,Day,Bangla,Science
DHAKA,NARAYANGANJ,SIDDHIRGANJ,112476,SHANARPAR ROWSHAN ARA COLLEGE,Day,Bangla,Humanities
DHAKA,NARAYANGANJ,SIDDHIRGANJ,112476,SHANARPAR ROWSHAN ARA COLLEGE,Day,Bangla,Science
DHAKA,NARAYANGANJ,SIDDHIRGANJ,112476,SHANARPAR ROWSHAN ARA COLLEGE,Day,Bangla,Business Studies
DHAKA,NARAYANGANJ,SIDDHIRGANJ,112483,"REBATI MOHAN UCHCHA MADHYAMIK BIDYALYA, SIDDHIRGONJ",Morning,Bangla,Business Studies
DHAKA,NARAYANGANJ,SIDDHIRGANJ,112483,"REBATI MOHAN UCHCHA MADHYAMIK BIDYALYA, SIDDHIRGONJ",Morning,Bangla,Science
DHAKA,NARAYANGANJ,SIDDHIRGANJ,112483,"REBATI MOHAN UCHCHA MADHYAMIK BIDYALYA, SIDDHIRGONJ",Morning,Bangla,Humanities
DHAKA,NARAYANGANJ,SIDDHIRGANJ,134189,GIASUDDIN ISLAMIC MODEL COLLEGE,Day,Bangla,Humanities
DHAKA,NARAYANGANJ,SIDDHIRGANJ,134189,GIASUDDIN ISLAMIC MODEL COLLEGE,Day,Bangla,Business Studies
DHAKA,NARAYANGANJ,SIDDHIRGANJ,134189,GIASUDDIN ISLAMIC MODEL COLLEGE,Day,Bangla,Science
DHAKA,NARAYANGANJ,SONARGAON,112335,MEGHNA SHILPANAGARI SCHOOL & COLLEGE,Day,Bangla,Business Studies
DHAKA,NARAYANGANJ,SONARGAON,112335,MEGHNA SHILPANAGARI SCHOOL & COLLEGE,Day,Bangla,Humanities
DHAKA,NARAYANGANJ,SONARGAON,112335,MEGHNA SHILPANAGARI SCHOOL & COLLEGE,Day,Bangla,Science
DHAKA,NARAYANGANJ,SONARGAON,112337,BARADI HIGH SCHOOL & COLLEGE,Day,Bangla,Humanities
DHAKA,NARAYANGANJ,SONARGAON,112337,BARADI HIGH SCHOOL & COLLEGE,Day,Bangla,Business Studies
DHAKA,NARAYANGANJ,SONARGAON,112369,SONARGAON GOVT. COLLEGE,Day,Bangla,Science
DHAKA,NARAYANGANJ,SONARGAON,112369,SONARGAON GOVT. COLLEGE,Day,Bangla,Humanities
DHAKA,NARAYANGANJ,SONARGAON,112369,SONARGAON GOVT. COLLEGE,Day,Bangla,Business Studies
DHAKA,NARAYANGANJ,SONARGAON,112370,SONARGAON KAZI FAZLUL HAQUE WOMEN'S COLLEGE,Day,Bangla,Science
DHAKA,NARAYANGANJ,SONARGAON,112370,SONARGAON KAZI FAZLUL HAQUE WOMEN'S COLLEGE,Day,Bangla,Humanities
DHAKA,NARAYANGANJ,SONARGAON,112370,SONARGAON KAZI FAZLUL HAQUE WOMEN'S COLLEGE,Day,Bangla,Business Studies
DHAKA,NARAYANGANJ,SONARGAON,112371,HOSSAINPUR S. P. UNION COLLEGE,Day,Bangla,Business Studies
DHAKA,NARAYANGANJ,SONARGAON,112371,HOSSAINPUR S. P. UNION COLLEGE,Day,Bangla,Science
DHAKA,NARAYANGANJ,SONARGAON,112371,HOSSAINPUR S. P. UNION COLLEGE,Day,Bangla,Humanities
DHAKA,NARAYANGANJ,SONARGAON,112372,SINHA UCHCHA MADDHAMIK BIDDALAYA,Day,Bangla,Business Studies
DHAKA,NARAYANGANJ,SONARGAON,112372,SINHA UCHCHA MADDHAMIK BIDDALAYA,Day,Bangla,Science
DHAKA,NARAYANGANJ,SONARGAON,112373,SONARGAON G. R. INSTITUTION,Day,Bangla,Science
DHAKA,NARAYANGANJ,SONARGAON,112373,SONARGAON G. R. INSTITUTION,Day,Bangla,Business Studies
DHAKA,NARAYANGANJ,SONARGAON,112373,SONARGAON G. R. INSTITUTION,Day,Bangla,Humanities
DHAKA,NARAYANGANJ,SONARGAON,133916,SONARGAON IDEAL COLLEGE,Day,Bangla,Business Studies
DHAKA,NARAYANGANJ,SONARGAON,133916,SONARGAON IDEAL COLLEGE,Day,Bangla,Science
DHAKA,NARAYANGANJ,SONARGAON,133916,SONARGAON IDEAL COLLEGE,Day,Bangla,Humanities
DHAKA,NARAYANGANJ,SONARGAON,134965,SONARGAON STAR FLOWER SHAH ALI RAFIQUL ISLAM SCHOOL AND COLLEGE,Morning,Bangla,Science
DHAKA,NARAYANGANJ,SONARGAON,134965,SONARGAON STAR FLOWER SHAH ALI RAFIQUL ISLAM SCHOOL AND COLLEGE,Morning,Bangla,Business Studies
DHAKA,NARAYANGANJ,SONARGAON,134965,SONARGAON STAR FLOWER SHAH ALI RAFIQUL ISLAM SCHOOL AND COLLEGE,Morning,Bangla,Humanities
DHAKA,NARAYANGANJ,SONARGAON,136852,SONARGAON KNOWLEDGE KING COLLEGE,Day,Bangla,Business Studies
DHAKA,NARAYANGANJ,SONARGAON,136852,SONARGAON KNOWLEDGE KING COLLEGE,Day,Bangla,Humanities
DHAKA,NARSINGDI,BELABO,112573,NARAYANPUR RABEYA COLLEGE,Day,Bangla,Business Studies
DHAKA,NARSINGDI,BELABO,112573,NARAYANPUR RABEYA COLLEGE,Day,Bangla,Science
DHAKA,NARSINGDI,BELABO,112573,NARAYANPUR RABEYA COLLEGE,Day,Bangla,Humanities
DHAKA,NARSINGDI,BELABO,112574,"BAROICHA COLLEGE, BELABOO",Day,Bangla,Humanities
DHAKA,NARSINGDI,BELABO,112574,"BAROICHA COLLEGE, BELABOO",Day,Bangla,Business Studies
DHAKA,NARSINGDI,BELABO,112574,"BAROICHA COLLEGE, BELABOO",Day,Bangla,Science
DHAKA,NARSINGDI,BELABO,112575,HOSSAIN ALI COLLEGE,Day,Bangla,Science
DHAKA,NARSINGDI,BELABO,112575,HOSSAIN ALI COLLEGE,Day,Bangla,Humanities
DHAKA,NARSINGDI,BELABO,112575,HOSSAIN ALI COLLEGE,Day,Bangla,Business Studies
DHAKA,NARSINGDI,BELABO,112576,PORADIA WASIM UDDIN KHAN COLLEGE,Day,Bangla,Business Studies
DHAKA,NARSINGDI,BELABO,112576,PORADIA WASIM UDDIN KHAN COLLEGE,Day,Bangla,Science
DHAKA,NARSINGDI,BELABO,112576,PORADIA WASIM UDDIN KHAN COLLEGE,Day,Bangla,Humanities
DHAKA,NARSINGDI,BELABO,135250,KASHIMNAGAR ADARSHA MAHABIDDALAY,Day,Bangla,Humanities
DHAKA,NARSINGDI,BELABO,135250,KASHIMNAGAR ADARSHA MAHABIDDALAY,Day,Bangla,Science
DHAKA,NARSINGDI,BELABO,135250,KASHIMNAGAR ADARSHA MAHABIDDALAY,Day,Bangla,Business Studies
DHAKA,NARSINGDI,BELABO,136317,SHAHEED MUKTIJODDHA NOJIB UDDIN KHAN COLLEGE,Day,Bangla,Business Studies
DHAKA,NARSINGDI,BELABO,136317,SHAHEED MUKTIJODDHA NOJIB UDDIN KHAN COLLEGE,Day,Bangla,Humanities
DHAKA,NARSINGDI,MONOHARDI,112652,BARA CHAPA COLLEGE,Day,Bangla,Science
DHAKA,NARSINGDI,MONOHARDI,112652,BARA CHAPA COLLEGE,Day,Bangla,Business Studies
DHAKA,NARSINGDI,MONOHARDI,112652,BARA CHAPA COLLEGE,Day,Bangla,Humanities
DHAKA,NARSINGDI,MONOHARDI,112653,AFAZUDDIN KHAN COLLEGE,Day,Bangla,Humanities
DHAKA,NARSINGDI,MONOHARDI,112653,AFAZUDDIN KHAN COLLEGE,Day,Bangla,Business Studies
DHAKA,NARSINGDI,MONOHARDI,112653,AFAZUDDIN KHAN COLLEGE,Day,Bangla,Science
DHAKA,NARSINGDI,MONOHARDI,112654,BARA CHAPA UNION ADARSHA COLLEGE,Day,Bangla,Science
DHAKA,NARSINGDI,MONOHARDI,112654,BARA CHAPA UNION ADARSHA COLLEGE,Day,Bangla,Humanities
DHAKA,NARSINGDI,MONOHARDI,112654,BARA CHAPA UNION ADARSHA COLLEGE,Day,Bangla,Business Studies
DHAKA,NARSINGDI,MONOHARDI,112655,MANOHARDI COLLEGE,Day,Bangla,Business Studies
DHAKA,NARSINGDI,MONOHARDI,112655,MANOHARDI COLLEGE,Day,Bangla,Science
DHAKA,NARSINGDI,MONOHARDI,112655,MANOHARDI COLLEGE,Day,Bangla,Humanities
DHAKA,NARSINGDI,MONOHARDI,112656,"SARDAR ASMAT ALI MAHILA COLLEGE, MONOHARDI",Day,Bangla,Humanities
DHAKA,NARSINGDI,MONOHARDI,112656,"SARDAR ASMAT ALI MAHILA COLLEGE, MONOHARDI",Day,Bangla,Science
DHAKA,NARSINGDI,MONOHARDI,112656,"SARDAR ASMAT ALI MAHILA COLLEGE, MONOHARDI",Day,Bangla,Business Studies
DHAKA,NARSINGDI,MONOHARDI,112657,HATIRDIA RAZIUDDIN COLLEGE,Day,Bangla,Business Studies
DHAKA,NARSINGDI,MONOHARDI,112657,HATIRDIA RAZIUDDIN COLLEGE,Day,Bangla,Humanities
DHAKA,NARSINGDI,MONOHARDI,112657,HATIRDIA RAZIUDDIN COLLEGE,Day,Bangla,Science
DHAKA,NARSINGDI,MONOHARDI,112658,KHIDIRPUR COLLEGE,Day,Bangla,Business Studies
DHAKA,NARSINGDI,MONOHARDI,112658,KHIDIRPUR COLLEGE,Day,Bangla,Science
DHAKA,NARSINGDI,MONOHARDI,112658,KHIDIRPUR COLLEGE,Day,Bangla,Humanities
DHAKA,NARSINGDI,MONOHARDI,112659,"PANCHKANDI COLLEGE, MONOHARDI",Day,Bangla,Science
DHAKA,NARSINGDI,MONOHARDI,112659,"PANCHKANDI COLLEGE, MONOHARDI",Day,Bangla,Humanities
DHAKA,NARSINGDI,MONOHARDI,112659,"PANCHKANDI COLLEGE, MONOHARDI",Day,Bangla,Business Studies
DHAKA,NARSINGDI,MONOHARDI,138561,MONOHARDI MODEL COLLEGE,Day,Bangla,Humanities
DHAKA,NARSINGDI,MONOHARDI,138561,MONOHARDI MODEL COLLEGE,Day,Bangla,Business Studies
DHAKA,NARSINGDI,MONOHARDI,138561,MONOHARDI MODEL COLLEGE,Day,Bangla,Science
DHAKA,NARSINGDI,NARSINGDI SADAR,112671,SATIRPARA KALI KUMAR INSTITUTION SCHOOL & COLLEGE,Day,Bangla,Business Studies
DHAKA,NARSINGDI,NARSINGDI SADAR,112671,SATIRPARA KALI KUMAR INSTITUTION SCHOOL & COLLEGE,Day,Bangla,Science
DHAKA,NARSINGDI,NARSINGDI SADAR,112671,SATIRPARA KALI KUMAR INSTITUTION SCHOOL & COLLEGE,Day,Bangla,Humanities
DHAKA,NARSINGDI,NARSINGDI SADAR,112676,BRAHMANDI GIRLS' HIGH SCHOOL & COLLEGE,Day,Bangla,Science
DHAKA,NARSINGDI,NARSINGDI SADAR,112676,BRAHMANDI GIRLS' HIGH SCHOOL & COLLEGE,Day,Bangla,Business Studies
DHAKA,NARSINGDI,NARSINGDI SADAR,112676,BRAHMANDI GIRLS' HIGH SCHOOL & COLLEGE,Day,Bangla,Humanities
DHAKA,NARSINGDI,NARSINGDI SADAR,112679,PACHDONA SIR KRISHNA GOBINDA GUPTA SCHOOL AND COLLEGE,Day,Bangla,Science
DHAKA,NARSINGDI,NARSINGDI SADAR,112679,PACHDONA SIR KRISHNA GOBINDA GUPTA SCHOOL AND COLLEGE,Day,Bangla,Humanities
DHAKA,NARSINGDI,NARSINGDI SADAR,112679,PACHDONA SIR KRISHNA GOBINDA GUPTA SCHOOL AND COLLEGE,Day,Bangla,Business Studies
DHAKA,NARSINGDI,NARSINGDI SADAR,112682,BHUIM SCHOOL AND COLLEGE,Day,Bangla,Science
DHAKA,NARSINGDI,NARSINGDI SADAR,112682,BHUIM SCHOOL AND COLLEGE,Day,Bangla,Humanities
DHAKA,NARSINGDI,NARSINGDI SADAR,112682,BHUIM SCHOOL AND COLLEGE,Day,Bangla,Business Studies
DHAKA,NARSINGDI,NARSINGDI SADAR,112684,RAJADI CHINISHPUR HIGH SCHOOL AND COLLEGE,Day,Bangla,Business Studies
DHAKA,NARSINGDI,NARSINGDI SADAR,112684,RAJADI CHINISHPUR HIGH SCHOOL AND COLLEGE,Day,Bangla,Humanities
DHAKA,NARSINGDI,NARSINGDI SADAR,112684,RAJADI CHINISHPUR HIGH SCHOOL AND COLLEGE,Day,Bangla,Science
DHAKA,NARSINGDI,NARSINGDI SADAR,112715,MADHABDI COLLEGE,Day,Bangla,Business Studies
DHAKA,NARSINGDI,NARSINGDI SADAR,112715,MADHABDI COLLEGE,Day,Bangla,Science
DHAKA,NARSINGDI,NARSINGDI SADAR,112715,MADHABDI COLLEGE,Day,Bangla,Humanities
DHAKA,NARSINGDI,NARSINGDI SADAR,112716,NARSINGDI MODEL COLLEGE,Day,Bangla,Business Studies
DHAKA,NARSINGDI,NARSINGDI SADAR,112716,NARSINGDI MODEL COLLEGE,Day,Bangla,Science
DHAKA,NARSINGDI,NARSINGDI SADAR,112716,NARSINGDI MODEL COLLEGE,Day,Bangla,Humanities
DHAKA,NARSINGDI,NARSINGDI SADAR,112717,HAJI ABED ALI COLLEGE,Day,Bangla,Humanities
DHAKA,NARSINGDI,NARSINGDI SADAR,112717,HAJI ABED ALI COLLEGE,Day,Bangla,Science
DHAKA,NARSINGDI,NARSINGDI SADAR,112717,HAJI ABED ALI COLLEGE,Day,Bangla,Business Studies
DHAKA,NARSINGDI,NARSINGDI SADAR,112718,NARSINGDI GOVT. MOHILA COLLEGE,Day,Bangla,Business Studies
DHAKA,NARSINGDI,NARSINGDI SADAR,112718,NARSINGDI GOVT. MOHILA COLLEGE,Day,Bangla,Humanities
DHAKA,NARSINGDI,NARSINGDI SADAR,112718,NARSINGDI GOVT. MOHILA COLLEGE,Day,Bangla,Science
DHAKA,NARSINGDI,NARSINGDI SADAR,112719,NARSINGDI GOVT. COLLEGE,Day,Bangla,Science
DHAKA,NARSINGDI,NARSINGDI SADAR,112719,NARSINGDI GOVT. COLLEGE,Day,Bangla,Humanities
DHAKA,NARSINGDI,NARSINGDI SADAR,112719,NARSINGDI GOVT. COLLEGE,Day,Bangla,Business Studies
DHAKA,NARSINGDI,NARSINGDI SADAR,112720,MADHABDI GIRLS' SCHOOL AND COLLEGE,Day,Bangla,Business Studies
DHAKA,NARSINGDI,NARSINGDI SADAR,112720,MADHABDI GIRLS' SCHOOL AND COLLEGE,Day,Bangla,Humanities
DHAKA,NARSINGDI,NARSINGDI SADAR,112720,MADHABDI GIRLS' SCHOOL AND COLLEGE,Day,Bangla,Science
DHAKA,NARSINGDI,NARSINGDI SADAR,131871,"SHILMANDI ADARSHA COLLEGE, SHILMANDI",Day,Bangla,Humanities
DHAKA,NARSINGDI,NARSINGDI SADAR,131871,"SHILMANDI ADARSHA COLLEGE, SHILMANDI",Day,Bangla,Business Studies
DHAKA,NARSINGDI,NARSINGDI SADAR,131871,"SHILMANDI ADARSHA COLLEGE, SHILMANDI",Day,Bangla,Science
DHAKA,NARSINGDI,NARSINGDI SADAR,131872,MADHOBDI DIGITAL COLLEGE,Day,Bangla,Humanities
DHAKA,NARSINGDI,NARSINGDI SADAR,131872,MADHOBDI DIGITAL COLLEGE,Day,Bangla,Business Studies
DHAKA,NARSINGDI,NARSINGDI SADAR,132043,ABDUL KADIR MOLLAH CITY COLLEGE,Day,Bangla,Business Studies
DHAKA,NARSINGDI,NARSINGDI SADAR,132043,ABDUL KADIR MOLLAH CITY COLLEGE,Day,Bangla,Humanities
DHAKA,NARSINGDI,NARSINGDI SADAR,132043,ABDUL KADIR MOLLAH CITY COLLEGE,Day,Bangla,Science
DHAKA,NARSINGDI,NARSINGDI SADAR,134181,NARSINGDI PRESIDENCY COLLEGE,Day,Bangla,Business Studies
DHAKA,NARSINGDI,NARSINGDI SADAR,134181,NARSINGDI PRESIDENCY COLLEGE,Day,Bangla,Science
DHAKA,NARSINGDI,NARSINGDI SADAR,134181,NARSINGDI PRESIDENCY COLLEGE,Day,Bangla,Humanities
DHAKA,NARSINGDI,NARSINGDI SADAR,134199,NORSINGDI OXFORD COLLEGE,Day,Bangla,Humanities
DHAKA,NARSINGDI,NARSINGDI SADAR,134199,NORSINGDI OXFORD COLLEGE,Day,Bangla,Business Studies
DHAKA,NARSINGDI,NARSINGDI SADAR,134199,NORSINGDI OXFORD COLLEGE,Day,Bangla,Science
DHAKA,NARSINGDI,NARSINGDI SADAR,134200,NARSINGDI IDEAL COLLEGE,Day,Bangla,Business Studies
DHAKA,NARSINGDI,NARSINGDI SADAR,134200,NARSINGDI IDEAL COLLEGE,Day,Bangla,Humanities
DHAKA,NARSINGDI,NARSINGDI SADAR,134200,NARSINGDI IDEAL COLLEGE,Day,Bangla,Science
DHAKA,NARSINGDI,NARSINGDI SADAR,134201,NARSINGDI SCIENCE COLLEGE,Day,Bangla,Science
DHAKA,NARSINGDI,NARSINGDI SADAR,134565,NARSINGDI COMMERCE COLLEGE,Day,Bangla,Business Studies
DHAKA,NARSINGDI,NARSINGDI SADAR,134572,NATIONAL COLLEGE OF EDUCATION,Day,Bangla,Science
DHAKA,NARSINGDI,NARSINGDI SADAR,134572,NATIONAL COLLEGE OF EDUCATION,Day,Bangla,Humanities
DHAKA,NARSINGDI,NARSINGDI SADAR,134572,NATIONAL COLLEGE OF EDUCATION,Day,Bangla,Business Studies
DHAKA,NARSINGDI,NARSINGDI SADAR,134608,SCHOLASTICA MODEL COLLEGE,Day,Bangla,Science
DHAKA,NARSINGDI,NARSINGDI SADAR,134608,SCHOLASTICA MODEL COLLEGE,Day,Bangla,Business Studies
DHAKA,NARSINGDI,NARSINGDI SADAR,134608,SCHOLASTICA MODEL COLLEGE,Day,Bangla,Humanities
DHAKA,NARSINGDI,NARSINGDI SADAR,135279,FARIDA HASHEM INTERNATIONAL HIGH SCHOOL AND COLLEGE,Day,Bangla,Humanities
DHAKA,NARSINGDI,NARSINGDI SADAR,135279,FARIDA HASHEM INTERNATIONAL HIGH SCHOOL AND COLLEGE,Day,Bangla,Business Studies
DHAKA,NARSINGDI,NARSINGDI SADAR,135279,FARIDA HASHEM INTERNATIONAL HIGH SCHOOL AND COLLEGE,Day,Bangla,Science
DHAKA,NARSINGDI,NARSINGDI SADAR,136254,STANDARD COLLEGE,Day,Bangla,Business Studies
DHAKA,NARSINGDI,NARSINGDI SADAR,136254,STANDARD COLLEGE,Day,Bangla,Humanities
DHAKA,NARSINGDI,NARSINGDI SADAR,136291,BABURHAT GREEN FIELD COLLEGE,Day,Bangla,Humanities
DHAKA,NARSINGDI,NARSINGDI SADAR,136291,BABURHAT GREEN FIELD COLLEGE,Day,Bangla,Business Studies
DHAKA,NARSINGDI,NARSINGDI SADAR,136842,NARSINGDI PUBLIC COLLEGE,Day,Bangla,Business Studies
DHAKA,NARSINGDI,NARSINGDI SADAR,136842,NARSINGDI PUBLIC COLLEGE,Day,Bangla,Science
DHAKA,NARSINGDI,NARSINGDI SADAR,136842,NARSINGDI PUBLIC COLLEGE,Day,Bangla,Humanities
DHAKA,NARSINGDI,NARSINGDI SADAR,136847,NARSINGDI UNITED COLLEGE,Day,Bangla,Humanities
DHAKA,NARSINGDI,NARSINGDI SADAR,136847,NARSINGDI UNITED COLLEGE,Day,Bangla,Science
DHAKA,NARSINGDI,NARSINGDI SADAR,136847,NARSINGDI UNITED COLLEGE,Day,Bangla,Business Studies
DHAKA,NARSINGDI,NARSINGDI SADAR,136851,NARSINGDI PRIME COLLEGE,Day,Bangla,Humanities
DHAKA,NARSINGDI,NARSINGDI SADAR,136851,NARSINGDI PRIME COLLEGE,Day,Bangla,Science
DHAKA,NARSINGDI,NARSINGDI SADAR,136851,NARSINGDI PRIME COLLEGE,Day,Bangla,Business Studies
DHAKA,NARSINGDI,NARSINGDI SADAR,136863,JAJ BHUIAYAN COLLEGE,Day,Bangla,Business Studies
DHAKA,NARSINGDI,NARSINGDI SADAR,136863,JAJ BHUIAYAN COLLEGE,Day,Bangla,Humanities
DHAKA,NARSINGDI,NARSINGDI SADAR,136888,PREPARATORY COLLEGE,Day,Bangla,Science
DHAKA,NARSINGDI,NARSINGDI SADAR,136888,PREPARATORY COLLEGE,Day,Bangla,Business Studies
DHAKA,NARSINGDI,NARSINGDI SADAR,136888,PREPARATORY COLLEGE,Day,Bangla,Humanities
DHAKA,NARSINGDI,NARSINGDI SADAR,137015,NARSINGDI UDAYON COLLEGE,Day,Bangla,Humanities
DHAKA,NARSINGDI,NARSINGDI SADAR,137015,NARSINGDI UDAYON COLLEGE,Day,Bangla,Science
DHAKA,NARSINGDI,NARSINGDI SADAR,137015,NARSINGDI UDAYON COLLEGE,Day,Bangla,Business Studies
DHAKA,NARSINGDI,NARSINGDI SADAR,137070,NARSINGDI IMPERIAL COLLEGE,Day,Bangla,Humanities
DHAKA,NARSINGDI,NARSINGDI SADAR,137070,NARSINGDI IMPERIAL COLLEGE,Day,Bangla,Science
DHAKA,NARSINGDI,NARSINGDI SADAR,137070,NARSINGDI IMPERIAL COLLEGE,Day,Bangla,Business Studies
DHAKA,NARSINGDI,NARSINGDI SADAR,137083,NARSINGDI INDEPENDENT COLLEGE,Day,Bangla,Business Studies
DHAKA,NARSINGDI,NARSINGDI SADAR,137083,NARSINGDI INDEPENDENT COLLEGE,Day,Bangla,Humanities
DHAKA,NARSINGDI,NARSINGDI SADAR,137083,NARSINGDI INDEPENDENT COLLEGE,Day,Bangla,Science
DHAKA,NARSINGDI,NARSINGDI SADAR,137088,NARSINGDI CENTRAL COLLEGE,Day,Bangla,Business Studies
DHAKA,NARSINGDI,NARSINGDI SADAR,137088,NARSINGDI CENTRAL COLLEGE,Day,Bangla,Humanities
DHAKA,NARSINGDI,NARSINGDI SADAR,137088,NARSINGDI CENTRAL COLLEGE,Day,Bangla,Science
DHAKA,NARSINGDI,NARSINGDI SADAR,138779,BASIC EDUCATION COLLEGE,Morning,Bangla,Science
DHAKA,NARSINGDI,NARSINGDI SADAR,138779,BASIC EDUCATION COLLEGE,Morning,Bangla,Business Studies
DHAKA,NARSINGDI,NARSINGDI SADAR,138779,BASIC EDUCATION COLLEGE,Morning,Bangla,Humanities
DHAKA,NARSINGDI,NARSINGDI SADAR,139533,"ORIENTAL COLLEGE, NARSINGDI",Day,Bangla,Science
DHAKA,NARSINGDI,NARSINGDI SADAR,139533,"ORIENTAL COLLEGE, NARSINGDI",Day,Bangla,Humanities
DHAKA,NARSINGDI,NARSINGDI SADAR,139533,"ORIENTAL COLLEGE, NARSINGDI",Day,Bangla,Business Studies
DHAKA,NARSINGDI,PALASH,112757,GHORASHAL MUSABIN HAKIM COLLEGE,Day,Bangla,Business Studies
DHAKA,NARSINGDI,PALASH,112757,GHORASHAL MUSABIN HAKIM COLLEGE,Day,Bangla,Humanities
DHAKA,NARSINGDI,PALASH,112757,GHORASHAL MUSABIN HAKIM COLLEGE,Day,Bangla,Science
DHAKA,NARSINGDI,PALASH,112758,PALASH SHILPANCHAL COLLEGE,Day,Bangla,Science
DHAKA,NARSINGDI,PALASH,112758,PALASH SHILPANCHAL COLLEGE,Day,Bangla,Humanities
DHAKA,NARSINGDI,PALASH,112758,PALASH SHILPANCHAL COLLEGE,Day,Bangla,Business Studies
DHAKA,NARSINGDI,PALASH,112759,"SHAHEED SMIRITI COLLEGE, CHAR SINDUR",Day,Bangla,Business Studies
DHAKA,NARSINGDI,PALASH,112759,"SHAHEED SMIRITI COLLEGE, CHAR SINDUR",Day,Bangla,Science
DHAKA,NARSINGDI,PALASH,112759,"SHAHEED SMIRITI COLLEGE, CHAR SINDUR",Day,Bangla,Humanities
DHAKA,NARSINGDI,PALASH,112760,UREA SAR KARKHANA COLLEGE,Day,Bangla,Business Studies
DHAKA,NARSINGDI,PALASH,112760,UREA SAR KARKHANA COLLEGE,Day,Bangla,Humanities
DHAKA,NARSINGDI,PALASH,112760,UREA SAR KARKHANA COLLEGE,Day,Bangla,Science
DHAKA,NARSINGDI,PALASH,112762,DR. NAZRUL BIN NOOR MOHSIN UCHCHA MADYAMIC BALIKA BIDDYALAYA,Day,Bangla,Business Studies
DHAKA,NARSINGDI,PALASH,112762,DR. NAZRUL BIN NOOR MOHSIN UCHCHA MADYAMIC BALIKA BIDDYALAYA,Day,Bangla,Humanities
DHAKA,NARSINGDI,PALASH,112762,DR. NAZRUL BIN NOOR MOHSIN UCHCHA MADYAMIC BALIKA BIDDYALAYA,Day,Bangla,Science
DHAKA,NARSINGDI,PALASH,134877,PALASH THANA CENTRAL COLLEGE,Day,Bangla,Humanities
DHAKA,NARSINGDI,PALASH,134877,PALASH THANA CENTRAL COLLEGE,Day,Bangla,Science
DHAKA,NARSINGDI,PALASH,134877,PALASH THANA CENTRAL COLLEGE,Day,Bangla,Business Studies
DHAKA,NARSINGDI,PALASH,139527,PALASH RESIDENTIAL MODEL COLLEGE,Day,Bangla,Business Studies
DHAKA,NARSINGDI,PALASH,139527,PALASH RESIDENTIAL MODEL COLLEGE,Day,Bangla,Science
DHAKA,NARSINGDI,PALASH,139527,PALASH RESIDENTIAL MODEL COLLEGE,Day,Bangla,Humanities
DHAKA,NARSINGDI,RAIPURA,112768,RAIPURA RAJ KISHOR RADHA MOHON SCHOOL AND COLLEGE,Day,Bangla,Science
DHAKA,NARSINGDI,RAIPURA,112768,RAIPURA RAJ KISHOR RADHA MOHON SCHOOL AND COLLEGE,Day,Bangla,Humanities
DHAKA,NARSINGDI,RAIPURA,112768,RAIPURA RAJ KISHOR RADHA MOHON SCHOOL AND COLLEGE,Day,Bangla,Business Studies
DHAKA,NARSINGDI,RAIPURA,112774,RAYPURA PILOT GIRLS' HIGH SCHOOL AND COLLEGE,Day,Bangla,Business Studies
DHAKA,NARSINGDI,RAIPURA,112774,RAYPURA PILOT GIRLS' HIGH SCHOOL AND COLLEGE,Day,Bangla,Science
DHAKA,NARSINGDI,RAIPURA,112774,RAYPURA PILOT GIRLS' HIGH SCHOOL AND COLLEGE,Day,Bangla,Humanities
DHAKA,NARSINGDI,RAIPURA,112781,SAHERCHAR SCHOOL AND COLLEGE,Day,Bangla,Science
DHAKA,NARSINGDI,RAIPURA,112781,SAHERCHAR SCHOOL AND COLLEGE,Day,Bangla,Humanities
DHAKA,NARSINGDI,RAIPURA,112781,SAHERCHAR SCHOOL AND COLLEGE,Day,Bangla,Business Studies
DHAKA,NARSINGDI,RAIPURA,112801,MAHMUDABAD RAZIUDDIN AHAMED RAZU HIGH SCHOOL AND COLLEGE,Day,Bangla,Humanities
DHAKA,NARSINGDI,RAIPURA,112801,MAHMUDABAD RAZIUDDIN AHAMED RAZU HIGH SCHOOL AND COLLEGE,Day,Bangla,Science
DHAKA,NARSINGDI,RAIPURA,112801,MAHMUDABAD RAZIUDDIN AHAMED RAZU HIGH SCHOOL AND COLLEGE,Day,Bangla,Business Studies
DHAKA,NARSINGDI,RAIPURA,112817,RAIPURA GOVERNMENT COLLEGE,Day,Bangla,Humanities
DHAKA,NARSINGDI,RAIPURA,112817,RAIPURA GOVERNMENT COLLEGE,Day,Bangla,Science
DHAKA,NARSINGDI,RAIPURA,112817,RAIPURA GOVERNMENT COLLEGE,Day,Bangla,Business Studies
DHAKA,NARSINGDI,RAIPURA,112818,RAHIMA HOQUE CHETANA BIKASH MOHILA COLLEGE,Day,Bangla,Science
DHAKA,NARSINGDI,RAIPURA,112818,RAHIMA HOQUE CHETANA BIKASH MOHILA COLLEGE,Day,Bangla,Humanities
DHAKA,NARSINGDI,RAIPURA,112818,RAHIMA HOQUE CHETANA BIKASH MOHILA COLLEGE,Day,Bangla,Business Studies
DHAKA,NARSINGDI,RAIPURA,112819,GOVT. ADIABAD ISLAMIA HIGH SCHOOL & COLLEGE,Day,Bangla,Science
DHAKA,NARSINGDI,RAIPURA,112819,GOVT. ADIABAD ISLAMIA HIGH SCHOOL & COLLEGE,Day,Bangla,Business Studies
DHAKA,NARSINGDI,RAIPURA,112819,GOVT. ADIABAD ISLAMIA HIGH SCHOOL & COLLEGE,Day,Bangla,Humanities
DHAKA,NARSINGDI,RAIPURA,134703,HAJI SAMSUDDIN BHUIYAN COLLEGE,Day,Bangla,Humanities
DHAKA,NARSINGDI,RAIPURA,134703,HAJI SAMSUDDIN BHUIYAN COLLEGE,Day,Bangla,Business Studies
DHAKA,NARSINGDI,RAIPURA,135615,ZOHRA HASAN GIRLS' HIGH SCHOOL & COLLEGE,Day,Bangla,Science
DHAKA,NARSINGDI,RAIPURA,135615,ZOHRA HASAN GIRLS' HIGH SCHOOL & COLLEGE,Day,Bangla,Humanities
DHAKA,NARSINGDI,RAIPURA,135615,ZOHRA HASAN GIRLS' HIGH SCHOOL & COLLEGE,Day,Bangla,Business Studies
DHAKA,NARSINGDI,RAIPURA,137789,BASHGARI COLLEGE,Day,Bangla,Science
DHAKA,NARSINGDI,RAIPURA,137789,BASHGARI COLLEGE,Day,Bangla,Business Studies
DHAKA,NARSINGDI,RAIPURA,137789,BASHGARI COLLEGE,Day,Bangla,Humanities
DHAKA,NARSINGDI,RAIPURA,138775,BIRSRESHTHO MOTIURNAGAR COLLEGE,Day,Bangla,Business Studies
DHAKA,NARSINGDI,RAIPURA,138775,BIRSRESHTHO MOTIURNAGAR COLLEGE,Day,Bangla,Science
DHAKA,NARSINGDI,RAIPURA,138775,BIRSRESHTHO MOTIURNAGAR COLLEGE,Day,Bangla,Humanities
DHAKA,NARSINGDI,RAIPURA,138897,RAIPURA MODEL COLLEGE,Day,Bangla,Science
DHAKA,NARSINGDI,RAIPURA,138897,RAIPURA MODEL COLLEGE,Day,Bangla,Humanities
DHAKA,NARSINGDI,RAIPURA,138897,RAIPURA MODEL COLLEGE,Day,Bangla,Business Studies
DHAKA,NARSINGDI,RAIPURA,139535,MOSLEH UDDIN BHUIYAN COLLEGE,Day,Bangla,Humanities
DHAKA,NARSINGDI,RAIPURA,139535,MOSLEH UDDIN BHUIYAN COLLEGE,Day,Bangla,Business Studies
DHAKA,NARSINGDI,RAIPURA,139535,MOSLEH UDDIN BHUIYAN COLLEGE,Day,Bangla,Science
DHAKA,NARSINGDI,RAIPURA,139631,RAIPURA ADARSHAH COLLEGE,Day,Bangla,Humanities
DHAKA,NARSINGDI,RAIPURA,139631,RAIPURA ADARSHAH COLLEGE,Day,Bangla,Science
DHAKA,NARSINGDI,RAIPURA,139631,RAIPURA ADARSHAH COLLEGE,Day,Bangla,Business Studies
DHAKA,NARSINGDI,SHIBPUR,112833,HARI HARDI SCHOOL & COLLEGE,Day,Bangla,Humanities
DHAKA,NARSINGDI,SHIBPUR,112833,HARI HARDI SCHOOL & COLLEGE,Day,Bangla,Business Studies
DHAKA,NARSINGDI,SHIBPUR,112833,HARI HARDI SCHOOL & COLLEGE,Day,Bangla,Science
DHAKA,NARSINGDI,SHIBPUR,112858,GULESTA-HAFIZ MEMORIAL INSTITUTE,Day,Bangla,Business Studies
DHAKA,NARSINGDI,SHIBPUR,112879,LAKHPUR SHIMULIA COLLEGE,Day,Bangla,Humanities
DHAKA,NARSINGDI,SHIBPUR,112879,LAKHPUR SHIMULIA COLLEGE,Day,Bangla,Business Studies
DHAKA,NARSINGDI,SHIBPUR,112879,LAKHPUR SHIMULIA COLLEGE,Day,Bangla,Science
DHAKA,NARSINGDI,SHIBPUR,112880,SABUJ PAHAR COLLEGE,Day,Bangla,Science
DHAKA,NARSINGDI,SHIBPUR,112880,SABUJ PAHAR COLLEGE,Day,Bangla,Humanities
DHAKA,NARSINGDI,SHIBPUR,112880,SABUJ PAHAR COLLEGE,Day,Bangla,Business Studies
DHAKA,NARSINGDI,SHIBPUR,112881,GOVT. SHIBPUR SHAHID ASAD COLLEGE,Day,Bangla,Humanities
DHAKA,NARSINGDI,SHIBPUR,112881,GOVT. SHIBPUR SHAHID ASAD COLLEGE,Day,Bangla,Science
DHAKA,NARSINGDI,SHIBPUR,112881,GOVT. SHIBPUR SHAHID ASAD COLLEGE,Day,Bangla,Business Studies
DHAKA,NARSINGDI,SHIBPUR,112882,JOYNAGAR COLLEGE,Day,Bangla,Humanities
DHAKA,NARSINGDI,SHIBPUR,112882,JOYNAGAR COLLEGE,Day,Bangla,Business Studies
DHAKA,NARSINGDI,SHIBPUR,112882,JOYNAGAR COLLEGE,Day,Bangla,Science
DHAKA,NARSINGDI,SHIBPUR,112883,ABDUL MANNAN BHUIYAN COLLEGE,Day,Bangla,Humanities
DHAKA,NARSINGDI,SHIBPUR,112883,ABDUL MANNAN BHUIYAN COLLEGE,Day,Bangla,Science
DHAKA,NARSINGDI,SHIBPUR,112883,ABDUL MANNAN BHUIYAN COLLEGE,Day,Bangla,Business Studies
DHAKA,NARSINGDI,SHIBPUR,112884,"SHAHID ASAD COLLEGIATE GIRLS' HIGH SCHOOL, SHIBPUR",Day,Bangla,Humanities
DHAKA,NARSINGDI,SHIBPUR,112884,"SHAHID ASAD COLLEGIATE GIRLS' HIGH SCHOOL, SHIBPUR",Day,Bangla,Science
DHAKA,NARSINGDI,SHIBPUR,112884,"SHAHID ASAD COLLEGIATE GIRLS' HIGH SCHOOL, SHIBPUR",Day,Bangla,Business Studies
DHAKA,NARSINGDI,SHIBPUR,131120,KHARIA HIGH SCHOOL AND COLLEGE,Day,Bangla,Science
DHAKA,NARSINGDI,SHIBPUR,131120,KHARIA HIGH SCHOOL AND COLLEGE,Day,Bangla,Business Studies
DHAKA,NARSINGDI,SHIBPUR,131120,KHARIA HIGH SCHOOL AND COLLEGE,Day,Bangla,Humanities
DHAKA,NARSINGDI,SHIBPUR,136269,SHIBPUR MODEL COLLEGE,Day,Bangla,Business Studies
DHAKA,NARSINGDI,SHIBPUR,136269,SHIBPUR MODEL COLLEGE,Day,Bangla,Humanities
DHAKA,NARSINGDI,SHIBPUR,136269,SHIBPUR MODEL COLLEGE,Day,Bangla,Science
DHAKA,NARSINGDI,SHIBPUR,138381,BARNAMALA IDEAL COLLEGE,Day,Bangla,Business Studies
DHAKA,NARSINGDI,SHIBPUR,138381,BARNAMALA IDEAL COLLEGE,Day,Bangla,Humanities
DHAKA,NARSINGDI,SHIBPUR,138381,BARNAMALA IDEAL COLLEGE,Day,Bangla,Science
DHAKA,NARSINGDI,SHIBPUR,138584,SHIBPUR IDEAL COLLEGE,Day,Bangla,Business Studies
DHAKA,NARSINGDI,SHIBPUR,138584,SHIBPUR IDEAL COLLEGE,Day,Bangla,Science
DHAKA,NARSINGDI,SHIBPUR,138584,SHIBPUR IDEAL COLLEGE,Day,Bangla,Humanities
DHAKA,MUNSHIGANJ,GAZARIA,111096,BHABER CHAR GIRLS HIGH SCHOOL AND COLLEGE,Day,Bangla,Business Studies
DHAKA,MUNSHIGANJ,GAZARIA,111096,BHABER CHAR GIRLS HIGH SCHOOL AND COLLEGE,Day,Bangla,Science
DHAKA,MUNSHIGANJ,GAZARIA,111096,BHABER CHAR GIRLS HIGH SCHOOL AND COLLEGE,Day,Bangla,Humanities
DHAKA,MUNSHIGANJ,GAZARIA,111098,BALUAKANDI DR. ABDUL GAFFAR SCHOOL & COLLEGE,Day,Bangla,Business Studies
DHAKA,MUNSHIGANJ,GAZARIA,111098,BALUAKANDI DR. ABDUL GAFFAR SCHOOL & COLLEGE,Day,Bangla,Science
DHAKA,MUNSHIGANJ,GAZARIA,111098,BALUAKANDI DR. ABDUL GAFFAR SCHOOL & COLLEGE,Day,Bangla,Humanities
DHAKA,MUNSHIGANJ,GAZARIA,111107,GAZARIA KALIM ULLAH COLLEGE,Day,Bangla,Science
DHAKA,MUNSHIGANJ,GAZARIA,111107,GAZARIA KALIM ULLAH COLLEGE,Day,Bangla,Humanities
DHAKA,MUNSHIGANJ,GAZARIA,111107,GAZARIA KALIM ULLAH COLLEGE,Day,Bangla,Business Studies
DHAKA,MUNSHIGANJ,GAZARIA,111108,GOVT. GAZARIA COLLEGE,Day,Bangla,Science
DHAKA,MUNSHIGANJ,GAZARIA,111108,GOVT. GAZARIA COLLEGE,Day,Bangla,Humanities
DHAKA,MUNSHIGANJ,GAZARIA,111108,GOVT. GAZARIA COLLEGE,Day,Bangla,Business Studies
DHAKA,MUNSHIGANJ,LOUHOJANG,111115,KALMA LAKSHMIKANTA HIGH SCHOOL AND COLLEGE,Day,Bangla,Humanities
DHAKA,MUNSHIGANJ,LOUHOJANG,111115,KALMA LAKSHMIKANTA HIGH SCHOOL AND COLLEGE,Day,Bangla,Business Studies
DHAKA,MUNSHIGANJ,LOUHOJANG,111115,KALMA LAKSHMIKANTA HIGH SCHOOL AND COLLEGE,Day,Bangla,Science
DHAKA,MUNSHIGANJ,LOUHOJANG,111127,GOVT. LOHAJANG UNIVERSITY COLLEGE,Day,Bangla,Science
DHAKA,MUNSHIGANJ,LOUHOJANG,111127,GOVT. LOHAJANG UNIVERSITY COLLEGE,Day,Bangla,Business Studies
DHAKA,MUNSHIGANJ,LOUHOJANG,111127,GOVT. LOHAJANG UNIVERSITY COLLEGE,Day,Bangla,Humanities
DHAKA,MUNSHIGANJ,LOUHOJANG,111128,"MEDINIMANDAL GIRLS' COLLEGE, MEDINIMANDAL",Day,Bangla,Humanities
DHAKA,MUNSHIGANJ,LOUHOJANG,138851,YUNUS KHAN MEMORIAL COLLEGE,Day,Bangla,Business Studies
DHAKA,MUNSHIGANJ,LOUHOJANG,138851,YUNUS KHAN MEMORIAL COLLEGE,Day,Bangla,Humanities
DHAKA,MUNSHIGANJ,LOUHOJANG,138851,YUNUS KHAN MEMORIAL COLLEGE,Day,Bangla,Science
DHAKA,MUNSHIGANJ,MUNSHIGANJ SADAR,111159,MUNSHIGANJ GOVT. MOHILA COLLEGE,Day,Bangla,Humanities
DHAKA,MUNSHIGANJ,MUNSHIGANJ SADAR,111159,MUNSHIGANJ GOVT. MOHILA COLLEGE,Day,Bangla,Business Studies
DHAKA,MUNSHIGANJ,MUNSHIGANJ SADAR,111159,MUNSHIGANJ GOVT. MOHILA COLLEGE,Day,Bangla,Science
DHAKA,MUNSHIGANJ,MUNSHIGANJ SADAR,111160,GOVT. HARAGANGA COLLEGE,Day,Bangla,Business Studies
DHAKA,MUNSHIGANJ,MUNSHIGANJ SADAR,111160,GOVT. HARAGANGA COLLEGE,Day,Bangla,Humanities
DHAKA,MUNSHIGANJ,MUNSHIGANJ SADAR,111160,GOVT. HARAGANGA COLLEGE,Day,Bangla,Science
DHAKA,MUNSHIGANJ,MUNSHIGANJ SADAR,111161,RAMPAL COLLEGE,Day,Bangla,Business Studies
DHAKA,MUNSHIGANJ,MUNSHIGANJ SADAR,111161,RAMPAL COLLEGE,Day,Bangla,Humanities
DHAKA,MUNSHIGANJ,MUNSHIGANJ SADAR,111161,RAMPAL COLLEGE,Day,Bangla,Science
DHAKA,MUNSHIGANJ,MUNSHIGANJ SADAR,132058,MIRKADIM HAJI AMJAD ALI COLLEGE,Day,Bangla,Humanities
DHAKA,MUNSHIGANJ,MUNSHIGANJ SADAR,132058,MIRKADIM HAJI AMJAD ALI COLLEGE,Day,Bangla,Science
DHAKA,MUNSHIGANJ,MUNSHIGANJ SADAR,132058,MIRKADIM HAJI AMJAD ALI COLLEGE,Day,Bangla,Business Studies
DHAKA,MUNSHIGANJ,MUNSHIGANJ SADAR,132175,PRESIDENT PROF. DR. IAJUDDIN AHMED RESIDENTIAL MODEL SCHOOL & COLLEGE,Day,Bangla,Business Studies
DHAKA,MUNSHIGANJ,MUNSHIGANJ SADAR,132175,PRESIDENT PROF. DR. IAJUDDIN AHMED RESIDENTIAL MODEL SCHOOL & COLLEGE,Day,Bangla,Science
DHAKA,MUNSHIGANJ,MUNSHIGANJ SADAR,132175,PRESIDENT PROF. DR. IAJUDDIN AHMED RESIDENTIAL MODEL SCHOOL & COLLEGE,Day,Bangla,Humanities
DHAKA,MUNSHIGANJ,MUNSHIGANJ SADAR,137627,MUNSHIGANJ COLLEGE,Day,Bangla,Science
DHAKA,MUNSHIGANJ,MUNSHIGANJ SADAR,137627,MUNSHIGANJ COLLEGE,Day,Bangla,Business Studies
DHAKA,MUNSHIGANJ,MUNSHIGANJ SADAR,137627,MUNSHIGANJ COLLEGE,Day,Bangla,Humanities
DHAKA,MUNSHIGANJ,SIRAJDIKHAN,111164,SYEDPUR ABDUR RAHMAN SCHOOL AND COLLEGE,Day,Bangla,Science
DHAKA,MUNSHIGANJ,SIRAJDIKHAN,111164,SYEDPUR ABDUR RAHMAN SCHOOL AND COLLEGE,Day,Bangla,Business Studies
DHAKA,MUNSHIGANJ,SIRAJDIKHAN,111164,SYEDPUR ABDUR RAHMAN SCHOOL AND COLLEGE,Day,Bangla,Humanities
DHAKA,MUNSHIGANJ,SIRAJDIKHAN,111166,CHITRAKOTE MODEL SCHOOL & COLLEGE,Morning,Bangla,Humanities
DHAKA,MUNSHIGANJ,SIRAJDIKHAN,111166,CHITRAKOTE MODEL SCHOOL & COLLEGE,Morning,Bangla,Science
DHAKA,MUNSHIGANJ,SIRAJDIKHAN,111166,CHITRAKOTE MODEL SCHOOL & COLLEGE,Morning,Bangla,Business Studies
DHAKA,MUNSHIGANJ,SIRAJDIKHAN,111172,RAJDIA AVOY PILOT SCHOOL AND COLLEGE,Day,Bangla,Business Studies
DHAKA,MUNSHIGANJ,SIRAJDIKHAN,111172,RAJDIA AVOY PILOT SCHOOL AND COLLEGE,Day,Bangla,Humanities
DHAKA,MUNSHIGANJ,SIRAJDIKHAN,111175,KHASMOHAL BALUCHAR HIGH SCHOOL AND COLLEGE,Day,Bangla,Humanities
DHAKA,MUNSHIGANJ,SIRAJDIKHAN,111175,KHASMOHAL BALUCHAR HIGH SCHOOL AND COLLEGE,Day,Bangla,Science
DHAKA,MUNSHIGANJ,SIRAJDIKHAN,111175,KHASMOHAL BALUCHAR HIGH SCHOOL AND COLLEGE,Day,Bangla,Business Studies
DHAKA,MUNSHIGANJ,SIRAJDIKHAN,111199,"ALI ASGAR AND ABDULLAH COLLEGE, SIRAJDIKHAN",Day,Bangla,Business Studies
DHAKA,MUNSHIGANJ,SIRAJDIKHAN,111199,"ALI ASGAR AND ABDULLAH COLLEGE, SIRAJDIKHAN",Day,Bangla,Humanities
DHAKA,MUNSHIGANJ,SIRAJDIKHAN,111199,"ALI ASGAR AND ABDULLAH COLLEGE, SIRAJDIKHAN",Day,Bangla,Science
DHAKA,MUNSHIGANJ,SIRAJDIKHAN,111200,BIKRAMPUR KUNJABEHARI GOVERNMENT COLLEGE,Day,Bangla,Humanities
DHAKA,MUNSHIGANJ,SIRAJDIKHAN,111200,BIKRAMPUR KUNJABEHARI GOVERNMENT COLLEGE,Day,Bangla,Science
DHAKA,MUNSHIGANJ,SIRAJDIKHAN,111200,BIKRAMPUR KUNJABEHARI GOVERNMENT COLLEGE,Day,Bangla,Business Studies
DHAKA,MUNSHIGANJ,SIRAJDIKHAN,111201,"BIKRAMPUR ADARSHA COLLEGE, KUCHIAMORA",Day,Bangla,Business Studies
DHAKA,MUNSHIGANJ,SIRAJDIKHAN,111201,"BIKRAMPUR ADARSHA COLLEGE, KUCHIAMORA",Day,Bangla,Humanities
DHAKA,MUNSHIGANJ,SIRAJDIKHAN,111201,"BIKRAMPUR ADARSHA COLLEGE, KUCHIAMORA",Day,Bangla,Science
DHAKA,MUNSHIGANJ,SIRAJDIKHAN,134590,MALKHANAGAR COLLEGE,Day,Bangla,Humanities
DHAKA,MUNSHIGANJ,SIRAJDIKHAN,134590,MALKHANAGAR COLLEGE,Day,Bangla,Business Studies
DHAKA,MUNSHIGANJ,SIRAJDIKHAN,134590,MALKHANAGAR COLLEGE,Day,Bangla,Science
DHAKA,MUNSHIGANJ,SREENAGAR,111208,BARAIGAON ISLAMIA SCHOOL & COLLEGE,Morning,Bangla,Business Studies
DHAKA,MUNSHIGANJ,SREENAGAR,111208,BARAIGAON ISLAMIA SCHOOL & COLLEGE,Morning,Bangla,Humanities
DHAKA,MUNSHIGANJ,SREENAGAR,111211,SREENAGAR PILOT SCHOOL & COLLEGE,Morning,Bangla,Business Studies
DHAKA,MUNSHIGANJ,SREENAGAR,111211,SREENAGAR PILOT SCHOOL & COLLEGE,Morning,Bangla,Humanities
DHAKA,MUNSHIGANJ,SREENAGAR,111214,HASARA KALI KISHORE SCHOOL AND COLLEGE,Day,Bangla,Business Studies
DHAKA,MUNSHIGANJ,SREENAGAR,111214,HASARA KALI KISHORE SCHOOL AND COLLEGE,Day,Bangla,Humanities
DHAKA,MUNSHIGANJ,SREENAGAR,111215,BHAGYAKUL HARENDRA LAL SCHOOL AND COLLEGE,Day,Bangla,Business Studies
DHAKA,MUNSHIGANJ,SREENAGAR,111215,BHAGYAKUL HARENDRA LAL SCHOOL AND COLLEGE,Day,Bangla,Humanities
DHAKA,MUNSHIGANJ,SREENAGAR,111230,"ADARSHA COLLEGE, CHURAIN",Day,Bangla,Business Studies
DHAKA,MUNSHIGANJ,SREENAGAR,111230,"ADARSHA COLLEGE, CHURAIN",Day,Bangla,Humanities
DHAKA,MUNSHIGANJ,SREENAGAR,111230,"ADARSHA COLLEGE, CHURAIN",Day,Bangla,Science
DHAKA,MUNSHIGANJ,SREENAGAR,111231,SREENAGAR GOVT. COLLEGE,Day,Bangla,Humanities
DHAKA,MUNSHIGANJ,SREENAGAR,111231,SREENAGAR GOVT. COLLEGE,Day,Bangla,Business Studies
DHAKA,MUNSHIGANJ,SREENAGAR,111231,SREENAGAR GOVT. COLLEGE,Day,Bangla,Science
DHAKA,MUNSHIGANJ,SREENAGAR,111232,SIR JAGADISHCHANDRA BOSE INSTITUTION AND COLLEGE,Day,Bangla,Science
DHAKA,MUNSHIGANJ,SREENAGAR,111232,SIR JAGADISHCHANDRA BOSE INSTITUTION AND COLLEGE,Day,Bangla,Humanities
DHAKA,MUNSHIGANJ,SREENAGAR,111232,SIR JAGADISHCHANDRA BOSE INSTITUTION AND COLLEGE,Day,Bangla,Business Studies
DHAKA,MUNSHIGANJ,TONGIBARI,111254,BALIGAON AMZAD ALI COLLEGE,Day,Bangla,Business Studies
DHAKA,MUNSHIGANJ,TONGIBARI,111254,BALIGAON AMZAD ALI COLLEGE,Day,Bangla,Humanities
DHAKA,MUNSHIGANJ,TONGIBARI,111254,BALIGAON AMZAD ALI COLLEGE,Day,Bangla,Science
DHAKA,MUNSHIGANJ,TONGIBARI,111255,BIKRAMPUR TONGIBARI COLLEGE,Day,Bangla,Science
DHAKA,MUNSHIGANJ,TONGIBARI,111255,BIKRAMPUR TONGIBARI COLLEGE,Day,Bangla,Humanities
DHAKA,MUNSHIGANJ,TONGIBARI,111255,BIKRAMPUR TONGIBARI COLLEGE,Day,Bangla,Business Studies
DHAKA,MUNSHIGANJ,TONGIBARI,131938,SERAJABAD RANA SHAFIULLAH COLLEGE,Day,Bangla,Humanities
DHAKA,MUNSHIGANJ,TONGIBARI,131938,SERAJABAD RANA SHAFIULLAH COLLEGE,Day,Bangla,Business Studies
DHAKA,MUNSHIGANJ,TONGIBARI,131938,SERAJABAD RANA SHAFIULLAH COLLEGE,Day,Bangla,Science
DHAKA,MANIKGANJ,DAULATPUR,110905,MOTILAL COLLEGE,Day,Bangla,Business Studies
DHAKA,MANIKGANJ,DAULATPUR,110905,MOTILAL COLLEGE,Day,Bangla,Humanities
DHAKA,MANIKGANJ,DAULATPUR,110905,MOTILAL COLLEGE,Day,Bangla,Science
DHAKA,MANIKGANJ,DAULATPUR,110906,BACHAMARA BAGHUTIA CHARKATARI COLLEGE,Day,Bangla,Science
DHAKA,MANIKGANJ,DAULATPUR,110906,BACHAMARA BAGHUTIA CHARKATARI COLLEGE,Day,Bangla,Business Studies
DHAKA,MANIKGANJ,DAULATPUR,110906,BACHAMARA BAGHUTIA CHARKATARI COLLEGE,Day,Bangla,Humanities
DHAKA,MANIKGANJ,DAULATPUR,110907,TALUKNAGAR COLLEGE,Day,Bangla,Business Studies
DHAKA,MANIKGANJ,DAULATPUR,110907,TALUKNAGAR COLLEGE,Day,Bangla,Science
DHAKA,MANIKGANJ,DAULATPUR,110907,TALUKNAGAR COLLEGE,Day,Bangla,Humanities
DHAKA,MANIKGANJ,DAULATPUR,138274,JIYANPUR BELAYET HOSSAIN COLLEGE,Day,Bangla,Humanities
DHAKA,MANIKGANJ,DAULATPUR,138274,JIYANPUR BELAYET HOSSAIN COLLEGE,Day,Bangla,Science
DHAKA,MANIKGANJ,DAULATPUR,138274,JIYANPUR BELAYET HOSSAIN COLLEGE,Day,Bangla,Business Studies
DHAKA,MANIKGANJ,GHIOR,110911,BANIAJURI UNION GOVT. SCHOOL & COLLEGE,Day,Bangla,Humanities
DHAKA,MANIKGANJ,GHIOR,110911,BANIAJURI UNION GOVT. SCHOOL & COLLEGE,Day,Bangla,Business Studies
DHAKA,MANIKGANJ,GHIOR,110929,TEROSREE COLLEGE,Day,Bangla,Business Studies
DHAKA,MANIKGANJ,GHIOR,110929,TEROSREE COLLEGE,Day,Bangla,Science
DHAKA,MANIKGANJ,GHIOR,110929,TEROSREE COLLEGE,Day,Bangla,Humanities
DHAKA,MANIKGANJ,GHIOR,110930,GOVT. GHIOR COLLEGE,Day,Bangla,Business Studies
DHAKA,MANIKGANJ,GHIOR,110930,GOVT. GHIOR COLLEGE,Day,Bangla,Science
DHAKA,MANIKGANJ,GHIOR,110930,GOVT. GHIOR COLLEGE,Day,Bangla,Humanities
DHAKA,MANIKGANJ,GHIOR,110931,DR. ABDUR RAHIM KHAN MAHILA COLLEGE,Day,Bangla,Business Studies
DHAKA,MANIKGANJ,GHIOR,110931,DR. ABDUR RAHIM KHAN MAHILA COLLEGE,Day,Bangla,Humanities
DHAKA,MANIKGANJ,HARIRAMPUR,110947,JHITKA KHAWJA RAHMAT ALI COLLEGE,Day,Bangla,Business Studies
DHAKA,MANIKGANJ,HARIRAMPUR,110947,JHITKA KHAWJA RAHMAT ALI COLLEGE,Day,Bangla,Humanities
DHAKA,MANIKGANJ,HARIRAMPUR,110947,JHITKA KHAWJA RAHMAT ALI COLLEGE,Day,Bangla,Science
DHAKA,MANIKGANJ,HARIRAMPUR,110948,GOVT. BICHARPATI NURUL ISLAM COLLEGE,Day,Bangla,Business Studies
DHAKA,MANIKGANJ,HARIRAMPUR,110948,GOVT. BICHARPATI NURUL ISLAM COLLEGE,Day,Bangla,Science
DHAKA,MANIKGANJ,HARIRAMPUR,110948,GOVT. BICHARPATI NURUL ISLAM COLLEGE,Day,Bangla,Humanities
DHAKA,MANIKGANJ,HARIRAMPUR,110949,"M. A. ROUF COLLEGE, KOURI",Day,Bangla,Humanities
DHAKA,MANIKGANJ,HARIRAMPUR,110949,"M. A. ROUF COLLEGE, KOURI",Day,Bangla,Business Studies
DHAKA,MANIKGANJ,HARIRAMPUR,110949,"M. A. ROUF COLLEGE, KOURI",Day,Bangla,Science
DHAKA,MANIKGANJ,MANIKGANJ SADAR,110963,BETILA HIGH SCHOOL & COLLEGE,Day,Bangla,Humanities
DHAKA,MANIKGANJ,MANIKGANJ SADAR,110963,BETILA HIGH SCHOOL & COLLEGE,Day,Bangla,Science
DHAKA,MANIKGANJ,MANIKGANJ SADAR,110963,BETILA HIGH SCHOOL & COLLEGE,Day,Bangla,Business Studies
DHAKA,MANIKGANJ,MANIKGANJ SADAR,110976,AFROZA RAMZAN GIRLS HIGH SCHOOL & COLLEGE,Day,Bangla,Science
DHAKA,MANIKGANJ,MANIKGANJ SADAR,110976,AFROZA RAMZAN GIRLS HIGH SCHOOL & COLLEGE,Day,Bangla,Humanities
DHAKA,MANIKGANJ,MANIKGANJ SADAR,110976,AFROZA RAMZAN GIRLS HIGH SCHOOL & COLLEGE,Day,Bangla,Business Studies
DHAKA,MANIKGANJ,MANIKGANJ SADAR,110994,GARPARA HAFIZUDDIN COLLEGE,Day,Bangla,Business Studies
DHAKA,MANIKGANJ,MANIKGANJ SADAR,110994,GARPARA HAFIZUDDIN COLLEGE,Day,Bangla,Science
DHAKA,MANIKGANJ,MANIKGANJ SADAR,110994,GARPARA HAFIZUDDIN COLLEGE,Day,Bangla,Humanities
DHAKA,MANIKGANJ,MANIKGANJ SADAR,110995,"RAMJAN ALI COLLEGE, JOYRA",Day,Bangla,Business Studies
DHAKA,MANIKGANJ,MANIKGANJ SADAR,110995,"RAMJAN ALI COLLEGE, JOYRA",Day,Bangla,Humanities
DHAKA,MANIKGANJ,MANIKGANJ SADAR,110996,MANIKGANJ GOVT. MOHILA COLLEGE,Day,Bangla,Business Studies
DHAKA,MANIKGANJ,MANIKGANJ SADAR,110996,MANIKGANJ GOVT. MOHILA COLLEGE,Day,Bangla,Humanities
DHAKA,MANIKGANJ,MANIKGANJ SADAR,110996,MANIKGANJ GOVT. MOHILA COLLEGE,Day,Bangla,Science
DHAKA,MANIKGANJ,MANIKGANJ SADAR,110997,KHONDAKAR DELWAR HOSSAIN COLLEGE,Day,Bangla,Science
DHAKA,MANIKGANJ,MANIKGANJ SADAR,110997,KHONDAKAR DELWAR HOSSAIN COLLEGE,Day,Bangla,Humanities
DHAKA,MANIKGANJ,MANIKGANJ SADAR,110997,KHONDAKAR DELWAR HOSSAIN COLLEGE,Day,Bangla,Business Studies
DHAKA,MANIKGANJ,MANIKGANJ SADAR,110998,KHAN BAHADUR AWLAD HOSSAIN COLLEGE,Day,Bangla,Science
DHAKA,MANIKGANJ,MANIKGANJ SADAR,110998,KHAN BAHADUR AWLAD HOSSAIN COLLEGE,Day,Bangla,Business Studies
DHAKA,MANIKGANJ,MANIKGANJ SADAR,110998,KHAN BAHADUR AWLAD HOSSAIN COLLEGE,Day,Bangla,Humanities
DHAKA,MANIKGANJ,MANIKGANJ SADAR,110999,"BEGUM JARINA COLLEGE, MANIKGANG",Day,Bangla,Humanities
DHAKA,MANIKGANJ,MANIKGANJ SADAR,110999,"BEGUM JARINA COLLEGE, MANIKGANG",Day,Bangla,Science
DHAKA,MANIKGANJ,MANIKGANJ SADAR,110999,"BEGUM JARINA COLLEGE, MANIKGANG",Day,Bangla,Business Studies
DHAKA,MANIKGANJ,MANIKGANJ SADAR,111000,GOVT. DEBENDRA COLLEGE,Day,Bangla,Science
DHAKA,MANIKGANJ,MANIKGANJ SADAR,111000,GOVT. DEBENDRA COLLEGE,Day,Bangla,Business Studies
DHAKA,MANIKGANJ,MANIKGANJ SADAR,111000,GOVT. DEBENDRA COLLEGE,Day,Bangla,Humanities
DHAKA,MANIKGANJ,MANIKGANJ SADAR,111002,"ADARSHA COLLEGE, KHABASHPUR",Day,Bangla,Science
DHAKA,MANIKGANJ,MANIKGANJ SADAR,111002,"ADARSHA COLLEGE, KHABASHPUR",Day,Bangla,Humanities
DHAKA,MANIKGANJ,MANIKGANJ SADAR,111002,"ADARSHA COLLEGE, KHABASHPUR",Day,Bangla,Business Studies
DHAKA,MANIKGANJ,MANIKGANJ SADAR,111003,RAJIBPUR ADARSHA COLLEGE,Day,Bangla,Humanities
DHAKA,MANIKGANJ,MANIKGANJ SADAR,111003,RAJIBPUR ADARSHA COLLEGE,Day,Bangla,Business Studies
DHAKA,MANIKGANJ,MANIKGANJ SADAR,111003,RAJIBPUR ADARSHA COLLEGE,Day,Bangla,Science
DHAKA,MANIKGANJ,MANIKGANJ SADAR,130749,KANIZ FATEMA GIRLS' SCHOOL & COLLEGE,Day,Bangla,Business Studies
DHAKA,MANIKGANJ,MANIKGANJ SADAR,130749,KANIZ FATEMA GIRLS' SCHOOL & COLLEGE,Day,Bangla,Science
DHAKA,MANIKGANJ,MANIKGANJ SADAR,130749,KANIZ FATEMA GIRLS' SCHOOL & COLLEGE,Day,Bangla,Humanities
DHAKA,MANIKGANJ,MANIKGANJ SADAR,137068,MONNO INTERNATIONAL SCHOOL & COLLEGE,Morning,English,Science
DHAKA,MANIKGANJ,MANIKGANJ SADAR,137068,MONNO INTERNATIONAL SCHOOL & COLLEGE,Morning,Bangla,Business Studies
DHAKA,MANIKGANJ,MANIKGANJ SADAR,137068,MONNO INTERNATIONAL SCHOOL & COLLEGE,Morning,Bangla,Science
DHAKA,MANIKGANJ,MANIKGANJ SADAR,137068,MONNO INTERNATIONAL SCHOOL & COLLEGE,Morning,English,Business Studies
DHAKA,MANIKGANJ,MANIKGANJ SADAR,137068,MONNO INTERNATIONAL SCHOOL & COLLEGE,Morning,Bangla,Humanities
DHAKA,MANIKGANJ,MANIKGANJ SADAR,137068,MONNO INTERNATIONAL SCHOOL & COLLEGE,Morning,English,Humanities
DHAKA,MANIKGANJ,MANIKGANJ SADAR,138780,GOLAM MONIR HOSSAIN MOHILA COLLEGE,Day,Bangla,Humanities
DHAKA,MANIKGANJ,MANIKGANJ SADAR,138780,GOLAM MONIR HOSSAIN MOHILA COLLEGE,Day,Bangla,Business Studies
DHAKA,MANIKGANJ,MANIKGANJ SADAR,138818,NATIONAL RESIDENTIAL COLLEGE,Day,Bangla,Business Studies
DHAKA,MANIKGANJ,MANIKGANJ SADAR,138818,NATIONAL RESIDENTIAL COLLEGE,Day,Bangla,Humanities
DHAKA,MANIKGANJ,MANIKGANJ SADAR,138818,NATIONAL RESIDENTIAL COLLEGE,Day,Bangla,Science
DHAKA,MANIKGANJ,SATURIA,111025,GOVT. BHIKU MEMORIAL COLLEGE,Day,Bangla,Science
DHAKA,MANIKGANJ,SATURIA,111025,GOVT. BHIKU MEMORIAL COLLEGE,Day,Bangla,Humanities
DHAKA,MANIKGANJ,SATURIA,111025,GOVT. BHIKU MEMORIAL COLLEGE,Day,Bangla,Business Studies
DHAKA,MANIKGANJ,SATURIA,111027,SATURIA SYED KALUSHAH COLLEGE,Day,Bangla,Science
DHAKA,MANIKGANJ,SATURIA,111027,SATURIA SYED KALUSHAH COLLEGE,Day,Bangla,Business Studies
DHAKA,MANIKGANJ,SATURIA,111027,SATURIA SYED KALUSHAH COLLEGE,Day,Bangla,Humanities
DHAKA,MANIKGANJ,SHIBALOY,111029,OXFORD ACADEMY,Day,Bangla,Business Studies
DHAKA,MANIKGANJ,SHIBALOY,111029,OXFORD ACADEMY,Day,Bangla,Science
DHAKA,MANIKGANJ,SHIBALOY,111029,OXFORD ACADEMY,Day,Bangla,Humanities
DHAKA,MANIKGANJ,SHIBALOY,111030,RAWAN IBNE RAMZAN SCHOOL AND COLLEGE,Day,Bangla,Humanities
DHAKA,MANIKGANJ,SHIBALOY,111030,RAWAN IBNE RAMZAN SCHOOL AND COLLEGE,Day,Bangla,Science
DHAKA,MANIKGANJ,SHIBALOY,111030,RAWAN IBNE RAMZAN SCHOOL AND COLLEGE,Day,Bangla,Business Studies
DHAKA,MANIKGANJ,SHIBALOY,111045,SHAITGHAR TEOTA HIGH SCHOOL AND COLLEGE,Day,Bangla,Science
DHAKA,MANIKGANJ,SHIBALOY,111045,SHAITGHAR TEOTA HIGH SCHOOL AND COLLEGE,Day,Bangla,Humanities
DHAKA,MANIKGANJ,SHIBALOY,111045,SHAITGHAR TEOTA HIGH SCHOOL AND COLLEGE,Day,Bangla,Business Studies
DHAKA,MANIKGANJ,SHIBALOY,111053,MAHADEBPUR UNION GOVT. COLLEGE,Day,Bangla,Business Studies
DHAKA,MANIKGANJ,SHIBALOY,111053,MAHADEBPUR UNION GOVT. COLLEGE,Day,Bangla,Science
DHAKA,MANIKGANJ,SHIBALOY,111053,MAHADEBPUR UNION GOVT. COLLEGE,Day,Bangla,Humanities
DHAKA,MANIKGANJ,SHIBALOY,111054,SHIBALAYA SADARUDDIN COLLEGE,Day,Bangla,Science
DHAKA,MANIKGANJ,SHIBALOY,111054,SHIBALAYA SADARUDDIN COLLEGE,Day,Bangla,Humanities
DHAKA,MANIKGANJ,SHIBALOY,111054,SHIBALAYA SADARUDDIN COLLEGE,Day,Bangla,Business Studies
DHAKA,MANIKGANJ,SINGAIR,111084,SINGAIR COLLEGE,Day,Bangla,Science
DHAKA,MANIKGANJ,SINGAIR,111084,SINGAIR COLLEGE,Day,Bangla,Humanities
DHAKA,MANIKGANJ,SINGAIR,111084,SINGAIR COLLEGE,Day,Bangla,Business Studies
DHAKA,MANIKGANJ,SINGAIR,111085,BAIRA COLLEGE,Day,Bangla,Humanities
DHAKA,MANIKGANJ,SINGAIR,111085,BAIRA COLLEGE,Day,Bangla,Science
DHAKA,MANIKGANJ,SINGAIR,111085,BAIRA COLLEGE,Day,Bangla,Business Studies
DHAKA,MANIKGANJ,SINGAIR,136915,GOLAIDANGA MUKTIJUDDAH SMRITY COLLEGE,Day,Bangla,Science
DHAKA,MANIKGANJ,SINGAIR,136915,GOLAIDANGA MUKTIJUDDAH SMRITY COLLEGE,Day,Bangla,Humanities
DHAKA,MANIKGANJ,SINGAIR,136915,GOLAIDANGA MUKTIJUDDAH SMRITY COLLEGE,Day,Bangla,Business Studies
DHAKA,TANGAIL,BASHAIL,114012,BASHAIL DEGREE COLLEGE,Day,Bangla,Humanities
DHAKA,TANGAIL,BASHAIL,114012,BASHAIL DEGREE COLLEGE,Day,Bangla,Business Studies
DHAKA,TANGAIL,BASHAIL,114012,BASHAIL DEGREE COLLEGE,Day,Bangla,Science
DHAKA,TANGAIL,BASHAIL,114014,SHAHID RAUSHAN ALI KHAN MOHABIDYALOYA,Day,Bangla,Humanities
DHAKA,TANGAIL,BASHAIL,114014,SHAHID RAUSHAN ALI KHAN MOHABIDYALOYA,Day,Bangla,Business Studies
DHAKA,TANGAIL,BASHAIL,114014,SHAHID RAUSHAN ALI KHAN MOHABIDYALOYA,Day,Bangla,Science
DHAKA,TANGAIL,BASHAIL,134347,GOVT. JOBEDA-RUBEYA MOHILA COLLEGE,Day,Bangla,Business Studies
DHAKA,TANGAIL,BASHAIL,134347,GOVT. JOBEDA-RUBEYA MOHILA COLLEGE,Day,Bangla,Science
DHAKA,TANGAIL,BASHAIL,134347,GOVT. JOBEDA-RUBEYA MOHILA COLLEGE,Day,Bangla,Humanities
DHAKA,TANGAIL,BHUAPUR,114041,ALOWA HIGH SCHOOL AND COLLEGE,Day,Bangla,Humanities
DHAKA,TANGAIL,BHUAPUR,114041,ALOWA HIGH SCHOOL AND COLLEGE,Day,Bangla,Business Studies
DHAKA,TANGAIL,BHUAPUR,114063,"SHAMSER FAKIR COLLEGE, NIKRAIL",Day,Bangla,Humanities
DHAKA,TANGAIL,BHUAPUR,114063,"SHAMSER FAKIR COLLEGE, NIKRAIL",Day,Bangla,Business Studies
DHAKA,TANGAIL,BHUAPUR,114063,"SHAMSER FAKIR COLLEGE, NIKRAIL",Day,Bangla,Science
DHAKA,TANGAIL,BHUAPUR,114064,IBRAHIM KHAN GOVERNMENT COLLEGE,Day,Bangla,Humanities
DHAKA,TANGAIL,BHUAPUR,114064,IBRAHIM KHAN GOVERNMENT COLLEGE,Day,Bangla,Business Studies
DHAKA,TANGAIL,BHUAPUR,114064,IBRAHIM KHAN GOVERNMENT COLLEGE,Day,Bangla,Science
DHAKA,TANGAIL,BHUAPUR,114065,"LOKMAN FAKIR MAHILA COLLEGE, BHUAPUR",Day,Bangla,Humanities
DHAKA,TANGAIL,BHUAPUR,114065,"LOKMAN FAKIR MAHILA COLLEGE, BHUAPUR",Day,Bangla,Business Studies
DHAKA,TANGAIL,BHUAPUR,114065,"LOKMAN FAKIR MAHILA COLLEGE, BHUAPUR",Day,Bangla,Science
DHAKA,TANGAIL,BHUAPUR,114066,"SHIHAB UDDIN COLLEGE, TANGAIL",Day,Bangla,Business Studies
DHAKA,TANGAIL,BHUAPUR,114066,"SHIHAB UDDIN COLLEGE, TANGAIL",Day,Bangla,Science
DHAKA,TANGAIL,BHUAPUR,114066,"SHIHAB UDDIN COLLEGE, TANGAIL",Day,Bangla,Humanities
DHAKA,TANGAIL,BHUAPUR,114067,SHAHID ZIA MOHILA COLLEGE,Day,Bangla,Business Studies
DHAKA,TANGAIL,BHUAPUR,114067,SHAHID ZIA MOHILA COLLEGE,Day,Bangla,Humanities
DHAKA,TANGAIL,BHUAPUR,114067,SHAHID ZIA MOHILA COLLEGE,Day,Bangla,Science
DHAKA,TANGAIL,BHUAPUR,138464,BANGABANDHU CANTONMENT PUBLIC SCHOOL AND COLLEGE,Day,Bangla,Business Studies
DHAKA,TANGAIL,BHUAPUR,138464,BANGABANDHU CANTONMENT PUBLIC SCHOOL AND COLLEGE,Day,Bangla,Science
DHAKA,TANGAIL,BHUAPUR,138464,BANGABANDHU CANTONMENT PUBLIC SCHOOL AND COLLEGE,Day,Bangla,Humanities
DHAKA,TANGAIL,DELDUAR,114104,"ARFAN COLLEGE, LOWHATI",Day,Bangla,Humanities
DHAKA,TANGAIL,DELDUAR,114104,"ARFAN COLLEGE, LOWHATI",Day,Bangla,Science
DHAKA,TANGAIL,DELDUAR,114104,"ARFAN COLLEGE, LOWHATI",Day,Bangla,Business Studies
DHAKA,TANGAIL,DELDUAR,114105,GOVT. SYED MOHABBAT ALI COLLEGE,Day,Bangla,Science
DHAKA,TANGAIL,DELDUAR,114105,GOVT. SYED MOHABBAT ALI COLLEGE,Day,Bangla,Business Studies
DHAKA,TANGAIL,DELDUAR,114105,GOVT. SYED MOHABBAT ALI COLLEGE,Day,Bangla,Humanities
DHAKA,TANGAIL,DELDUAR,114106,MAWLANA ABDUL HAMID KHAN BHASHANI COLLEGE,Day,Bangla,Science
DHAKA,TANGAIL,DELDUAR,114106,MAWLANA ABDUL HAMID KHAN BHASHANI COLLEGE,Day,Bangla,Humanities
DHAKA,TANGAIL,DELDUAR,114106,MAWLANA ABDUL HAMID KHAN BHASHANI COLLEGE,Day,Bangla,Business Studies
DHAKA,TANGAIL,DELDUAR,114108,"ATIA MAHILA COLLEGE, DELDUAR",Day,Bangla,Science
DHAKA,TANGAIL,DELDUAR,114108,"ATIA MAHILA COLLEGE, DELDUAR",Day,Bangla,Humanities
DHAKA,TANGAIL,DELDUAR,114108,"ATIA MAHILA COLLEGE, DELDUAR",Day,Bangla,Business Studies
DHAKA,TANGAIL,DELDUAR,136331,ABUL HOSSAIN COLLEGE,Day,Bangla,Science
DHAKA,TANGAIL,DELDUAR,136331,ABUL HOSSAIN COLLEGE,Day,Bangla,Humanities
DHAKA,TANGAIL,DELDUAR,136331,ABUL HOSSAIN COLLEGE,Day,Bangla,Business Studies
DHAKA,TANGAIL,DHANBARI,114370,KADAMTALI BAHUMUKHI HIGH SCHOOL AND COLLEGE,Day,Bangla,Science
DHAKA,TANGAIL,DHANBARI,114370,KADAMTALI BAHUMUKHI HIGH SCHOOL AND COLLEGE,Day,Bangla,Humanities
DHAKA,TANGAIL,DHANBARI,114370,KADAMTALI BAHUMUKHI HIGH SCHOOL AND COLLEGE,Day,Bangla,Business Studies
DHAKA,TANGAIL,DHANBARI,114453,"UKHARIABARI COLLEGE, DHANBARI",Day,Bangla,Business Studies
DHAKA,TANGAIL,DHANBARI,114453,"UKHARIABARI COLLEGE, DHANBARI",Day,Bangla,Humanities
DHAKA,TANGAIL,DHANBARI,114453,"UKHARIABARI COLLEGE, DHANBARI",Day,Bangla,Science
DHAKA,TANGAIL,DHANBARI,114454,ASIA HASAN ALI MOHILA COLLEGE,Day,Bangla,Science
DHAKA,TANGAIL,DHANBARI,114454,ASIA HASAN ALI MOHILA COLLEGE,Day,Bangla,Humanities
DHAKA,TANGAIL,DHANBARI,114454,ASIA HASAN ALI MOHILA COLLEGE,Day,Bangla,Business Studies
DHAKA,TANGAIL,DHANBARI,114456,DHANBARI GOVT. COLLEGE,Day,Bangla,Science
DHAKA,TANGAIL,DHANBARI,114456,DHANBARI GOVT. COLLEGE,Day,Bangla,Humanities
DHAKA,TANGAIL,DHANBARI,114456,DHANBARI GOVT. COLLEGE,Day,Bangla,Business Studies
DHAKA,TANGAIL,DHANBARI,114457,"PANCHPOTOL COLLEGE, BAGUA, MODHUPUR",Day,Bangla,Business Studies
DHAKA,TANGAIL,DHANBARI,114457,"PANCHPOTOL COLLEGE, BAGUA, MODHUPUR",Day,Bangla,Science
DHAKA,TANGAIL,DHANBARI,114457,"PANCHPOTOL COLLEGE, BAGUA, MODHUPUR",Day,Bangla,Humanities
DHAKA,TANGAIL,DHANBARI,114458,"BHIEGHAT IDEAL COLLEGE, MADHUPUR",Day,Bangla,Business Studies
DHAKA,TANGAIL,DHANBARI,114458,"BHIEGHAT IDEAL COLLEGE, MADHUPUR",Day,Bangla,Science
DHAKA,TANGAIL,DHANBARI,114458,"BHIEGHAT IDEAL COLLEGE, MADHUPUR",Day,Bangla,Humanities
DHAKA,TANGAIL,DHANBARI,114459,"NORILLA COLLEGE, DHANBARI",Day,Bangla,Humanities
DHAKA,TANGAIL,DHANBARI,114459,"NORILLA COLLEGE, DHANBARI",Day,Bangla,Business Studies
DHAKA,TANGAIL,DHANBARI,114459,"NORILLA COLLEGE, DHANBARI",Day,Bangla,Science
DHAKA,TANGAIL,DHANBARI,138014,MUSHUDDI RAZIA COLLEGE,Day,Bangla,Business Studies
DHAKA,TANGAIL,DHANBARI,138014,MUSHUDDI RAZIA COLLEGE,Day,Bangla,Humanities
DHAKA,TANGAIL,DHANBARI,138014,MUSHUDDI RAZIA COLLEGE,Day,Bangla,Science
DHAKA,TANGAIL,DHANBARI,138720,SULTAN PROFESSOR MODEL COLLEGE,Day,Bangla,Business Studies
DHAKA,TANGAIL,DHANBARI,138720,SULTAN PROFESSOR MODEL COLLEGE,Day,Bangla,Science
DHAKA,TANGAIL,DHANBARI,138720,SULTAN PROFESSOR MODEL COLLEGE,Day,Bangla,Humanities
DHAKA,TANGAIL,GHATAIL,114132,SANDHANPUR GANO HIGH SCHOOL & COLLEGE,Day,Bangla,Business Studies
DHAKA,TANGAIL,GHATAIL,114132,SANDHANPUR GANO HIGH SCHOOL & COLLEGE,Day,Bangla,Humanities
DHAKA,TANGAIL,GHATAIL,114195,DHOLAPARA COLLEGE,Day,Bangla,Science
DHAKA,TANGAIL,GHATAIL,114195,DHOLAPARA COLLEGE,Day,Bangla,Humanities
DHAKA,TANGAIL,GHATAIL,114195,DHOLAPARA COLLEGE,Day,Bangla,Business Studies
DHAKA,TANGAIL,GHATAIL,114196,SHAGAR DIGHI COLLEGE,Day,Bangla,Science
DHAKA,TANGAIL,GHATAIL,114196,SHAGAR DIGHI COLLEGE,Day,Bangla,Business Studies
DHAKA,TANGAIL,GHATAIL,114196,SHAGAR DIGHI COLLEGE,Day,Bangla,Humanities
DHAKA,TANGAIL,GHATAIL,114197,GHATAIL BRAHMANSHASON GOVERNMENT COLLEGE,Day,Bangla,Science
DHAKA,TANGAIL,GHATAIL,114197,GHATAIL BRAHMANSHASON GOVERNMENT COLLEGE,Day,Bangla,Humanities
DHAKA,TANGAIL,GHATAIL,114197,GHATAIL BRAHMANSHASON GOVERNMENT COLLEGE,Day,Bangla,Business Studies
DHAKA,TANGAIL,GHATAIL,114198,BRAHMAN SHASHON MOHILA COLLEGE,Day,Bangla,Humanities
DHAKA,TANGAIL,GHATAIL,114198,BRAHMAN SHASHON MOHILA COLLEGE,Day,Bangla,Business Studies
DHAKA,TANGAIL,GHATAIL,114198,BRAHMAN SHASHON MOHILA COLLEGE,Day,Bangla,Science
DHAKA,TANGAIL,GHATAIL,114199,GHATAIL CANTONMENT COLLEGE,Day,Bangla,Humanities
DHAKA,TANGAIL,GHATAIL,114199,GHATAIL CANTONMENT COLLEGE,Day,Bangla,Business Studies
DHAKA,TANGAIL,GHATAIL,114199,GHATAIL CANTONMENT COLLEGE,Day,Bangla,Science
DHAKA,TANGAIL,GHATAIL,114200,"PAKUTIA PUBLIC UCHCHA MADHYAMIK BIDYALAYA, GHATAIL",Day,Bangla,Humanities
DHAKA,TANGAIL,GHATAIL,114200,"PAKUTIA PUBLIC UCHCHA MADHYAMIK BIDYALAYA, GHATAIL",Day,Bangla,Business Studies
DHAKA,TANGAIL,GHATAIL,114200,"PAKUTIA PUBLIC UCHCHA MADHYAMIK BIDYALAYA, GHATAIL",Day,Bangla,Science
DHAKA,TANGAIL,GHATAIL,137643,GHATAIL CANTONMENT ENGLISH SCHOOL AND COLLEGE,Day,English,Science
DHAKA,TANGAIL,GOPALPUR,114242,KHANDAKAR ASSADUZZAMAN ACADEMY,Day,Bangla,Science
DHAKA,TANGAIL,GOPALPUR,114242,KHANDAKAR ASSADUZZAMAN ACADEMY,Day,Bangla,Humanities
DHAKA,TANGAIL,GOPALPUR,114242,KHANDAKAR ASSADUZZAMAN ACADEMY,Day,Bangla,Business Studies
DHAKA,TANGAIL,GOPALPUR,114269,KHANDAKER FAZLUL HAQUE COLLEGE,Day,Bangla,Humanities
DHAKA,TANGAIL,GOPALPUR,114269,KHANDAKER FAZLUL HAQUE COLLEGE,Day,Bangla,Science
DHAKA,TANGAIL,GOPALPUR,114269,KHANDAKER FAZLUL HAQUE COLLEGE,Day,Bangla,Business Studies
DHAKA,TANGAIL,GOPALPUR,114270,HEMNAGAR COLLEGE,Day,Bangla,Humanities
DHAKA,TANGAIL,GOPALPUR,114270,HEMNAGAR COLLEGE,Day,Bangla,Business Studies
DHAKA,TANGAIL,GOPALPUR,114270,HEMNAGAR COLLEGE,Day,Bangla,Science
DHAKA,TANGAIL,GOPALPUR,114271,MEHERUNNESA MOHILA COLLEGE,Day,Bangla,Business Studies
DHAKA,TANGAIL,GOPALPUR,114271,MEHERUNNESA MOHILA COLLEGE,Day,Bangla,Science
DHAKA,TANGAIL,GOPALPUR,114271,MEHERUNNESA MOHILA COLLEGE,Day,Bangla,Humanities
DHAKA,TANGAIL,GOPALPUR,114272,HADIRA BHADURIRCHAR COLLEGE,Day,Bangla,Science
DHAKA,TANGAIL,GOPALPUR,114272,HADIRA BHADURIRCHAR COLLEGE,Day,Bangla,Business Studies
DHAKA,TANGAIL,GOPALPUR,114272,HADIRA BHADURIRCHAR COLLEGE,Day,Bangla,Humanities
DHAKA,TANGAIL,GOPALPUR,114273,GOPALPUR GOVT. COLLEGE,Day,Bangla,Science
DHAKA,TANGAIL,GOPALPUR,114273,GOPALPUR GOVT. COLLEGE,Day,Bangla,Humanities
DHAKA,TANGAIL,GOPALPUR,114273,GOPALPUR GOVT. COLLEGE,Day,Bangla,Business Studies
DHAKA,TANGAIL,GOPALPUR,114274,SHIMLA PUBLIC UCHCHA MADHYAMIC BIDYALAYA,Day,Bangla,Science
DHAKA,TANGAIL,GOPALPUR,114274,SHIMLA PUBLIC UCHCHA MADHYAMIC BIDYALAYA,Day,Bangla,Humanities
DHAKA,TANGAIL,GOPALPUR,114274,SHIMLA PUBLIC UCHCHA MADHYAMIC BIDYALAYA,Day,Bangla,Business Studies
DHAKA,TANGAIL,GOPALPUR,114275,"NARUCHI UCHCHA MADHYAMIK BIDYALAYA, GOPALPUR",Day,Bangla,Science
DHAKA,TANGAIL,GOPALPUR,114275,"NARUCHI UCHCHA MADHYAMIK BIDYALAYA, GOPALPUR",Day,Bangla,Humanities
DHAKA,TANGAIL,GOPALPUR,114275,"NARUCHI UCHCHA MADHYAMIK BIDYALAYA, GOPALPUR",Day,Bangla,Business Studies
DHAKA,TANGAIL,KALIHATI,114283,BALLA CORONATION HIGH SCHOOL & COLLEGE,Day,Bangla,Business Studies
DHAKA,TANGAIL,KALIHATI,114283,BALLA CORONATION HIGH SCHOOL & COLLEGE,Day,Bangla,Humanities
DHAKA,TANGAIL,KALIHATI,114283,BALLA CORONATION HIGH SCHOOL & COLLEGE,Day,Bangla,Science
DHAKA,TANGAIL,KALIHATI,114348,"JAMUNA COLLEGE, HATIA",Day,Bangla,Science
DHAKA,TANGAIL,KALIHATI,114348,"JAMUNA COLLEGE, HATIA",Day,Bangla,Business Studies
DHAKA,TANGAIL,KALIHATI,114348,"JAMUNA COLLEGE, HATIA",Day,Bangla,Humanities
DHAKA,TANGAIL,KALIHATI,114350,LUTFOR RAHMAN MATIN MAHILA COLLEGE,Day,Bangla,Humanities
DHAKA,TANGAIL,KALIHATI,114350,LUTFOR RAHMAN MATIN MAHILA COLLEGE,Day,Bangla,Business Studies
DHAKA,TANGAIL,KALIHATI,114350,LUTFOR RAHMAN MATIN MAHILA COLLEGE,Day,Bangla,Science
DHAKA,TANGAIL,KALIHATI,114351,KALIHATI SHAJAHAN SIRAJ COLLEGE,Day,Bangla,Business Studies
DHAKA,TANGAIL,KALIHATI,114351,KALIHATI SHAJAHAN SIRAJ COLLEGE,Day,Bangla,Science
DHAKA,TANGAIL,KALIHATI,114351,KALIHATI SHAJAHAN SIRAJ COLLEGE,Day,Bangla,Humanities
DHAKA,TANGAIL,KALIHATI,114352,GOVT. SHAMSUL HAQUE COLLEGE,Day,Bangla,Business Studies
DHAKA,TANGAIL,KALIHATI,114352,GOVT. SHAMSUL HAQUE COLLEGE,Day,Bangla,Humanities
DHAKA,TANGAIL,KALIHATI,114352,GOVT. SHAMSUL HAQUE COLLEGE,Day,Bangla,Science
DHAKA,TANGAIL,KALIHATI,114353,ALAUDDIN SIDDIQI COLLEGE,Day,Bangla,Humanities
DHAKA,TANGAIL,KALIHATI,114353,ALAUDDIN SIDDIQI COLLEGE,Day,Bangla,Science
DHAKA,TANGAIL,KALIHATI,114353,ALAUDDIN SIDDIQI COLLEGE,Day,Bangla,Business Studies
DHAKA,TANGAIL,KALIHATI,114354,NARANDIA TENU RAM-KSHETRA NATH UCHCHA MADHYAMIC BIDYALAYA,Day,Bangla,Business Studies
DHAKA,TANGAIL,KALIHATI,114354,NARANDIA TENU RAM-KSHETRA NATH UCHCHA MADHYAMIC BIDYALAYA,Day,Bangla,Science
DHAKA,TANGAIL,KALIHATI,114354,NARANDIA TENU RAM-KSHETRA NATH UCHCHA MADHYAMIC BIDYALAYA,Day,Bangla,Humanities
DHAKA,TANGAIL,KALIHATI,131690,SHAHEED SHAHED HAZARI COLLEGE,Day,Bangla,Business Studies
DHAKA,TANGAIL,KALIHATI,131690,SHAHEED SHAHED HAZARI COLLEGE,Day,Bangla,Humanities
DHAKA,TANGAIL,KALIHATI,131690,SHAHEED SHAHED HAZARI COLLEGE,Day,Bangla,Science
DHAKA,TANGAIL,KALIHATI,131840,LION FERDOUS ALAM FIROZ COLLEGE,Day,Bangla,Business Studies
DHAKA,TANGAIL,KALIHATI,131840,LION FERDOUS ALAM FIROZ COLLEGE,Day,Bangla,Humanities
DHAKA,TANGAIL,KALIHATI,131840,LION FERDOUS ALAM FIROZ COLLEGE,Day,Bangla,Science
DHAKA,TANGAIL,KALIHATI,139464,DR SAYEEDA KHAN MOHILA COLLEGE,Day,Bangla,Business Studies
DHAKA,TANGAIL,KALIHATI,139464,DR SAYEEDA KHAN MOHILA COLLEGE,Day,Bangla,Humanities
DHAKA,TANGAIL,KALIHATI,139464,DR SAYEEDA KHAN MOHILA COLLEGE,Day,Bangla,Science
DHAKA,TANGAIL,MADHUPUR,114364,CHAPRI BHAHUMUKHI GONO SECONDARY HIGH SCOOL,Day,Bangla,Humanities
DHAKA,TANGAIL,MADHUPUR,114455,MADHUPUR GOVT. COLLEGE,Day,Bangla,Humanities
DHAKA,TANGAIL,MADHUPUR,114455,MADHUPUR GOVT. COLLEGE,Day,Bangla,Business Studies
DHAKA,TANGAIL,MADHUPUR,114455,MADHUPUR GOVT. COLLEGE,Day,Bangla,Science
DHAKA,TANGAIL,MADHUPUR,114460,MODHUPUR SHAHID SMRITI HIGHER SECONDARY SCHOOL,Day,Bangla,Science
DHAKA,TANGAIL,MADHUPUR,114460,MODHUPUR SHAHID SMRITI HIGHER SECONDARY SCHOOL,Day,Bangla,Business Studies
DHAKA,TANGAIL,MADHUPUR,114460,MODHUPUR SHAHID SMRITI HIGHER SECONDARY SCHOOL,Day,Bangla,Humanities
DHAKA,TANGAIL,MADHUPUR,131522,MADHUPUR BAHUMUKHI MODEL TECHNICAL INSTITUTE & COLLEGE,Day,Bangla,Humanities
DHAKA,TANGAIL,MADHUPUR,131522,MADHUPUR BAHUMUKHI MODEL TECHNICAL INSTITUTE & COLLEGE,Day,Bangla,Business Studies
DHAKA,TANGAIL,MADHUPUR,131522,MADHUPUR BAHUMUKHI MODEL TECHNICAL INSTITUTE & COLLEGE,Day,Bangla,Science
DHAKA,TANGAIL,MADHUPUR,135305,SHOLAKURI COLLEGE,Day,Bangla,Humanities
DHAKA,TANGAIL,MADHUPUR,135305,SHOLAKURI COLLEGE,Day,Bangla,Science
DHAKA,TANGAIL,MADHUPUR,135305,SHOLAKURI COLLEGE,Day,Bangla,Business Studies
DHAKA,TANGAIL,MADHUPUR,136855,MAHISHMARA COLLEGE,Day,Bangla,Humanities
DHAKA,TANGAIL,MADHUPUR,136855,MAHISHMARA COLLEGE,Day,Bangla,Science
DHAKA,TANGAIL,MADHUPUR,136883,MADHUPUR MOHILA COLLEGE,Day,Bangla,Humanities
DHAKA,TANGAIL,MADHUPUR,136883,MADHUPUR MOHILA COLLEGE,Day,Bangla,Business Studies
DHAKA,TANGAIL,MADHUPUR,136893,AUSHNARA COLLEGE,Day,Bangla,Science
DHAKA,TANGAIL,MADHUPUR,136893,AUSHNARA COLLEGE,Day,Bangla,Humanities
DHAKA,TANGAIL,MADHUPUR,136893,AUSHNARA COLLEGE,Day,Bangla,Business Studies
DHAKA,TANGAIL,MIRZAPUR,114485,BANGSHAI SCHOOL & COLLEGE,Day,Bangla,Science
DHAKA,TANGAIL,MIRZAPUR,114485,BANGSHAI SCHOOL & COLLEGE,Day,Bangla,Humanities
DHAKA,TANGAIL,MIRZAPUR,114485,BANGSHAI SCHOOL & COLLEGE,Day,Bangla,Business Studies
DHAKA,TANGAIL,MIRZAPUR,114486,BHAWRA HIGHER SECONDARY SCHOOL,Day,Bangla,Science
DHAKA,TANGAIL,MIRZAPUR,114486,BHAWRA HIGHER SECONDARY SCHOOL,Day,Bangla,Business Studies
DHAKA,TANGAIL,MIRZAPUR,114486,BHAWRA HIGHER SECONDARY SCHOOL,Day,Bangla,Humanities
DHAKA,TANGAIL,MIRZAPUR,114488,FATEPUR MOYNAL HAQUE SCHOOL AND COLLEGE,Day,Bangla,Humanities
DHAKA,TANGAIL,MIRZAPUR,114488,FATEPUR MOYNAL HAQUE SCHOOL AND COLLEGE,Day,Bangla,Science
DHAKA,TANGAIL,MIRZAPUR,114488,FATEPUR MOYNAL HAQUE SCHOOL AND COLLEGE,Day,Bangla,Business Studies
DHAKA,TANGAIL,MIRZAPUR,114524,KHALILUR RAHMAN COLLEGE,Day,Bangla,Business Studies
DHAKA,TANGAIL,MIRZAPUR,114524,KHALILUR RAHMAN COLLEGE,Day,Bangla,Science
DHAKA,TANGAIL,MIRZAPUR,114524,KHALILUR RAHMAN COLLEGE,Day,Bangla,Humanities
DHAKA,TANGAIL,MIRZAPUR,114525,MIRZAPUR COLLEGE,Day,Bangla,Business Studies
DHAKA,TANGAIL,MIRZAPUR,114525,MIRZAPUR COLLEGE,Day,Bangla,Science
DHAKA,TANGAIL,MIRZAPUR,114525,MIRZAPUR COLLEGE,Day,Bangla,Humanities
DHAKA,TANGAIL,MIRZAPUR,114526,"MIRZAPUR MOHILA COLLEGE, MIRZAPUR",Day,Bangla,Business Studies
DHAKA,TANGAIL,MIRZAPUR,114526,"MIRZAPUR MOHILA COLLEGE, MIRZAPUR",Day,Bangla,Humanities
DHAKA,TANGAIL,MIRZAPUR,114526,"MIRZAPUR MOHILA COLLEGE, MIRZAPUR",Day,Bangla,Science
DHAKA,TANGAIL,MIRZAPUR,114527,NATUN KOHELA COLLEGE,Day,Bangla,Business Studies
DHAKA,TANGAIL,MIRZAPUR,114527,NATUN KOHELA COLLEGE,Day,Bangla,Science
DHAKA,TANGAIL,MIRZAPUR,114527,NATUN KOHELA COLLEGE,Day,Bangla,Humanities
DHAKA,TANGAIL,MIRZAPUR,114528,RAZABARI COLLEGE,Day,Bangla,Humanities
DHAKA,TANGAIL,MIRZAPUR,114528,RAZABARI COLLEGE,Day,Bangla,Science
DHAKA,TANGAIL,MIRZAPUR,114528,RAZABARI COLLEGE,Day,Bangla,Business Studies
DHAKA,TANGAIL,MIRZAPUR,114529,BHARATESWARI HOMES,Day,Bangla,Humanities
DHAKA,TANGAIL,MIRZAPUR,114529,BHARATESWARI HOMES,Day,Bangla,Science
DHAKA,TANGAIL,MIRZAPUR,114529,BHARATESWARI HOMES,Day,Bangla,Business Studies
DHAKA,TANGAIL,MIRZAPUR,131632,SAFDAR ALI COLLEGE,Day,Bangla,Humanities
DHAKA,TANGAIL,MIRZAPUR,131632,SAFDAR ALI COLLEGE,Day,Bangla,Science
DHAKA,TANGAIL,MIRZAPUR,131632,SAFDAR ALI COLLEGE,Day,Bangla,Business Studies
DHAKA,TANGAIL,MIRZAPUR,134129,DR. AYESHA RAZIA KHONDAKER SCHOOL AND COLLEGE,Day,Bangla,Business Studies
DHAKA,TANGAIL,MIRZAPUR,134129,DR. AYESHA RAZIA KHONDAKER SCHOOL AND COLLEGE,Day,Bangla,Humanities
DHAKA,TANGAIL,NAGARPUR,114534,GHUNIPARA ABDUR RASHID SCHOOL & COLLEGE,Day,Bangla,Humanities
DHAKA,TANGAIL,NAGARPUR,114534,GHUNIPARA ABDUR RASHID SCHOOL & COLLEGE,Day,Bangla,Science
DHAKA,TANGAIL,NAGARPUR,114534,GHUNIPARA ABDUR RASHID SCHOOL & COLLEGE,Day,Bangla,Business Studies
DHAKA,TANGAIL,NAGARPUR,114536,JADUNATH PILOT HIGH SCHOOL & COLLEGE,Day,Bangla,Business Studies
DHAKA,TANGAIL,NAGARPUR,114536,JADUNATH PILOT HIGH SCHOOL & COLLEGE,Day,Bangla,Humanities
DHAKA,TANGAIL,NAGARPUR,114536,JADUNATH PILOT HIGH SCHOOL & COLLEGE,Day,Bangla,Science
DHAKA,TANGAIL,NAGARPUR,114560,JARIPON NESA GIRL'S HIGH SCHOOL & COLLEGE,Day,Bangla,Humanities
DHAKA,TANGAIL,NAGARPUR,114560,JARIPON NESA GIRL'S HIGH SCHOOL & COLLEGE,Day,Bangla,Business Studies
DHAKA,TANGAIL,NAGARPUR,114562,BARIGRAM HIGH SCHOOL & COLLEGE,Day,Bangla,Business Studies
DHAKA,TANGAIL,NAGARPUR,114562,BARIGRAM HIGH SCHOOL & COLLEGE,Day,Bangla,Humanities
DHAKA,TANGAIL,NAGARPUR,114587,JANATA COLLEGE ( SALIMABAD ),Day,Bangla,Business Studies
DHAKA,TANGAIL,NAGARPUR,114587,JANATA COLLEGE ( SALIMABAD ),Day,Bangla,Science
DHAKA,TANGAIL,NAGARPUR,114587,JANATA COLLEGE ( SALIMABAD ),Day,Bangla,Humanities
DHAKA,TANGAIL,NAGARPUR,114588,NAGORPUR MOHILA COLLEGE,Day,Bangla,Business Studies
DHAKA,TANGAIL,NAGARPUR,114588,NAGORPUR MOHILA COLLEGE,Day,Bangla,Science
DHAKA,TANGAIL,NAGARPUR,114588,NAGORPUR MOHILA COLLEGE,Day,Bangla,Humanities
DHAKA,TANGAIL,NAGARPUR,114589,PAKUTIA B. C. R. G. COLLEGE,Day,Bangla,Science
DHAKA,TANGAIL,NAGARPUR,114589,PAKUTIA B. C. R. G. COLLEGE,Day,Bangla,Business Studies
DHAKA,TANGAIL,NAGARPUR,114589,PAKUTIA B. C. R. G. COLLEGE,Day,Bangla,Humanities
DHAKA,TANGAIL,NAGARPUR,114590,AGNIBINA IDEAL COLLEGE,Day,Bangla,Science
DHAKA,TANGAIL,NAGARPUR,114590,AGNIBINA IDEAL COLLEGE,Day,Bangla,Business Studies
DHAKA,TANGAIL,NAGARPUR,114590,AGNIBINA IDEAL COLLEGE,Day,Bangla,Humanities
DHAKA,TANGAIL,NAGARPUR,114591,GOVT. NAGARPUR COLLEGE,Day,Bangla,Science
DHAKA,TANGAIL,NAGARPUR,114591,GOVT. NAGARPUR COLLEGE,Day,Bangla,Humanities
DHAKA,TANGAIL,NAGARPUR,114591,GOVT. NAGARPUR COLLEGE,Day,Bangla,Business Studies
DHAKA,TANGAIL,SHAKHIPUR,114593,SAKHIPUR P. M. PILOT MODEL GOVT. SCHOOL AND COLLEGE,Day,Bangla,Humanities
DHAKA,TANGAIL,SHAKHIPUR,114593,SAKHIPUR P. M. PILOT MODEL GOVT. SCHOOL AND COLLEGE,Day,Bangla,Business Studies
DHAKA,TANGAIL,SHAKHIPUR,114593,SAKHIPUR P. M. PILOT MODEL GOVT. SCHOOL AND COLLEGE,Day,Bangla,Science
DHAKA,TANGAIL,SHAKHIPUR,114609,SURJA TARUN SHIXMANGAN (RES.) SCHOOL & COLLEGE,Day,Bangla,Business Studies
DHAKA,TANGAIL,SHAKHIPUR,114609,SURJA TARUN SHIXMANGAN (RES.) SCHOOL & COLLEGE,Day,Bangla,Humanities
DHAKA,TANGAIL,SHAKHIPUR,114609,SURJA TARUN SHIXMANGAN (RES.) SCHOOL & COLLEGE,Day,Bangla,Science
DHAKA,TANGAIL,SHAKHIPUR,114634,B A F SHAHEEN SCHOOL & COLLEGE PAHARKANCHANPUR,Day,Bangla,Humanities
DHAKA,TANGAIL,SHAKHIPUR,114634,B A F SHAHEEN SCHOOL & COLLEGE PAHARKANCHANPUR,Day,Bangla,Business Studies
DHAKA,TANGAIL,SHAKHIPUR,114634,B A F SHAHEEN SCHOOL & COLLEGE PAHARKANCHANPUR,Day,Bangla,Science
DHAKA,TANGAIL,SHAKHIPUR,114670,"BOALI COLLEGE, SHAKHIPUR",Day,Bangla,Humanities
DHAKA,TANGAIL,SHAKHIPUR,114670,"BOALI COLLEGE, SHAKHIPUR",Day,Bangla,Science
DHAKA,TANGAIL,SHAKHIPUR,114670,"BOALI COLLEGE, SHAKHIPUR",Day,Bangla,Business Studies
DHAKA,TANGAIL,SHAKHIPUR,114671,BARACHOWNA-KUTUBPUR COLLEGE,Day,Bangla,Science
DHAKA,TANGAIL,SHAKHIPUR,114671,BARACHOWNA-KUTUBPUR COLLEGE,Day,Bangla,Business Studies
DHAKA,TANGAIL,SHAKHIPUR,114671,BARACHOWNA-KUTUBPUR COLLEGE,Day,Bangla,Humanities
DHAKA,TANGAIL,SHAKHIPUR,114672,HATIA COLLEGE,Day,Bangla,Science
DHAKA,TANGAIL,SHAKHIPUR,114672,HATIA COLLEGE,Day,Bangla,Humanities
DHAKA,TANGAIL,SHAKHIPUR,114672,HATIA COLLEGE,Day,Bangla,Business Studies
DHAKA,TANGAIL,SHAKHIPUR,114673,"PALASHTOLI MOHABIDYALAYA, SHAKHIPUR",Day,Bangla,Business Studies
DHAKA,TANGAIL,SHAKHIPUR,114673,"PALASHTOLI MOHABIDYALAYA, SHAKHIPUR",Day,Bangla,Science
DHAKA,TANGAIL,SHAKHIPUR,114673,"PALASHTOLI MOHABIDYALAYA, SHAKHIPUR",Day,Bangla,Humanities
DHAKA,TANGAIL,SHAKHIPUR,114674,GOVT. MUJIB COLLEGE,Day,Bangla,Business Studies
DHAKA,TANGAIL,SHAKHIPUR,114674,GOVT. MUJIB COLLEGE,Day,Bangla,Humanities
DHAKA,TANGAIL,SHAKHIPUR,114674,GOVT. MUJIB COLLEGE,Day,Bangla,Science
DHAKA,TANGAIL,SHAKHIPUR,114675,SHAKHIPUR RESIDENTIAL WOMEN'S COLLEGE,Day,Bangla,Science
DHAKA,TANGAIL,SHAKHIPUR,114675,SHAKHIPUR RESIDENTIAL WOMEN'S COLLEGE,Day,Bangla,Humanities
DHAKA,TANGAIL,SHAKHIPUR,114675,SHAKHIPUR RESIDENTIAL WOMEN'S COLLEGE,Day,Bangla,Business Studies
DHAKA,TANGAIL,SHAKHIPUR,138291,AMIR UDDIN COLLEGE,Day,Bangla,Science
DHAKA,TANGAIL,SHAKHIPUR,138291,AMIR UDDIN COLLEGE,Day,Bangla,Business Studies
DHAKA,TANGAIL,SHAKHIPUR,138291,AMIR UDDIN COLLEGE,Day,Bangla,Humanities
DHAKA,TANGAIL,SHAKHIPUR,139626,AMADER COLLEGE,Day,Bangla,Science
DHAKA,TANGAIL,SHAKHIPUR,139626,AMADER COLLEGE,Day,Bangla,Business Studies
DHAKA,TANGAIL,SHAKHIPUR,139626,AMADER COLLEGE,Day,Bangla,Humanities
DHAKA,TANGAIL,TANGAIL SADAR,114107,MAJOR GENERAL MAHMUDUL HASAN ADARSHA COLLEGE,Day,Bangla,Business Studies
DHAKA,TANGAIL,TANGAIL SADAR,114107,MAJOR GENERAL MAHMUDUL HASAN ADARSHA COLLEGE,Day,Bangla,Science
DHAKA,TANGAIL,TANGAIL SADAR,114107,MAJOR GENERAL MAHMUDUL HASAN ADARSHA COLLEGE,Day,Bangla,Humanities
DHAKA,TANGAIL,TANGAIL SADAR,114678,TANGAIL COLLECTORATE GIRLS' HIGH SCHOOL & COLLEGE,Day,Bangla,Humanities
DHAKA,TANGAIL,TANGAIL SADAR,114678,TANGAIL COLLECTORATE GIRLS' HIGH SCHOOL & COLLEGE,Day,Bangla,Science
DHAKA,TANGAIL,TANGAIL SADAR,114678,TANGAIL COLLECTORATE GIRLS' HIGH SCHOOL & COLLEGE,Day,Bangla,Business Studies
DHAKA,TANGAIL,TANGAIL SADAR,114679,VIBEKANANDA HIGH SCHOOL & COLLEGE,Day,Bangla,Business Studies
DHAKA,TANGAIL,TANGAIL SADAR,114679,VIBEKANANDA HIGH SCHOOL & COLLEGE,Day,Bangla,Science
DHAKA,TANGAIL,TANGAIL SADAR,114679,VIBEKANANDA HIGH SCHOOL & COLLEGE,Day,Bangla,Humanities
DHAKA,TANGAIL,TANGAIL SADAR,114688,DHARERBARI MUSLIM HIGH SCHOOL & COLLEGE,Day,Bangla,Humanities
DHAKA,TANGAIL,TANGAIL SADAR,114688,DHARERBARI MUSLIM HIGH SCHOOL & COLLEGE,Day,Bangla,Business Studies
DHAKA,TANGAIL,TANGAIL SADAR,114690,ABEDA KHANAM GIRLS HIGH SCHOOL(SCHOOL & COLLEGE),Day,Bangla,Business Studies
DHAKA,TANGAIL,TANGAIL SADAR,114690,ABEDA KHANAM GIRLS HIGH SCHOOL(SCHOOL & COLLEGE),Day,Bangla,Humanities
DHAKA,TANGAIL,TANGAIL SADAR,114690,ABEDA KHANAM GIRLS HIGH SCHOOL(SCHOOL & COLLEGE),Day,Bangla,Science
DHAKA,TANGAIL,TANGAIL SADAR,114713,ADARSHA HIGH SCHOOL & COLLEGE,Day,Bangla,Science
DHAKA,TANGAIL,TANGAIL SADAR,114713,ADARSHA HIGH SCHOOL & COLLEGE,Day,Bangla,Business Studies
DHAKA,TANGAIL,TANGAIL SADAR,114713,ADARSHA HIGH SCHOOL & COLLEGE,Day,Bangla,Humanities
DHAKA,TANGAIL,TANGAIL SADAR,114741,LION NAZRUL ISLAM COLLEGE,Day,Bangla,Business Studies
DHAKA,TANGAIL,TANGAIL SADAR,114741,LION NAZRUL ISLAM COLLEGE,Day,Bangla,Humanities
DHAKA,TANGAIL,TANGAIL SADAR,114741,LION NAZRUL ISLAM COLLEGE,Day,Bangla,Science
DHAKA,TANGAIL,TANGAIL SADAR,114742,GOVT. SHEIKH FAZILATUNNESA MUJIB MOHILA COLLEGE,Day,Bangla,Humanities
DHAKA,TANGAIL,TANGAIL SADAR,114742,GOVT. SHEIKH FAZILATUNNESA MUJIB MOHILA COLLEGE,Day,Bangla,Science
DHAKA,TANGAIL,TANGAIL SADAR,114742,GOVT. SHEIKH FAZILATUNNESA MUJIB MOHILA COLLEGE,Day,Bangla,Business Studies
DHAKA,TANGAIL,TANGAIL SADAR,114743,GOVT. KUMUDINI COLLEGE,Day,Bangla,Science
DHAKA,TANGAIL,TANGAIL SADAR,114743,GOVT. KUMUDINI COLLEGE,Day,Bangla,Business Studies
DHAKA,TANGAIL,TANGAIL SADAR,114743,GOVT. KUMUDINI COLLEGE,Day,Bangla,Humanities
DHAKA,TANGAIL,TANGAIL SADAR,114744,GOVT. MAULANA MOHAMMAD ALI COLLEGE,Day,Bangla,Science
DHAKA,TANGAIL,TANGAIL SADAR,114744,GOVT. MAULANA MOHAMMAD ALI COLLEGE,Day,Bangla,Humanities
DHAKA,TANGAIL,TANGAIL SADAR,114744,GOVT. MAULANA MOHAMMAD ALI COLLEGE,Day,Bangla,Business Studies
DHAKA,TANGAIL,TANGAIL SADAR,114745,MAWLANA BHASHANI ADARSHA COLLEGE,Day,Bangla,Business Studies
DHAKA,TANGAIL,TANGAIL SADAR,114745,MAWLANA BHASHANI ADARSHA COLLEGE,Day,Bangla,Humanities
DHAKA,TANGAIL,TANGAIL SADAR,114745,MAWLANA BHASHANI ADARSHA COLLEGE,Day,Bangla,Science
DHAKA,TANGAIL,TANGAIL SADAR,114748,"MAJOR GENERAL MAHMUDUL HASAN COLLEGE, ANUHOLA",Day,Bangla,Humanities
DHAKA,TANGAIL,TANGAIL SADAR,114748,"MAJOR GENERAL MAHMUDUL HASAN COLLEGE, ANUHOLA",Day,Bangla,Business Studies
DHAKA,TANGAIL,TANGAIL SADAR,114748,"MAJOR GENERAL MAHMUDUL HASAN COLLEGE, ANUHOLA",Day,Bangla,Science
DHAKA,TANGAIL,TANGAIL SADAR,114749,H. M. INSTITUTION,Day,Bangla,Business Studies
DHAKA,TANGAIL,TANGAIL SADAR,114749,H. M. INSTITUTION,Day,Bangla,Humanities
DHAKA,TANGAIL,TANGAIL SADAR,114749,H. M. INSTITUTION,Day,Bangla,Science
DHAKA,TANGAIL,TANGAIL SADAR,130590,SRISTY COLLEGE OF TANGAIL,Morning,Bangla,Science
DHAKA,TANGAIL,TANGAIL SADAR,130590,SRISTY COLLEGE OF TANGAIL,Morning,Bangla,Business Studies
DHAKA,TANGAIL,TANGAIL SADAR,130590,SRISTY COLLEGE OF TANGAIL,Morning,Bangla,Humanities
DHAKA,TANGAIL,TANGAIL SADAR,130643,SHAHEEN COLLEGE,Day,Bangla,Humanities
DHAKA,TANGAIL,TANGAIL SADAR,130643,SHAHEEN COLLEGE,Day,Bangla,Business Studies
DHAKA,TANGAIL,TANGAIL SADAR,130643,SHAHEEN COLLEGE,Day,Bangla,Science
DHAKA,TANGAIL,TANGAIL SADAR,135286,TANGAIL COMMERCE COLLEGE,Day,Bangla,Business Studies
DHAKA,TANGAIL,TANGAIL SADAR,136405,TANGAIL COLLEGE,Day,Bangla,Business Studies
DHAKA,TANGAIL,TANGAIL SADAR,136405,TANGAIL COLLEGE,Day,Bangla,Humanities
DHAKA,TANGAIL,TANGAIL SADAR,136405,TANGAIL COLLEGE,Day,Bangla,Science
DHAKA,TANGAIL,TANGAIL SADAR,138322,ALLAMA YAKUB ALI R COLLEGE,Day,Bangla,Humanities
DHAKA,TANGAIL,TANGAIL SADAR,138322,ALLAMA YAKUB ALI R COLLEGE,Day,Bangla,Business Studies
DHAKA,FARIDPUR,ALPHADANGA,108618,ALFADANGA GOVT. COLLEGE,Day,Bangla,Humanities
DHAKA,FARIDPUR,ALPHADANGA,108618,ALFADANGA GOVT. COLLEGE,Day,Bangla,Science
DHAKA,FARIDPUR,ALPHADANGA,108618,ALFADANGA GOVT. COLLEGE,Day,Bangla,Business Studies
DHAKA,FARIDPUR,ALPHADANGA,108620,ALFADANGA ADARSHA COLLEGE,Day,Bangla,Humanities
DHAKA,FARIDPUR,ALPHADANGA,108620,ALFADANGA ADARSHA COLLEGE,Day,Bangla,Science
DHAKA,FARIDPUR,ALPHADANGA,108620,ALFADANGA ADARSHA COLLEGE,Day,Bangla,Business Studies
DHAKA,FARIDPUR,ALPHADANGA,138358,HAZI AFIZ UDDIN ALEKZAN COLLEGE,Day,Bangla,Business Studies
DHAKA,FARIDPUR,ALPHADANGA,138358,HAZI AFIZ UDDIN ALEKZAN COLLEGE,Day,Bangla,Science
DHAKA,FARIDPUR,ALPHADANGA,138358,HAZI AFIZ UDDIN ALEKZAN COLLEGE,Day,Bangla,Humanities
DHAKA,FARIDPUR,ALPHADANGA,138790,BIR MUKTIJUDDHA SIRAJUL ISLAM MOHILA COLLEGE,Day,Bangla,Business Studies
DHAKA,FARIDPUR,ALPHADANGA,138790,BIR MUKTIJUDDHA SIRAJUL ISLAM MOHILA COLLEGE,Day,Bangla,Humanities
DHAKA,FARIDPUR,BHANGA,108633,SHARIFABAD HIGH SCHOOL AND COLLEGE,Day,Bangla,Business Studies
DHAKA,FARIDPUR,BHANGA,108633,SHARIFABAD HIGH SCHOOL AND COLLEGE,Day,Bangla,Humanities
DHAKA,FARIDPUR,BHANGA,108659,GOVT. KAZI MAHBUBULLAH (K.M) COLLEGE,Day,Bangla,Science
DHAKA,FARIDPUR,BHANGA,108659,GOVT. KAZI MAHBUBULLAH (K.M) COLLEGE,Day,Bangla,Humanities
DHAKA,FARIDPUR,BHANGA,108659,GOVT. KAZI MAHBUBULLAH (K.M) COLLEGE,Day,Bangla,Business Studies
DHAKA,FARIDPUR,BHANGA,108660,VANGA MOHILA COLLEGE,Day,Bangla,Business Studies
DHAKA,FARIDPUR,BHANGA,108660,VANGA MOHILA COLLEGE,Day,Bangla,Science
DHAKA,FARIDPUR,BHANGA,108660,VANGA MOHILA COLLEGE,Day,Bangla,Humanities
DHAKA,FARIDPUR,BOALMARI,108708,GOVT. BOALMARI COLLEGE,Day,Bangla,Business Studies
DHAKA,FARIDPUR,BOALMARI,108708,GOVT. BOALMARI COLLEGE,Day,Bangla,Science
DHAKA,FARIDPUR,BOALMARI,108708,GOVT. BOALMARI COLLEGE,Day,Bangla,Humanities
DHAKA,FARIDPUR,BOALMARI,108709,KAZI SHIRAJUL ISLAM MOHILA COLLEGE,Day,Bangla,Science
DHAKA,FARIDPUR,BOALMARI,108709,KAZI SHIRAJUL ISLAM MOHILA COLLEGE,Day,Bangla,Business Studies
DHAKA,FARIDPUR,BOALMARI,108709,KAZI SHIRAJUL ISLAM MOHILA COLLEGE,Day,Bangla,Humanities
DHAKA,FARIDPUR,BOALMARI,108710,KADIRDI COLLEGE,Day,Bangla,Science
DHAKA,FARIDPUR,BOALMARI,108710,KADIRDI COLLEGE,Day,Bangla,Humanities
DHAKA,FARIDPUR,BOALMARI,108710,KADIRDI COLLEGE,Day,Bangla,Business Studies
DHAKA,FARIDPUR,BOALMARI,108711,BANGABANDHU GOVT. COLLEGE,Day,Bangla,Science
DHAKA,FARIDPUR,BOALMARI,108711,BANGABANDHU GOVT. COLLEGE,Day,Bangla,Humanities
DHAKA,FARIDPUR,BOALMARI,108711,BANGABANDHU GOVT. COLLEGE,Day,Bangla,Business Studies
DHAKA,FARIDPUR,BOALMARI,137592,BONDAPASHA HAZERA MOKBUL COLLEGE,Day,Bangla,Humanities
DHAKA,FARIDPUR,BOALMARI,137592,BONDAPASHA HAZERA MOKBUL COLLEGE,Day,Bangla,Business Studies
DHAKA,FARIDPUR,BOALMARI,138783,BIR MUKTIJUDDHA ENG. DR. SHAFIUDDIN SCHOOL & COLLEGE,Day,Bangla,Humanities
DHAKA,FARIDPUR,BOALMARI,138783,BIR MUKTIJUDDHA ENG. DR. SHAFIUDDIN SCHOOL & COLLEGE,Day,Bangla,Business Studies
DHAKA,FARIDPUR,CHARBHADRASAN,108728,GOVT. CHARBHADRASAN COLLEGE,Day,Bangla,Humanities
DHAKA,FARIDPUR,CHARBHADRASAN,108728,GOVT. CHARBHADRASAN COLLEGE,Day,Bangla,Science
DHAKA,FARIDPUR,CHARBHADRASAN,108728,GOVT. CHARBHADRASAN COLLEGE,Day,Bangla,Business Studies
DHAKA,FARIDPUR,CHARBHADRASAN,139710,ANAWARA MANNAN BAIG COLLEGE,Day,Bangla,Humanities
DHAKA,FARIDPUR,CHARBHADRASAN,139710,ANAWARA MANNAN BAIG COLLEGE,Day,Bangla,Science
DHAKA,FARIDPUR,CHARBHADRASAN,139710,ANAWARA MANNAN BAIG COLLEGE,Day,Bangla,Business Studies
DHAKA,FARIDPUR,FARIDPUR SADAR,108730,POLICE LINES SCHOOL AND COLLEGE,Day,Bangla,Humanities
DHAKA,FARIDPUR,FARIDPUR SADAR,108730,POLICE LINES SCHOOL AND COLLEGE,Day,Bangla,Business Studies
DHAKA,FARIDPUR,FARIDPUR SADAR,108730,POLICE LINES SCHOOL AND COLLEGE,Day,Bangla,Science
DHAKA,FARIDPUR,FARIDPUR SADAR,108750,KANAIPUR SCHOOL AND COLLEGE,Day,Bangla,Humanities
DHAKA,FARIDPUR,FARIDPUR SADAR,108750,KANAIPUR SCHOOL AND COLLEGE,Day,Bangla,Business Studies
DHAKA,FARIDPUR,FARIDPUR SADAR,108750,KANAIPUR SCHOOL AND COLLEGE,Day,Bangla,Science
DHAKA,FARIDPUR,FARIDPUR SADAR,108775,KABI JASIM UDDIN SCHOOL & COLLEGE,Day,Bangla,Business Studies
DHAKA,FARIDPUR,FARIDPUR SADAR,108775,KABI JASIM UDDIN SCHOOL & COLLEGE,Day,Bangla,Humanities
DHAKA,FARIDPUR,FARIDPUR SADAR,108794,GOVT. SARADA SUNDARI MOHILA COLLEGE,Day,Bangla,Science
DHAKA,FARIDPUR,FARIDPUR SADAR,108794,GOVT. SARADA SUNDARI MOHILA COLLEGE,Day,Bangla,Business Studies
DHAKA,FARIDPUR,FARIDPUR SADAR,108794,GOVT. SARADA SUNDARI MOHILA COLLEGE,Day,Bangla,Humanities
DHAKA,FARIDPUR,FARIDPUR SADAR,108795,GOVT. YASIN COLLEGE,Day,Bangla,Science
DHAKA,FARIDPUR,FARIDPUR SADAR,108795,GOVT. YASIN COLLEGE,Day,Bangla,Humanities
DHAKA,FARIDPUR,FARIDPUR SADAR,108795,GOVT. YASIN COLLEGE,Day,Bangla,Business Studies
DHAKA,FARIDPUR,FARIDPUR SADAR,108796,ENGINEER KHANDKER MOSHARRAF HOSSAIN COLLEGE,Day,Bangla,Science
DHAKA,FARIDPUR,FARIDPUR SADAR,108796,ENGINEER KHANDKER MOSHARRAF HOSSAIN COLLEGE,Day,Bangla,Humanities
DHAKA,FARIDPUR,FARIDPUR SADAR,108796,ENGINEER KHANDKER MOSHARRAF HOSSAIN COLLEGE,Day,Bangla,Business Studies
DHAKA,FARIDPUR,FARIDPUR SADAR,108797,GOVT. RAJENDRA COLLEGE,Day,Bangla,Humanities
DHAKA,FARIDPUR,FARIDPUR SADAR,108797,GOVT. RAJENDRA COLLEGE,Day,Bangla,Business Studies
DHAKA,FARIDPUR,FARIDPUR SADAR,108797,GOVT. RAJENDRA COLLEGE,Day,Bangla,Science
DHAKA,FARIDPUR,FARIDPUR SADAR,108798,FARIDPUR CITY COLLEGE,Day,Bangla,Business Studies
DHAKA,FARIDPUR,FARIDPUR SADAR,108798,FARIDPUR CITY COLLEGE,Day,Bangla,Humanities
DHAKA,FARIDPUR,FARIDPUR SADAR,108798,FARIDPUR CITY COLLEGE,Day,Bangla,Science
DHAKA,FARIDPUR,FARIDPUR SADAR,108800,FARIDPUR MUSLIM MISSION COLLEGE,Day,Bangla,Science
DHAKA,FARIDPUR,FARIDPUR SADAR,108800,FARIDPUR MUSLIM MISSION COLLEGE,Day,Bangla,Humanities
DHAKA,FARIDPUR,FARIDPUR SADAR,108800,FARIDPUR MUSLIM MISSION COLLEGE,Day,Bangla,Business Studies
DHAKA,FARIDPUR,FARIDPUR SADAR,108801,BAKHUNDA COLLEGE,Day,Bangla,Science
DHAKA,FARIDPUR,FARIDPUR SADAR,108801,BAKHUNDA COLLEGE,Day,Bangla,Business Studies
DHAKA,FARIDPUR,FARIDPUR SADAR,108801,BAKHUNDA COLLEGE,Day,Bangla,Humanities
DHAKA,FARIDPUR,FARIDPUR SADAR,108802,"LATIFUNNESA RESIDENTIAL COLLEGE, FARIDPUR",Day,Bangla,Science
DHAKA,FARIDPUR,FARIDPUR SADAR,108802,"LATIFUNNESA RESIDENTIAL COLLEGE, FARIDPUR",Day,Bangla,Business Studies
DHAKA,FARIDPUR,FARIDPUR SADAR,108802,"LATIFUNNESA RESIDENTIAL COLLEGE, FARIDPUR",Day,Bangla,Humanities
DHAKA,FARIDPUR,FARIDPUR SADAR,108803,ALHAJ ABDUL KHALEQUE COLLEGE,Day,Bangla,Humanities
DHAKA,FARIDPUR,FARIDPUR SADAR,108803,ALHAJ ABDUL KHALEQUE COLLEGE,Day,Bangla,Science
DHAKA,FARIDPUR,FARIDPUR SADAR,108803,ALHAJ ABDUL KHALEQUE COLLEGE,Day,Bangla,Business Studies
DHAKA,FARIDPUR,FARIDPUR SADAR,108804,"HALIMA GIRLS' SCHOOL AND COLLEGE, FARIDPUR",Day,Bangla,Humanities
DHAKA,FARIDPUR,FARIDPUR SADAR,108804,"HALIMA GIRLS' SCHOOL AND COLLEGE, FARIDPUR",Day,Bangla,Business Studies
DHAKA,FARIDPUR,FARIDPUR SADAR,132785,FARIDPUR GOVT. COLLEGE,Day,Bangla,Humanities
DHAKA,FARIDPUR,FARIDPUR SADAR,132785,FARIDPUR GOVT. COLLEGE,Day,Bangla,Business Studies
DHAKA,FARIDPUR,FARIDPUR SADAR,132785,FARIDPUR GOVT. COLLEGE,Day,Bangla,Science
DHAKA,FARIDPUR,FARIDPUR SADAR,135343,HAZI ABUL HOSSAIN COLLEGE,Day,Bangla,Science
DHAKA,FARIDPUR,FARIDPUR SADAR,135343,HAZI ABUL HOSSAIN COLLEGE,Day,Bangla,Business Studies
DHAKA,FARIDPUR,FARIDPUR SADAR,135343,HAZI ABUL HOSSAIN COLLEGE,Day,Bangla,Humanities
DHAKA,FARIDPUR,FARIDPUR SADAR,139217,FARIDPUR ZILA PROSHASON SCHOOL AND COLLEGE,Day,Bangla,Humanities
DHAKA,FARIDPUR,FARIDPUR SADAR,139217,FARIDPUR ZILA PROSHASON SCHOOL AND COLLEGE,Day,Bangla,Science
DHAKA,FARIDPUR,MADHUKHALI,108807,SUKUR MAMUD HIGHER SECONDARY SCHOOL AND COLLEGE,Day,Bangla,Business Studies
DHAKA,FARIDPUR,MADHUKHALI,108807,SUKUR MAMUD HIGHER SECONDARY SCHOOL AND COLLEGE,Day,Bangla,Humanities
DHAKA,FARIDPUR,MADHUKHALI,108807,SUKUR MAMUD HIGHER SECONDARY SCHOOL AND COLLEGE,Day,Bangla,Science
DHAKA,FARIDPUR,MADHUKHALI,108828,MEGCHAMI ADARSHA SCHOOL AND COLLEGE,Day,Bangla,Business Studies
DHAKA,FARIDPUR,MADHUKHALI,108828,MEGCHAMI ADARSHA SCHOOL AND COLLEGE,Day,Bangla,Humanities
DHAKA,FARIDPUR,MADHUKHALI,108840,KAZI SIRAJUL ISLAM GIRLS SCHOOL AND COLLEGE,Day,Bangla,Business Studies
DHAKA,FARIDPUR,MADHUKHALI,108840,KAZI SIRAJUL ISLAM GIRLS SCHOOL AND COLLEGE,Day,Bangla,Humanities
DHAKA,FARIDPUR,MADHUKHALI,108840,KAZI SIRAJUL ISLAM GIRLS SCHOOL AND COLLEGE,Day,Bangla,Science
DHAKA,FARIDPUR,MADHUKHALI,108853,GOVT. AIN UDDIN COLLEGE,Day,Bangla,Humanities
DHAKA,FARIDPUR,MADHUKHALI,108853,GOVT. AIN UDDIN COLLEGE,Day,Bangla,Business Studies
DHAKA,FARIDPUR,MADHUKHALI,108853,GOVT. AIN UDDIN COLLEGE,Day,Bangla,Science
DHAKA,FARIDPUR,MADHUKHALI,108854,"GOVT. BIR SRESTHA ABDUR RAUF COLLEGE, KAMARKHALI",Day,Bangla,Humanities
DHAKA,FARIDPUR,MADHUKHALI,108854,"GOVT. BIR SRESTHA ABDUR RAUF COLLEGE, KAMARKHALI",Day,Bangla,Business Studies
DHAKA,FARIDPUR,MADHUKHALI,108854,"GOVT. BIR SRESTHA ABDUR RAUF COLLEGE, KAMARKHALI",Day,Bangla,Science
DHAKA,FARIDPUR,MADHUKHALI,108855,"AKHCHASI MAHILA COLLEGE, MODHUKHALI, FARIDPUR",Day,Bangla,Science
DHAKA,FARIDPUR,MADHUKHALI,108855,"AKHCHASI MAHILA COLLEGE, MODHUKHALI, FARIDPUR",Day,Bangla,Humanities
DHAKA,FARIDPUR,MADHUKHALI,108855,"AKHCHASI MAHILA COLLEGE, MODHUKHALI, FARIDPUR",Day,Bangla,Business Studies
DHAKA,FARIDPUR,MADHUKHALI,108856,HAJI ABDUR RAHMAN ABDUL KARIM COLLEGE,Day,Bangla,Science
DHAKA,FARIDPUR,MADHUKHALI,108856,HAJI ABDUR RAHMAN ABDUL KARIM COLLEGE,Day,Bangla,Business Studies
DHAKA,FARIDPUR,MADHUKHALI,108856,HAJI ABDUR RAHMAN ABDUL KARIM COLLEGE,Day,Bangla,Humanities
DHAKA,FARIDPUR,MADHUKHALI,136494,AYSHA-SAMI COLLEGE,Day,Bangla,Business Studies
DHAKA,FARIDPUR,MADHUKHALI,136494,AYSHA-SAMI COLLEGE,Day,Bangla,Science
DHAKA,FARIDPUR,MADHUKHALI,136494,AYSHA-SAMI COLLEGE,Day,Bangla,Humanities
DHAKA,FARIDPUR,MADHUKHALI,136884,DR. NAHIDA RAHMAN GENERAL COLLEGE,Day,Bangla,Science
DHAKA,FARIDPUR,MADHUKHALI,136884,DR. NAHIDA RAHMAN GENERAL COLLEGE,Day,Bangla,Business Studies
DHAKA,FARIDPUR,MADHUKHALI,136884,DR. NAHIDA RAHMAN GENERAL COLLEGE,Day,Bangla,Humanities
DHAKA,FARIDPUR,NAGARKANDA,108900,GOVT. NAGARKANDA COLLEGE,Day,Bangla,Humanities
DHAKA,FARIDPUR,NAGARKANDA,108900,GOVT. NAGARKANDA COLLEGE,Day,Bangla,Science
DHAKA,FARIDPUR,NAGARKANDA,108900,GOVT. NAGARKANDA COLLEGE,Day,Bangla,Business Studies
DHAKA,FARIDPUR,NAGARKANDA,130656,SAYEDA SAJEDA CHOWDHURY HIGH SCHOOL AND COLLEGE,Morning,Bangla,Humanities
DHAKA,FARIDPUR,NAGARKANDA,130656,SAYEDA SAJEDA CHOWDHURY HIGH SCHOOL AND COLLEGE,Morning,Bangla,Business Studies
DHAKA,FARIDPUR,NAGARKANDA,130656,SAYEDA SAJEDA CHOWDHURY HIGH SCHOOL AND COLLEGE,Morning,Bangla,Science
DHAKA,FARIDPUR,NAGARKANDA,137995,M. A. SAKUR MOHILA COLLEGE,Day,Bangla,Humanities
DHAKA,FARIDPUR,NAGARKANDA,137995,M. A. SAKUR MOHILA COLLEGE,Day,Bangla,Business Studies
DHAKA,FARIDPUR,SADARPUR,108933,GOVT. SADARPUR COLLEGE,Day,Bangla,Science
DHAKA,FARIDPUR,SADARPUR,108933,GOVT. SADARPUR COLLEGE,Day,Bangla,Business Studies
DHAKA,FARIDPUR,SADARPUR,108933,GOVT. SADARPUR COLLEGE,Day,Bangla,Humanities
DHAKA,FARIDPUR,SADARPUR,108934,"MAHILA COLLEGE, SADARPUR",Day,Bangla,Humanities
DHAKA,FARIDPUR,SADARPUR,108934,"MAHILA COLLEGE, SADARPUR",Day,Bangla,Business Studies
DHAKA,FARIDPUR,SALTHA,108901,NOBAKAM PALLI COLLEGE,Day,Bangla,Humanities
DHAKA,FARIDPUR,SALTHA,108901,NOBAKAM PALLI COLLEGE,Day,Bangla,Science
DHAKA,FARIDPUR,SALTHA,108901,NOBAKAM PALLI COLLEGE,Day,Bangla,Business Studies
DHAKA,FARIDPUR,SALTHA,108902,SALTHA GOVT. COLLEGE,Day,Bangla,Business Studies
DHAKA,FARIDPUR,SALTHA,108902,SALTHA GOVT. COLLEGE,Day,Bangla,Science
DHAKA,FARIDPUR,SALTHA,108902,SALTHA GOVT. COLLEGE,Day,Bangla,Humanities
DHAKA,FARIDPUR,SALTHA,138397,BIBHAGDI SHAHIDSMRITI MAHABIDYALAY,Day,Bangla,Humanities
DHAKA,FARIDPUR,SALTHA,138397,BIBHAGDI SHAHIDSMRITI MAHABIDYALAY,Day,Bangla,Business Studies
DHAKA,MADARIPUR,KALKINI,110647,KALKINI PILOT GIRLS' HIGH SCHOOL AND COLLEGE,Day,Bangla,Humanities
DHAKA,MADARIPUR,KALKINI,110647,KALKINI PILOT GIRLS' HIGH SCHOOL AND COLLEGE,Day,Bangla,Science
DHAKA,MADARIPUR,KALKINI,110647,KALKINI PILOT GIRLS' HIGH SCHOOL AND COLLEGE,Day,Bangla,Business Studies
DHAKA,MADARIPUR,KALKINI,110656,KHASHERHAT SAYED ABUL HOSSAIN SCHOOL & COLLEGE,Day,Bangla,Business Studies
DHAKA,MADARIPUR,KALKINI,110656,KHASHERHAT SAYED ABUL HOSSAIN SCHOOL & COLLEGE,Day,Bangla,Humanities
DHAKA,MADARIPUR,KALKINI,110656,KHASHERHAT SAYED ABUL HOSSAIN SCHOOL & COLLEGE,Day,Bangla,Science
DHAKA,MADARIPUR,KALKINI,110715,SHAHEBRAMPUR KABI NAZRUL ISLAM COLLEGE,Day,Bangla,Science
DHAKA,MADARIPUR,KALKINI,110715,SHAHEBRAMPUR KABI NAZRUL ISLAM COLLEGE,Day,Bangla,Humanities
DHAKA,MADARIPUR,KALKINI,110715,SHAHEBRAMPUR KABI NAZRUL ISLAM COLLEGE,Day,Bangla,Business Studies
DHAKA,MADARIPUR,KALKINI,110716,KALKINI SYED ABUL HOSSAIN COLLEGE,Day,Bangla,Science
DHAKA,MADARIPUR,KALKINI,110716,KALKINI SYED ABUL HOSSAIN COLLEGE,Day,Bangla,Humanities
DHAKA,MADARIPUR,KALKINI,110716,KALKINI SYED ABUL HOSSAIN COLLEGE,Day,Bangla,Business Studies
DHAKA,MADARIPUR,KALKINI,110717,"SHAHID SMRITI COLLEGE, SHASHIKAR",Day,Bangla,Business Studies
DHAKA,MADARIPUR,KALKINI,110717,"SHAHID SMRITI COLLEGE, SHASHIKAR",Day,Bangla,Humanities
DHAKA,MADARIPUR,KALKINI,110717,"SHAHID SMRITI COLLEGE, SHASHIKAR",Day,Bangla,Science
DHAKA,MADARIPUR,KALKINI,110718,D.K. IDEAL SAYED ATAHAR ALI ACADEMY AND COLLEGE,Day,Bangla,Science
DHAKA,MADARIPUR,KALKINI,110718,D.K. IDEAL SAYED ATAHAR ALI ACADEMY AND COLLEGE,Day,Bangla,Business Studies
DHAKA,MADARIPUR,KALKINI,110718,D.K. IDEAL SAYED ATAHAR ALI ACADEMY AND COLLEGE,Day,Bangla,Humanities
DHAKA,MADARIPUR,KALKINI,110719,GOVT. SHAIKH HASINA ACADEMY & WOMEN COLLEGE,Day,Bangla,Science
DHAKA,MADARIPUR,KALKINI,110719,GOVT. SHAIKH HASINA ACADEMY & WOMEN COLLEGE,Day,Bangla,Humanities
DHAKA,MADARIPUR,KALKINI,110719,GOVT. SHAIKH HASINA ACADEMY & WOMEN COLLEGE,Day,Bangla,Business Studies
DHAKA,MADARIPUR,MADARIPUR SADAR,110724,ASMOT ALI KHAN PUBLIC SCHOOL AND COLLEGE,Day,Bangla,Business Studies
DHAKA,MADARIPUR,MADARIPUR SADAR,110724,ASMOT ALI KHAN PUBLIC SCHOOL AND COLLEGE,Day,Bangla,Humanities
DHAKA,MADARIPUR,MADARIPUR SADAR,110760,SHIREEN JAHAN MEMORIAL SCHOOL & COLLEGE,Day,Bangla,Humanities
DHAKA,MADARIPUR,MADARIPUR SADAR,110760,SHIREEN JAHAN MEMORIAL SCHOOL & COLLEGE,Day,Bangla,Business Studies
DHAKA,MADARIPUR,MADARIPUR SADAR,110761,MADRA HIGH SCHOOL AND COLLEGE,Day,Bangla,Science
DHAKA,MADARIPUR,MADARIPUR SADAR,110761,MADRA HIGH SCHOOL AND COLLEGE,Day,Bangla,Business Studies
DHAKA,MADARIPUR,MADARIPUR SADAR,110761,MADRA HIGH SCHOOL AND COLLEGE,Day,Bangla,Humanities
DHAKA,MADARIPUR,MADARIPUR SADAR,110784,CHARMUGRIA COLLEGE,Day,Bangla,Science
DHAKA,MADARIPUR,MADARIPUR SADAR,110784,CHARMUGRIA COLLEGE,Day,Bangla,Humanities
DHAKA,MADARIPUR,MADARIPUR SADAR,110784,CHARMUGRIA COLLEGE,Day,Bangla,Business Studies
DHAKA,MADARIPUR,MADARIPUR SADAR,110785,MADARIPUR GOVT. COLLEGE,Day,Bangla,Science
DHAKA,MADARIPUR,MADARIPUR SADAR,110785,MADARIPUR GOVT. COLLEGE,Day,Bangla,Business Studies
DHAKA,MADARIPUR,MADARIPUR SADAR,110785,MADARIPUR GOVT. COLLEGE,Day,Bangla,Humanities
DHAKA,MADARIPUR,MADARIPUR SADAR,110786,MADARIPUR GOVT. SUFIA MOHILA COLLEGE,Day,Bangla,Science
DHAKA,MADARIPUR,MADARIPUR SADAR,110786,MADARIPUR GOVT. SUFIA MOHILA COLLEGE,Day,Bangla,Business Studies
DHAKA,MADARIPUR,MADARIPUR SADAR,110786,MADARIPUR GOVT. SUFIA MOHILA COLLEGE,Day,Bangla,Humanities
DHAKA,MADARIPUR,MADARIPUR SADAR,110787,SYED ABUL HOSSAIN COLLEGE,Day,Bangla,Science
DHAKA,MADARIPUR,MADARIPUR SADAR,110787,SYED ABUL HOSSAIN COLLEGE,Day,Bangla,Humanities
DHAKA,MADARIPUR,MADARIPUR SADAR,110787,SYED ABUL HOSSAIN COLLEGE,Day,Bangla,Business Studies
DHAKA,MADARIPUR,MADARIPUR SADAR,131881,ABCK SYED ABUL HOSSAIN COLLEGE,Day,Bangla,Business Studies
DHAKA,MADARIPUR,MADARIPUR SADAR,131881,ABCK SYED ABUL HOSSAIN COLLEGE,Day,Bangla,Humanities
DHAKA,MADARIPUR,MADARIPUR SADAR,131881,ABCK SYED ABUL HOSSAIN COLLEGE,Day,Bangla,Science
DHAKA,MADARIPUR,MADARIPUR SADAR,135329,BEER MUKTIJODDHA SHAJAHAN KHAN COLLEGE,Morning,Bangla,Humanities
DHAKA,MADARIPUR,MADARIPUR SADAR,135329,BEER MUKTIJODDHA SHAJAHAN KHAN COLLEGE,Morning,Bangla,Business Studies
DHAKA,MADARIPUR,MADARIPUR SADAR,135329,BEER MUKTIJODDHA SHAJAHAN KHAN COLLEGE,Morning,Bangla,Science
DHAKA,MADARIPUR,MADARIPUR SADAR,135971,GOVT. CHILARCHAR BALIKANDI SHEIKH FAZILATUNNESA MUJIB COLLEGE,Day,Bangla,Humanities
DHAKA,MADARIPUR,MADARIPUR SADAR,135971,GOVT. CHILARCHAR BALIKANDI SHEIKH FAZILATUNNESA MUJIB COLLEGE,Day,Bangla,Business Studies
DHAKA,MADARIPUR,MADARIPUR SADAR,135971,GOVT. CHILARCHAR BALIKANDI SHEIKH FAZILATUNNESA MUJIB COLLEGE,Day,Bangla,Science
DHAKA,MADARIPUR,MADARIPUR SADAR,138287,DR. MD. MOZAMMEL HAQUE KHAN COLLEGE,Day,Bangla,Business Studies
DHAKA,MADARIPUR,MADARIPUR SADAR,138287,DR. MD. MOZAMMEL HAQUE KHAN COLLEGE,Day,Bangla,Humanities
DHAKA,MADARIPUR,RAJOIR,110791,GOVT. RAJOIR GOPALGONJ K. J. S. PILOT MODEL INSTITUTION & COLLEGE,Day,Bangla,Science
DHAKA,MADARIPUR,RAJOIR,110791,GOVT. RAJOIR GOPALGONJ K. J. S. PILOT MODEL INSTITUTION & COLLEGE,Day,Bangla,Humanities
DHAKA,MADARIPUR,RAJOIR,110791,GOVT. RAJOIR GOPALGONJ K. J. S. PILOT MODEL INSTITUTION & COLLEGE,Day,Bangla,Business Studies
DHAKA,MADARIPUR,RAJOIR,110817,KABIRAJPUR SAIFUDDIN COLLEGE,Day,Bangla,Science
DHAKA,MADARIPUR,RAJOIR,110817,KABIRAJPUR SAIFUDDIN COLLEGE,Day,Bangla,Humanities
DHAKA,MADARIPUR,RAJOIR,110817,KABIRAJPUR SAIFUDDIN COLLEGE,Day,Bangla,Business Studies
DHAKA,MADARIPUR,RAJOIR,110818,GOVT. RAJOIR COLLEGE,Day,Bangla,Business Studies
DHAKA,MADARIPUR,RAJOIR,110818,GOVT. RAJOIR COLLEGE,Day,Bangla,Humanities
DHAKA,MADARIPUR,RAJOIR,110818,GOVT. RAJOIR COLLEGE,Day,Bangla,Science
DHAKA,MADARIPUR,RAJOIR,110819,KADAMBARI UNION MAHABIDYALAYA,Day,Bangla,Business Studies
DHAKA,MADARIPUR,RAJOIR,110819,KADAMBARI UNION MAHABIDYALAYA,Day,Bangla,Science
DHAKA,MADARIPUR,RAJOIR,110819,KADAMBARI UNION MAHABIDYALAYA,Day,Bangla,Humanities
DHAKA,MADARIPUR,RAJOIR,110820,SHEIKH RASEL GOVT. COLLEGE,Day,Bangla,Humanities
DHAKA,MADARIPUR,RAJOIR,110820,SHEIKH RASEL GOVT. COLLEGE,Day,Bangla,Business Studies
DHAKA,MADARIPUR,RAJOIR,110821,TAKERHAT POPULAR HIGH SCHOOL AND COLLEGE,Day,Bangla,Science
DHAKA,MADARIPUR,RAJOIR,110821,TAKERHAT POPULAR HIGH SCHOOL AND COLLEGE,Day,Bangla,Humanities
DHAKA,MADARIPUR,RAJOIR,110821,TAKERHAT POPULAR HIGH SCHOOL AND COLLEGE,Day,Bangla,Business Studies
DHAKA,MADARIPUR,RAJOIR,110822,SHAHID SARDAR SAJAHAN GIRLS' SCHOOL AND COLLEGE,Day,Bangla,Humanities
DHAKA,MADARIPUR,RAJOIR,110822,SHAHID SARDAR SAJAHAN GIRLS' SCHOOL AND COLLEGE,Day,Bangla,Science
DHAKA,MADARIPUR,RAJOIR,110822,SHAHID SARDAR SAJAHAN GIRLS' SCHOOL AND COLLEGE,Day,Bangla,Business Studies
DHAKA,MADARIPUR,SHIBCHAR,110879,ELIAS AHMED CHOWDHURY COLLEGE,Day,Bangla,Business Studies
DHAKA,MADARIPUR,SHIBCHAR,110879,ELIAS AHMED CHOWDHURY COLLEGE,Day,Bangla,Science
DHAKA,MADARIPUR,SHIBCHAR,110879,ELIAS AHMED CHOWDHURY COLLEGE,Day,Bangla,Humanities
DHAKA,MADARIPUR,SHIBCHAR,110880,GOVT. BARHAMGANJ COLLEGE,Day,Bangla,Science
DHAKA,MADARIPUR,SHIBCHAR,110880,GOVT. BARHAMGANJ COLLEGE,Day,Bangla,Humanities
DHAKA,MADARIPUR,SHIBCHAR,110880,GOVT. BARHAMGANJ COLLEGE,Day,Bangla,Business Studies
DHAKA,MADARIPUR,SHIBCHAR,110881,RIZIA BEGUM MOHILA COLLEGE,Day,Bangla,Science
DHAKA,MADARIPUR,SHIBCHAR,110881,RIZIA BEGUM MOHILA COLLEGE,Day,Bangla,Business Studies
DHAKA,MADARIPUR,SHIBCHAR,110881,RIZIA BEGUM MOHILA COLLEGE,Day,Bangla,Humanities
DHAKA,MADARIPUR,SHIBCHAR,110882,"NURUL AMIN COLLEGE, SHIBCHAR",Day,Bangla,Business Studies
DHAKA,MADARIPUR,SHIBCHAR,110882,"NURUL AMIN COLLEGE, SHIBCHAR",Day,Bangla,Science
DHAKA,MADARIPUR,SHIBCHAR,110882,"NURUL AMIN COLLEGE, SHIBCHAR",Day,Bangla,Humanities
DHAKA,MADARIPUR,SHIBCHAR,110883,NOOR-E-ALAM CHOWDHURY COLLEGE,Day,Bangla,Business Studies
DHAKA,MADARIPUR,SHIBCHAR,110883,NOOR-E-ALAM CHOWDHURY COLLEGE,Day,Bangla,Humanities
DHAKA,SHARIATPUR,BHEDARGANJ,113497,MAHISHAR DIGAMBARI SCHOOL AND COLLEGE,Day,Bangla,Business Studies
DHAKA,SHARIATPUR,BHEDARGANJ,113497,MAHISHAR DIGAMBARI SCHOOL AND COLLEGE,Day,Bangla,Humanities
DHAKA,SHARIATPUR,BHEDARGANJ,113504,BHEDARGANJ HEADQUARTER GOVT. PILOT HIGH SCHOOL AND COLLEGE,Day,Bangla,Humanities
DHAKA,SHARIATPUR,BHEDARGANJ,113504,BHEDARGANJ HEADQUARTER GOVT. PILOT HIGH SCHOOL AND COLLEGE,Day,Bangla,Business Studies
DHAKA,SHARIATPUR,BHEDARGANJ,113510,CHAR FILIJ JAINAB HIGH SCHOOL AND COLLEGE,Day,Bangla,Humanities
DHAKA,SHARIATPUR,BHEDARGANJ,113510,CHAR FILIJ JAINAB HIGH SCHOOL AND COLLEGE,Day,Bangla,Science
DHAKA,SHARIATPUR,BHEDARGANJ,113510,CHAR FILIJ JAINAB HIGH SCHOOL AND COLLEGE,Day,Bangla,Business Studies
DHAKA,SHARIATPUR,BHEDARGANJ,113515,CHAR BHAGA BANGABANDHU IDEAL HIGH SCHOOL AND COLLEGE,Day,Bangla,Business Studies
DHAKA,SHARIATPUR,BHEDARGANJ,113515,CHAR BHAGA BANGABANDHU IDEAL HIGH SCHOOL AND COLLEGE,Day,Bangla,Science
DHAKA,SHARIATPUR,BHEDARGANJ,113515,CHAR BHAGA BANGABANDHU IDEAL HIGH SCHOOL AND COLLEGE,Day,Bangla,Humanities
DHAKA,SHARIATPUR,BHEDARGANJ,113528,SIRAJ SIKDER COLLEGE,Day,Bangla,Science
DHAKA,SHARIATPUR,BHEDARGANJ,113528,SIRAJ SIKDER COLLEGE,Day,Bangla,Humanities
DHAKA,SHARIATPUR,BHEDARGANJ,113528,SIRAJ SIKDER COLLEGE,Day,Bangla,Business Studies
DHAKA,SHARIATPUR,BHEDARGANJ,113529,HAZI SHARIATULLAH COLLEGE,Day,Bangla,Business Studies
DHAKA,SHARIATPUR,BHEDARGANJ,113529,HAZI SHARIATULLAH COLLEGE,Day,Bangla,Science
DHAKA,SHARIATPUR,BHEDARGANJ,113529,HAZI SHARIATULLAH COLLEGE,Day,Bangla,Humanities
DHAKA,SHARIATPUR,BHEDARGANJ,113530,GOVT. M A REZA COLLEGE,Day,Bangla,Business Studies
DHAKA,SHARIATPUR,BHEDARGANJ,113530,GOVT. M A REZA COLLEGE,Day,Bangla,Humanities
DHAKA,SHARIATPUR,BHEDARGANJ,113530,GOVT. M A REZA COLLEGE,Day,Bangla,Science
DHAKA,SHARIATPUR,BHEDARGANJ,113531,HABIB ULLAH COLLEGE,Day,Bangla,Humanities
DHAKA,SHARIATPUR,BHEDARGANJ,113531,HABIB ULLAH COLLEGE,Day,Bangla,Business Studies
DHAKA,SHARIATPUR,BHEDARGANJ,113531,HABIB ULLAH COLLEGE,Day,Bangla,Science
DHAKA,SHARIATPUR,BHEDARGANJ,134811,ZOHRA-KADIR SCHOOL AND COLLEGE,Day,Bangla,Business Studies
DHAKA,SHARIATPUR,BHEDARGANJ,134811,ZOHRA-KADIR SCHOOL AND COLLEGE,Day,Bangla,Humanities
DHAKA,SHARIATPUR,DAMUDYA,113552,GOVT. ABDUR RAZZAK COLLEGE,Day,Bangla,Humanities
DHAKA,SHARIATPUR,DAMUDYA,113552,GOVT. ABDUR RAZZAK COLLEGE,Day,Bangla,Science
DHAKA,SHARIATPUR,DAMUDYA,113552,GOVT. ABDUR RAZZAK COLLEGE,Day,Bangla,Business Studies
DHAKA,SHARIATPUR,GOSAIRHAT,113554,GARIBER CHAR SCHOOL AND COLLEGE,Day,Bangla,Humanities
DHAKA,SHARIATPUR,GOSAIRHAT,113554,GARIBER CHAR SCHOOL AND COLLEGE,Day,Bangla,Science
DHAKA,SHARIATPUR,GOSAIRHAT,113560,NAGER PARA SCHOOL & COLLEGE,Day,Bangla,Humanities
DHAKA,SHARIATPUR,GOSAIRHAT,113560,NAGER PARA SCHOOL & COLLEGE,Day,Bangla,Business Studies
DHAKA,SHARIATPUR,GOSAIRHAT,113575,GOVT. SHAMSUR RAHMAN COLLEGE,Day,Bangla,Humanities
DHAKA,SHARIATPUR,GOSAIRHAT,113575,GOVT. SHAMSUR RAHMAN COLLEGE,Day,Bangla,Business Studies
DHAKA,SHARIATPUR,GOSAIRHAT,113575,GOVT. SHAMSUR RAHMAN COLLEGE,Day,Bangla,Science
DHAKA,SHARIATPUR,GOSAIRHAT,138800,ALHAJ SAFURA BEGUM MOHILA COLLEGE,Day,Bangla,Science
DHAKA,SHARIATPUR,GOSAIRHAT,138800,ALHAJ SAFURA BEGUM MOHILA COLLEGE,Day,Bangla,Business Studies
DHAKA,SHARIATPUR,GOSAIRHAT,138800,ALHAJ SAFURA BEGUM MOHILA COLLEGE,Day,Bangla,Humanities
DHAKA,SHARIATPUR,JAJIRA,113649,KUNDERCHAR KALU BEPARI SCHOOL AND COLLEGE,Day,Bangla,Business Studies
DHAKA,SHARIATPUR,JAJIRA,113649,KUNDERCHAR KALU BEPARI SCHOOL AND COLLEGE,Day,Bangla,Science
DHAKA,SHARIATPUR,JAJIRA,113649,KUNDERCHAR KALU BEPARI SCHOOL AND COLLEGE,Day,Bangla,Humanities
DHAKA,SHARIATPUR,JAJIRA,113661,DAKSHIN DUBALDIA ABDUR RAZZAK HIGH SCHOOL & COLLEGE,Day,Bangla,Humanities
DHAKA,SHARIATPUR,JAJIRA,113661,DAKSHIN DUBALDIA ABDUR RAZZAK HIGH SCHOOL & COLLEGE,Day,Bangla,Business Studies
DHAKA,SHARIATPUR,JAJIRA,113661,DAKSHIN DUBALDIA ABDUR RAZZAK HIGH SCHOOL & COLLEGE,Day,Bangla,Science
DHAKA,SHARIATPUR,JAJIRA,113675,GOVT. BARA KRISHNANAGAR BANGABANDHU COLLEGE,Day,Bangla,Business Studies
DHAKA,SHARIATPUR,JAJIRA,113675,GOVT. BARA KRISHNANAGAR BANGABANDHU COLLEGE,Day,Bangla,Humanities
DHAKA,SHARIATPUR,JAJIRA,113676,JAJIRA COLLEGE,Day,Bangla,Humanities
DHAKA,SHARIATPUR,JAJIRA,113676,JAJIRA COLLEGE,Day,Bangla,Science
DHAKA,SHARIATPUR,JAJIRA,113676,JAJIRA COLLEGE,Day,Bangla,Business Studies
DHAKA,SHARIATPUR,JAJIRA,113677,DR. MOSLEMUDDIN KHAN COLLEGE,Day,Bangla,Business Studies
DHAKA,SHARIATPUR,JAJIRA,113677,DR. MOSLEMUDDIN KHAN COLLEGE,Day,Bangla,Humanities
DHAKA,SHARIATPUR,JAJIRA,113678,ZAJIRA UCHCHA MADHYAMIK BALIKA BIDYALAYA,Day,Bangla,Business Studies
DHAKA,SHARIATPUR,JAJIRA,113678,ZAJIRA UCHCHA MADHYAMIK BALIKA BIDYALAYA,Day,Bangla,Humanities
DHAKA,SHARIATPUR,NARIA,113578,DOGREE ISMAIL HOSSAIN SCHOOL & COLLEGE,Day,Bangla,Business Studies
DHAKA,SHARIATPUR,NARIA,113578,DOGREE ISMAIL HOSSAIN SCHOOL & COLLEGE,Day,Bangla,Humanities
DHAKA,SHARIATPUR,NARIA,113592,CHAR ATRA AZIZIA SCHOOL AND COLLEGE,Day,Bangla,Humanities
DHAKA,SHARIATPUR,NARIA,113592,CHAR ATRA AZIZIA SCHOOL AND COLLEGE,Day,Bangla,Business Studies
DHAKA,SHARIATPUR,NARIA,113593,"SURESWAR HIGH SCHOOL & COLLEGE, SURESWAR, NARIA",Day,Bangla,Humanities
DHAKA,SHARIATPUR,NARIA,113593,"SURESWAR HIGH SCHOOL & COLLEGE, SURESWAR, NARIA",Day,Bangla,Business Studies
DHAKA,SHARIATPUR,NARIA,113607,PANDITSAR T. M. GIAS UDDIN COLLEGE,Day,Bangla,Science
DHAKA,SHARIATPUR,NARIA,113607,PANDITSAR T. M. GIAS UDDIN COLLEGE,Day,Bangla,Business Studies
DHAKA,SHARIATPUR,NARIA,113607,PANDITSAR T. M. GIAS UDDIN COLLEGE,Day,Bangla,Humanities
DHAKA,SHARIATPUR,NARIA,113608,NARIA GOVT. COLLEGE,Day,Bangla,Science
DHAKA,SHARIATPUR,NARIA,113608,NARIA GOVT. COLLEGE,Day,Bangla,Humanities
DHAKA,SHARIATPUR,NARIA,113608,NARIA GOVT. COLLEGE,Day,Bangla,Business Studies
DHAKA,SHARIATPUR,NARIA,113609,BHOJESWAR UPASHI COLLEGE,Day,Bangla,Business Studies
DHAKA,SHARIATPUR,NARIA,113609,BHOJESWAR UPASHI COLLEGE,Day,Bangla,Humanities
DHAKA,SHARIATPUR,NARIA,136825,MAZID JARINA FOUNDATION SCHOOL & COLLEGE,Day,Bangla,Science
DHAKA,SHARIATPUR,NARIA,136825,MAZID JARINA FOUNDATION SCHOOL & COLLEGE,Day,Bangla,Business Studies
DHAKA,SHARIATPUR,NARIA,136825,MAZID JARINA FOUNDATION SCHOOL & COLLEGE,Day,Bangla,Humanities
DHAKA,SHARIATPUR,SHARIATPUR SADAR,113611,GANGANAGAR ADARSHA SCHOOL & COLLEGE,Day,Bangla,Humanities
DHAKA,SHARIATPUR,SHARIATPUR SADAR,113611,GANGANAGAR ADARSHA SCHOOL & COLLEGE,Day,Bangla,Business Studies
DHAKA,SHARIATPUR,SHARIATPUR SADAR,113617,CHIKONDI SARAF ALI SCHOOL AND COLLEGE,Day,Bangla,Business Studies
DHAKA,SHARIATPUR,SHARIATPUR SADAR,113617,CHIKONDI SARAF ALI SCHOOL AND COLLEGE,Day,Bangla,Humanities
DHAKA,SHARIATPUR,SHARIATPUR SADAR,113617,CHIKONDI SARAF ALI SCHOOL AND COLLEGE,Day,Bangla,Science
DHAKA,SHARIATPUR,SHARIATPUR SADAR,113618,DOMSAR JAGATCHANDRA INSTITUTION & COLLEGE,Day,Bangla,Science
DHAKA,SHARIATPUR,SHARIATPUR SADAR,113618,DOMSAR JAGATCHANDRA INSTITUTION & COLLEGE,Day,Bangla,Humanities
DHAKA,SHARIATPUR,SHARIATPUR SADAR,113618,DOMSAR JAGATCHANDRA INSTITUTION & COLLEGE,Day,Bangla,Business Studies
DHAKA,SHARIATPUR,SHARIATPUR SADAR,113645,BINODPUR-MAHMUDPUR IDEAL COLLEGE,Day,Bangla,Humanities
DHAKA,SHARIATPUR,SHARIATPUR SADAR,113645,BINODPUR-MAHMUDPUR IDEAL COLLEGE,Day,Bangla,Business Studies
DHAKA,SHARIATPUR,SHARIATPUR SADAR,113646,"GOVT. GOLAM HAIDER KHAN MAHILA COLLEGE, SHARIATPUR",Day,Bangla,Humanities
DHAKA,SHARIATPUR,SHARIATPUR SADAR,113646,"GOVT. GOLAM HAIDER KHAN MAHILA COLLEGE, SHARIATPUR",Day,Bangla,Science
DHAKA,SHARIATPUR,SHARIATPUR SADAR,113646,"GOVT. GOLAM HAIDER KHAN MAHILA COLLEGE, SHARIATPUR",Day,Bangla,Business Studies
DHAKA,SHARIATPUR,SHARIATPUR SADAR,113647,SHARIATPUR GOVT. COLLEGE,Day,Bangla,Humanities
DHAKA,SHARIATPUR,SHARIATPUR SADAR,113647,SHARIATPUR GOVT. COLLEGE,Day,Bangla,Science
DHAKA,SHARIATPUR,SHARIATPUR SADAR,113647,SHARIATPUR GOVT. COLLEGE,Day,Bangla,Business Studies
DHAKA,SHARIATPUR,SHARIATPUR SADAR,134633,ABDUR RAZZAQ COLLEGE,Day,Bangla,Humanities
DHAKA,SHARIATPUR,SHARIATPUR SADAR,134633,ABDUR RAZZAQ COLLEGE,Day,Bangla,Business Studies
DHAKA,SHARIATPUR,SHARIATPUR SADAR,134633,ABDUR RAZZAQ COLLEGE,Day,Bangla,Science
DHAKA,RAJBARI,BALIAKANDI,113259,BALIAKANDI PILOT GIRLS HIGH SCHOOL & COLLEGE,Day,Bangla,Science
DHAKA,RAJBARI,BALIAKANDI,113259,BALIAKANDI PILOT GIRLS HIGH SCHOOL & COLLEGE,Day,Bangla,Humanities
DHAKA,RAJBARI,BALIAKANDI,113259,BALIAKANDI PILOT GIRLS HIGH SCHOOL & COLLEGE,Day,Bangla,Business Studies
DHAKA,RAJBARI,BALIAKANDI,113271,JANGAL SAMMILANI ADARSHA HIGH SCHOOL AND COLLEGE,Day,Bangla,Humanities
DHAKA,RAJBARI,BALIAKANDI,113271,JANGAL SAMMILANI ADARSHA HIGH SCHOOL AND COLLEGE,Day,Bangla,Business Studies
DHAKA,RAJBARI,BALIAKANDI,113271,JANGAL SAMMILANI ADARSHA HIGH SCHOOL AND COLLEGE,Day,Bangla,Science
DHAKA,RAJBARI,BALIAKANDI,113282,"MUNSUR ALI COLLEGE, BALIAKANDI",Day,Bangla,Science
DHAKA,RAJBARI,BALIAKANDI,113282,"MUNSUR ALI COLLEGE, BALIAKANDI",Day,Bangla,Business Studies
DHAKA,RAJBARI,BALIAKANDI,113282,"MUNSUR ALI COLLEGE, BALIAKANDI",Day,Bangla,Humanities
DHAKA,RAJBARI,BALIAKANDI,113296,JAMALPUR COLLEGE,Day,Bangla,Humanities
DHAKA,RAJBARI,BALIAKANDI,113296,JAMALPUR COLLEGE,Day,Bangla,Science
DHAKA,RAJBARI,BALIAKANDI,113296,JAMALPUR COLLEGE,Day,Bangla,Business Studies
DHAKA,RAJBARI,BALIAKANDI,113297,BALIAKANDI GOVT. COLLEGE,Day,Bangla,Business Studies
DHAKA,RAJBARI,BALIAKANDI,113297,BALIAKANDI GOVT. COLLEGE,Day,Bangla,Humanities
DHAKA,RAJBARI,BALIAKANDI,113297,BALIAKANDI GOVT. COLLEGE,Day,Bangla,Science
DHAKA,RAJBARI,BALIAKANDI,113298,MEER MOSHARRAF HOSSAIN COLLEGE,Day,Bangla,Business Studies
DHAKA,RAJBARI,BALIAKANDI,113298,MEER MOSHARRAF HOSSAIN COLLEGE,Day,Bangla,Science
DHAKA,RAJBARI,BALIAKANDI,113298,MEER MOSHARRAF HOSSAIN COLLEGE,Day,Bangla,Humanities
DHAKA,RAJBARI,BALIAKANDI,113299,"BAHARPUR COLLEGE, BALIAKANDI",Day,Bangla,Humanities
DHAKA,RAJBARI,BALIAKANDI,113299,"BAHARPUR COLLEGE, BALIAKANDI",Day,Bangla,Business Studies
DHAKA,RAJBARI,BALIAKANDI,113299,"BAHARPUR COLLEGE, BALIAKANDI",Day,Bangla,Science
DHAKA,RAJBARI,BALIAKANDI,113300,LIAQUAT ALI SMRITI SCHOOL & COLLEGE,Day,Bangla,Business Studies
DHAKA,RAJBARI,BALIAKANDI,113300,LIAQUAT ALI SMRITI SCHOOL & COLLEGE,Day,Bangla,Science
DHAKA,RAJBARI,BALIAKANDI,113300,LIAQUAT ALI SMRITI SCHOOL & COLLEGE,Day,Bangla,Humanities
DHAKA,RAJBARI,GOALANDA,113318,GOVT. GOALANDA KAMRUL ISLAM COLLEGE,Day,Bangla,Business Studies
DHAKA,RAJBARI,GOALANDA,113318,GOVT. GOALANDA KAMRUL ISLAM COLLEGE,Day,Bangla,Science
DHAKA,RAJBARI,GOALANDA,113318,GOVT. GOALANDA KAMRUL ISLAM COLLEGE,Day,Bangla,Humanities
DHAKA,RAJBARI,GOALANDA,113319,RABEYA IDRIS MAHILA COLLEGE,Day,Bangla,Science
DHAKA,RAJBARI,GOALANDA,113319,RABEYA IDRIS MAHILA COLLEGE,Day,Bangla,Business Studies
DHAKA,RAJBARI,GOALANDA,113319,RABEYA IDRIS MAHILA COLLEGE,Day,Bangla,Humanities
DHAKA,RAJBARI,GOALANDA,136540,MUKTIJODDHA FAKIR ABDUL JABBAR COLLEGE,Day,Bangla,Business Studies
DHAKA,RAJBARI,GOALANDA,136540,MUKTIJODDHA FAKIR ABDUL JABBAR COLLEGE,Day,Bangla,Humanities
DHAKA,RAJBARI,GOALANDA,137632,ABDUL HALIM MIAH COLLEGE,Day,Bangla,Science
DHAKA,RAJBARI,GOALANDA,137632,ABDUL HALIM MIAH COLLEGE,Day,Bangla,Business Studies
DHAKA,RAJBARI,GOALANDA,137632,ABDUL HALIM MIAH COLLEGE,Day,Bangla,Humanities
DHAKA,RAJBARI,KALUKHALI,113422,MRIGI SHAHID DIANAT COLLEGE,Day,Bangla,Business Studies
DHAKA,RAJBARI,KALUKHALI,113422,MRIGI SHAHID DIANAT COLLEGE,Day,Bangla,Humanities
DHAKA,RAJBARI,KALUKHALI,113422,MRIGI SHAHID DIANAT COLLEGE,Day,Bangla,Science
DHAKA,RAJBARI,KALUKHALI,138576,NOOR NESSA COLEEGE,Day,Bangla,Business Studies
DHAKA,RAJBARI,KALUKHALI,138576,NOOR NESSA COLEEGE,Day,Bangla,Humanities
DHAKA,RAJBARI,KALUKHALI,138576,NOOR NESSA COLEEGE,Day,Bangla,Science
DHAKA,RAJBARI,KALUKHALI,138731,KALUKHALI MOHILA COLLEGE,Day,Bangla,Humanities
DHAKA,RAJBARI,KALUKHALI,138731,KALUKHALI MOHILA COLLEGE,Day,Bangla,Business Studies
DHAKA,RAJBARI,KALUKHALI,138731,KALUKHALI MOHILA COLLEGE,Day,Bangla,Science
DHAKA,RAJBARI,PANGSA,113334,KACHARI PARA HIGH SCHOOL & COLLEGE,Day,Bangla,Business Studies
DHAKA,RAJBARI,PANGSA,113334,KACHARI PARA HIGH SCHOOL & COLLEGE,Day,Bangla,Humanities
DHAKA,RAJBARI,PANGSA,113413,ALHAJ AMZAD HOSSAIN COLLEGE,Day,Bangla,Business Studies
DHAKA,RAJBARI,PANGSA,113413,ALHAJ AMZAD HOSSAIN COLLEGE,Day,Bangla,Humanities
DHAKA,RAJBARI,PANGSA,113413,ALHAJ AMZAD HOSSAIN COLLEGE,Day,Bangla,Science
DHAKA,RAJBARI,PANGSA,113414,DR. KAZI MOTAHAR HOSSAIN COLLEGE,Day,Bangla,Business Studies
DHAKA,RAJBARI,PANGSA,113414,DR. KAZI MOTAHAR HOSSAIN COLLEGE,Day,Bangla,Science
DHAKA,RAJBARI,PANGSA,113414,DR. KAZI MOTAHAR HOSSAIN COLLEGE,Day,Bangla,Humanities
DHAKA,RAJBARI,PANGSA,113415,MAJBARI JAHANARA BEGUM COLLEGE,Day,Bangla,Science
DHAKA,RAJBARI,PANGSA,113415,MAJBARI JAHANARA BEGUM COLLEGE,Day,Bangla,Business Studies
DHAKA,RAJBARI,PANGSA,113415,MAJBARI JAHANARA BEGUM COLLEGE,Day,Bangla,Humanities
DHAKA,RAJBARI,PANGSA,113416,PANGSA GOVT. COLLEGE,Day,Bangla,Business Studies
DHAKA,RAJBARI,PANGSA,113416,PANGSA GOVT. COLLEGE,Day,Bangla,Humanities
DHAKA,RAJBARI,PANGSA,113416,PANGSA GOVT. COLLEGE,Day,Bangla,Science
DHAKA,RAJBARI,PANGSA,113417,"IDEAL GIRLS' COLLEGE, PANGSA",Day,Bangla,Business Studies
DHAKA,RAJBARI,PANGSA,113417,"IDEAL GIRLS' COLLEGE, PANGSA",Day,Bangla,Science
DHAKA,RAJBARI,PANGSA,113417,"IDEAL GIRLS' COLLEGE, PANGSA",Day,Bangla,Humanities
DHAKA,RAJBARI,PANGSA,113418,MASPARA COLLEGE,Day,Bangla,Business Studies
DHAKA,RAJBARI,PANGSA,113418,MASPARA COLLEGE,Day,Bangla,Humanities
DHAKA,RAJBARI,PANGSA,113418,MASPARA COLLEGE,Day,Bangla,Science
DHAKA,RAJBARI,PANGSA,113419,KALUKHALI GOVT. COLLEGE,Day,Bangla,Business Studies
DHAKA,RAJBARI,PANGSA,113419,KALUKHALI GOVT. COLLEGE,Day,Bangla,Science
DHAKA,RAJBARI,PANGSA,113419,KALUKHALI GOVT. COLLEGE,Day,Bangla,Humanities
DHAKA,RAJBARI,PANGSA,113420,JATIR JANAK BANGABANDHU GOVT. COLLEGE,Day,Bangla,Business Studies
DHAKA,RAJBARI,PANGSA,113420,JATIR JANAK BANGABANDHU GOVT. COLLEGE,Day,Bangla,Humanities
DHAKA,RAJBARI,PANGSA,113421,PANGSHA MOHILA COLLEGE,Day,Bangla,Humanities
DHAKA,RAJBARI,PANGSA,113421,PANGSHA MOHILA COLLEGE,Day,Bangla,Business Studies
DHAKA,RAJBARI,PANGSA,113421,PANGSHA MOHILA COLLEGE,Day,Bangla,Science
DHAKA,RAJBARI,PANGSA,113423,KOLIMOHAR MAHABIDDALAYA,Day,Bangla,Humanities
DHAKA,RAJBARI,PANGSA,113423,KOLIMOHAR MAHABIDDALAYA,Day,Bangla,Business Studies
DHAKA,RAJBARI,PANGSA,113424,KOLIMOHAR JAHURUNNESA UCHCHA MADYAMIC BIDYALAYA,Day,Bangla,Humanities
DHAKA,RAJBARI,PANGSA,113424,KOLIMOHAR JAHURUNNESA UCHCHA MADYAMIC BIDYALAYA,Day,Bangla,Science
DHAKA,RAJBARI,PANGSA,113424,KOLIMOHAR JAHURUNNESA UCHCHA MADYAMIC BIDYALAYA,Day,Bangla,Business Studies
DHAKA,RAJBARI,PANGSA,138601,PONDIT KAZI ABUL HOSSAIN COLLEGE,Day,Bangla,Science
DHAKA,RAJBARI,PANGSA,138601,PONDIT KAZI ABUL HOSSAIN COLLEGE,Day,Bangla,Humanities
DHAKA,RAJBARI,PANGSA,138601,PONDIT KAZI ABUL HOSSAIN COLLEGE,Day,Bangla,Business Studies
DHAKA,RAJBARI,RAJBARI SADAR,113426,BARAT VHAKLA SCHOOL AND COLLEGE,Day,Bangla,Humanities
DHAKA,RAJBARI,RAJBARI SADAR,113426,BARAT VHAKLA SCHOOL AND COLLEGE,Day,Bangla,Business Studies
DHAKA,RAJBARI,RAJBARI SADAR,113426,BARAT VHAKLA SCHOOL AND COLLEGE,Day,Bangla,Science
DHAKA,RAJBARI,RAJBARI SADAR,113432,SURAJ MOHINI INSTITUTE (SCHOOL & COLLEGE),Day,Bangla,Business Studies
DHAKA,RAJBARI,RAJBARI SADAR,113432,SURAJ MOHINI INSTITUTE (SCHOOL & COLLEGE),Day,Bangla,Humanities
DHAKA,RAJBARI,RAJBARI SADAR,113432,SURAJ MOHINI INSTITUTE (SCHOOL & COLLEGE),Day,Bangla,Science
DHAKA,RAJBARI,RAJBARI SADAR,113488,GOVT. RAJBARI COLLEGE,Day,Bangla,Business Studies
DHAKA,RAJBARI,RAJBARI SADAR,113488,GOVT. RAJBARI COLLEGE,Day,Bangla,Humanities
DHAKA,RAJBARI,RAJBARI SADAR,113488,GOVT. RAJBARI COLLEGE,Day,Bangla,Science
DHAKA,RAJBARI,RAJBARI SADAR,113489,DR. ABUL HOSSAIN COLLEGE,Day,Bangla,Humanities
DHAKA,RAJBARI,RAJBARI SADAR,113489,DR. ABUL HOSSAIN COLLEGE,Day,Bangla,Business Studies
DHAKA,RAJBARI,RAJBARI SADAR,113489,DR. ABUL HOSSAIN COLLEGE,Day,Bangla,Science
DHAKA,RAJBARI,RAJBARI SADAR,113490,RAJBARI GOVT. ADARSHA MOHILA COLLEGE,Day,Bangla,Science
DHAKA,RAJBARI,RAJBARI SADAR,113490,RAJBARI GOVT. ADARSHA MOHILA COLLEGE,Day,Bangla,Business Studies
DHAKA,RAJBARI,RAJBARI SADAR,113490,RAJBARI GOVT. ADARSHA MOHILA COLLEGE,Day,Bangla,Humanities
DHAKA,RAJBARI,RAJBARI SADAR,113492,ANKUR COLLEGIATE HIGHER SECONDARY SCHOOL,Day,Bangla,Business Studies
DHAKA,RAJBARI,RAJBARI SADAR,113492,ANKUR COLLEGIATE HIGHER SECONDARY SCHOOL,Day,Bangla,Humanities
DHAKA,RAJBARI,RAJBARI SADAR,113493,BELGASI ALIMUZZAMAN SCHOOL & COLLEGE,Day,Bangla,Humanities
DHAKA,RAJBARI,RAJBARI SADAR,113493,BELGASI ALIMUZZAMAN SCHOOL & COLLEGE,Day,Bangla,Business Studies
DHAKA,RAJBARI,RAJBARI SADAR,134883,BELGACHI BIKALPA COLLEGE,Day,Bangla,Science
DHAKA,RAJBARI,RAJBARI SADAR,134883,BELGACHI BIKALPA COLLEGE,Day,Bangla,Humanities
DHAKA,RAJBARI,RAJBARI SADAR,134883,BELGACHI BIKALPA COLLEGE,Day,Bangla,Business Studies
DHAKA,RAJBARI,RAJBARI SADAR,135550,BIR MUKTIJODDAH MORZI-DELWARA COLLEGE,Day,Bangla,Science
DHAKA,RAJBARI,RAJBARI SADAR,135550,BIR MUKTIJODDAH MORZI-DELWARA COLLEGE,Day,Bangla,Humanities
DHAKA,RAJBARI,RAJBARI SADAR,135550,BIR MUKTIJODDAH MORZI-DELWARA COLLEGE,Day,Bangla,Business Studies
DHAKA,RAJBARI,RAJBARI SADAR,138631,AHMED ALI MRIDHA COLLEGE,Day,Bangla,Science
DHAKA,RAJBARI,RAJBARI SADAR,138631,AHMED ALI MRIDHA COLLEGE,Day,Bangla,Humanities
DHAKA,RAJBARI,RAJBARI SADAR,138631,AHMED ALI MRIDHA COLLEGE,Day,Bangla,Business Studies
DHAKA,GOPALGANJ,GOPALGANJ SADAR,109450,BOUTALI SAHAPUR SAMMILANI HIGH SCHOOL AND COLLEGE,Day,Bangla,Science
DHAKA,GOPALGANJ,GOPALGANJ SADAR,109450,BOUTALI SAHAPUR SAMMILANI HIGH SCHOOL AND COLLEGE,Day,Bangla,Business Studies
DHAKA,GOPALGANJ,GOPALGANJ SADAR,109450,BOUTALI SAHAPUR SAMMILANI HIGH SCHOOL AND COLLEGE,Day,Bangla,Humanities
DHAKA,GOPALGANJ,GOPALGANJ SADAR,109460,PALLIMANGAL UNITED ACADEMY AND COLLEGE,Day,Bangla,Humanities
DHAKA,GOPALGANJ,GOPALGANJ SADAR,109460,PALLIMANGAL UNITED ACADEMY AND COLLEGE,Day,Bangla,Science
DHAKA,GOPALGANJ,GOPALGANJ SADAR,109460,PALLIMANGAL UNITED ACADEMY AND COLLEGE,Day,Bangla,Business Studies
DHAKA,GOPALGANJ,GOPALGANJ SADAR,109481,GOVT. BANGABANDHU COLLEGE,Day,Bangla,Science
DHAKA,GOPALGANJ,GOPALGANJ SADAR,109481,GOVT. BANGABANDHU COLLEGE,Day,Bangla,Business Studies
DHAKA,GOPALGANJ,GOPALGANJ SADAR,109481,GOVT. BANGABANDHU COLLEGE,Day,Bangla,Humanities
DHAKA,GOPALGANJ,GOPALGANJ SADAR,109482,HAZI LAL MIA CITY COLLEGE,Day,Bangla,Science
DHAKA,GOPALGANJ,GOPALGANJ SADAR,109482,HAZI LAL MIA CITY COLLEGE,Day,Bangla,Business Studies
DHAKA,GOPALGANJ,GOPALGANJ SADAR,109482,HAZI LAL MIA CITY COLLEGE,Day,Bangla,Humanities
DHAKA,GOPALGANJ,GOPALGANJ SADAR,109483,SHEIKH FAZILATUNNESSA GOVT. MOHILA COLLEGE,Day,Bangla,Science
DHAKA,GOPALGANJ,GOPALGANJ SADAR,109483,SHEIKH FAZILATUNNESSA GOVT. MOHILA COLLEGE,Day,Bangla,Humanities
DHAKA,GOPALGANJ,GOPALGANJ SADAR,109483,SHEIKH FAZILATUNNESSA GOVT. MOHILA COLLEGE,Day,Bangla,Business Studies
DHAKA,GOPALGANJ,GOPALGANJ SADAR,109484,GOVT. NAZRUL COLLEGE,Day,Bangla,Business Studies
DHAKA,GOPALGANJ,GOPALGANJ SADAR,109484,GOVT. NAZRUL COLLEGE,Day,Bangla,Humanities
DHAKA,GOPALGANJ,GOPALGANJ SADAR,109484,GOVT. NAZRUL COLLEGE,Day,Bangla,Science
DHAKA,GOPALGANJ,GOPALGANJ SADAR,109485,M. H. KHAN COLLEGE,Day,Bangla,Business Studies
DHAKA,GOPALGANJ,GOPALGANJ SADAR,109485,M. H. KHAN COLLEGE,Day,Bangla,Humanities
DHAKA,GOPALGANJ,GOPALGANJ SADAR,109485,M. H. KHAN COLLEGE,Day,Bangla,Science
DHAKA,GOPALGANJ,GOPALGANJ SADAR,131937,SABIRA ROUF COLLEGE,Day,Bangla,Business Studies
DHAKA,GOPALGANJ,GOPALGANJ SADAR,131937,SABIRA ROUF COLLEGE,Day,Bangla,Humanities
DHAKA,GOPALGANJ,GOPALGANJ SADAR,131937,SABIRA ROUF COLLEGE,Day,Bangla,Science
DHAKA,GOPALGANJ,GOPALGANJ SADAR,134093,SHEIKH HASINA GOVT. GIRLS HIGH SCHOOL AND COLLEGE,Day,Bangla,Business Studies
DHAKA,GOPALGANJ,GOPALGANJ SADAR,134093,SHEIKH HASINA GOVT. GIRLS HIGH SCHOOL AND COLLEGE,Day,Bangla,Humanities
DHAKA,GOPALGANJ,GOPALGANJ SADAR,134093,SHEIKH HASINA GOVT. GIRLS HIGH SCHOOL AND COLLEGE,Day,Bangla,Science
DHAKA,GOPALGANJ,GOPALGANJ SADAR,134205,KAZI ZAHURAL HUQ COLLEGE,Day,Bangla,Business Studies
DHAKA,GOPALGANJ,GOPALGANJ SADAR,134205,KAZI ZAHURAL HUQ COLLEGE,Day,Bangla,Humanities
DHAKA,GOPALGANJ,GOPALGANJ SADAR,134205,KAZI ZAHURAL HUQ COLLEGE,Day,Bangla,Science
DHAKA,GOPALGANJ,GOPALGANJ SADAR,134617,REGENT COLLEGE,Day,Bangla,Humanities
DHAKA,GOPALGANJ,GOPALGANJ SADAR,134617,REGENT COLLEGE,Day,Bangla,Business Studies
DHAKA,GOPALGANJ,GOPALGANJ SADAR,135281,KRISHNAPUR SHAPTODAS PALLI COLLEGE,Day,Bangla,Business Studies
DHAKA,GOPALGANJ,GOPALGANJ SADAR,135281,KRISHNAPUR SHAPTODAS PALLI COLLEGE,Day,Bangla,Humanities
DHAKA,GOPALGANJ,GOPALGANJ SADAR,135303,N. HAQUE COLLEGE OF BUSINESS & TECHNOLOGY,Day,Bangla,Science
DHAKA,GOPALGANJ,GOPALGANJ SADAR,135303,N. HAQUE COLLEGE OF BUSINESS & TECHNOLOGY,Day,Bangla,Business Studies
DHAKA,GOPALGANJ,GOPALGANJ SADAR,135303,N. HAQUE COLLEGE OF BUSINESS & TECHNOLOGY,Day,Bangla,Humanities
DHAKA,GOPALGANJ,GOPALGANJ SADAR,137095,RABEYA ALI GIRLS SCHOOL AND COLLEGE,Day,Bangla,Business Studies
DHAKA,GOPALGANJ,GOPALGANJ SADAR,137095,RABEYA ALI GIRLS SCHOOL AND COLLEGE,Day,Bangla,Humanities
DHAKA,GOPALGANJ,GOPALGANJ SADAR,137095,RABEYA ALI GIRLS SCHOOL AND COLLEGE,Day,Bangla,Science
DHAKA,GOPALGANJ,GOPALGANJ SADAR,138774,GOPALGANJ IDEAL COLLEGE,Day,Bangla,Humanities
DHAKA,GOPALGANJ,GOPALGANJ SADAR,138774,GOPALGANJ IDEAL COLLEGE,Day,Bangla,Business Studies
DHAKA,GOPALGANJ,GOPALGANJ SADAR,139171,AKM SARWARJAN BISWAS COLLEGE,Day,Bangla,Science
DHAKA,GOPALGANJ,GOPALGANJ SADAR,139171,AKM SARWARJAN BISWAS COLLEGE,Day,Bangla,Humanities
DHAKA,GOPALGANJ,GOPALGANJ SADAR,139171,AKM SARWARJAN BISWAS COLLEGE,Day,Bangla,Business Studies
DHAKA,GOPALGANJ,GOPALGANJ SADAR,139487,KARNO KUSUM COLLEGE,Day,Bangla,Business Studies
DHAKA,GOPALGANJ,GOPALGANJ SADAR,139487,KARNO KUSUM COLLEGE,Day,Bangla,Science
DHAKA,GOPALGANJ,GOPALGANJ SADAR,139487,KARNO KUSUM COLLEGE,Day,Bangla,Humanities
DHAKA,GOPALGANJ,KASHIANI,109496,UDYAN BIDYA PITH HIGHER SECONDARY SCHOOL,Day,Bangla,Humanities
DHAKA,GOPALGANJ,KASHIANI,109496,UDYAN BIDYA PITH HIGHER SECONDARY SCHOOL,Day,Bangla,Science
DHAKA,GOPALGANJ,KASHIANI,109496,UDYAN BIDYA PITH HIGHER SECONDARY SCHOOL,Day,Bangla,Business Studies
DHAKA,GOPALGANJ,KASHIANI,109535,RAJPAT COLLEGE,Day,Bangla,Science
DHAKA,GOPALGANJ,KASHIANI,109535,RAJPAT COLLEGE,Day,Bangla,Humanities
DHAKA,GOPALGANJ,KASHIANI,109535,RAJPAT COLLEGE,Day,Bangla,Business Studies
DHAKA,GOPALGANJ,KASHIANI,109536,JOYNAGAR YAR ALI KHAN COLLEGE,Day,Bangla,Humanities
DHAKA,GOPALGANJ,KASHIANI,109536,JOYNAGAR YAR ALI KHAN COLLEGE,Day,Bangla,Business Studies
DHAKA,GOPALGANJ,KASHIANI,109536,JOYNAGAR YAR ALI KHAN COLLEGE,Day,Bangla,Science
DHAKA,GOPALGANJ,KASHIANI,109537,"RATOIL IDEAL COLLEGE, KASIANI",Day,Bangla,Business Studies
DHAKA,GOPALGANJ,KASHIANI,109537,"RATOIL IDEAL COLLEGE, KASIANI",Day,Bangla,Humanities
DHAKA,GOPALGANJ,KASHIANI,109538,M. A. KHALEQUE COLLEGE,Day,Bangla,Business Studies
DHAKA,GOPALGANJ,KASHIANI,109538,M. A. KHALEQUE COLLEGE,Day,Bangla,Science
DHAKA,GOPALGANJ,KASHIANI,109538,M. A. KHALEQUE COLLEGE,Day,Bangla,Humanities
DHAKA,GOPALGANJ,KASHIANI,109539,"RAMDIA GOVT. SREEKRISHNA COLLEGE, KASHIANI, GOPALGANJ",Day,Bangla,Humanities
DHAKA,GOPALGANJ,KASHIANI,109539,"RAMDIA GOVT. SREEKRISHNA COLLEGE, KASHIANI, GOPALGANJ",Day,Bangla,Science
DHAKA,GOPALGANJ,KASHIANI,109539,"RAMDIA GOVT. SREEKRISHNA COLLEGE, KASHIANI, GOPALGANJ",Day,Bangla,Business Studies
DHAKA,GOPALGANJ,KOTALIPARA,109589,RAMSHIL COLLEGE,Day,Bangla,Humanities
DHAKA,GOPALGANJ,KOTALIPARA,109589,RAMSHIL COLLEGE,Day,Bangla,Science
DHAKA,GOPALGANJ,KOTALIPARA,109589,RAMSHIL COLLEGE,Day,Bangla,Business Studies
DHAKA,GOPALGANJ,KOTALIPARA,109590,GOVT. SHAIKH RASEL COLLEGE,Day,Bangla,Science
DHAKA,GOPALGANJ,KOTALIPARA,109590,GOVT. SHAIKH RASEL COLLEGE,Day,Bangla,Humanities
DHAKA,GOPALGANJ,KOTALIPARA,109590,GOVT. SHAIKH RASEL COLLEGE,Day,Bangla,Business Studies
DHAKA,GOPALGANJ,KOTALIPARA,109591,GOVT. SHEIKH LUTFAR RAHMAN ADARSHA COLLEGE,Day,Bangla,Humanities
DHAKA,GOPALGANJ,KOTALIPARA,109591,GOVT. SHEIKH LUTFAR RAHMAN ADARSHA COLLEGE,Day,Bangla,Business Studies
DHAKA,GOPALGANJ,KOTALIPARA,109591,GOVT. SHEIKH LUTFAR RAHMAN ADARSHA COLLEGE,Day,Bangla,Science
DHAKA,GOPALGANJ,KOTALIPARA,109592,KAZI MONTU COLLEGE,Day,Bangla,Business Studies
DHAKA,GOPALGANJ,KOTALIPARA,109592,KAZI MONTU COLLEGE,Day,Bangla,Science
DHAKA,GOPALGANJ,KOTALIPARA,109592,KAZI MONTU COLLEGE,Day,Bangla,Humanities
DHAKA,GOPALGANJ,KOTALIPARA,109593,SHEIKH HASINA ADARSHA GOVT. MAHABIDYALAYA,Day,Bangla,Humanities
DHAKA,GOPALGANJ,KOTALIPARA,109593,SHEIKH HASINA ADARSHA GOVT. MAHABIDYALAYA,Day,Bangla,Business Studies
DHAKA,GOPALGANJ,KOTALIPARA,109593,SHEIKH HASINA ADARSHA GOVT. MAHABIDYALAYA,Day,Bangla,Science
DHAKA,GOPALGANJ,KOTALIPARA,109594,NESAR UDDIN TALUKDER UCHCHA MADYAMIC BIDYALAYA,Day,Bangla,Business Studies
DHAKA,GOPALGANJ,KOTALIPARA,109594,NESAR UDDIN TALUKDER UCHCHA MADYAMIC BIDYALAYA,Day,Bangla,Humanities
DHAKA,GOPALGANJ,KOTALIPARA,109594,NESAR UDDIN TALUKDER UCHCHA MADYAMIC BIDYALAYA,Day,Bangla,Science
DHAKA,GOPALGANJ,MUKSUDPUR,109596,MOULOVI ABDUL HYE MEMORIAL SCHOOL & COLLEGE,Day,Bangla,Humanities
DHAKA,GOPALGANJ,MUKSUDPUR,109596,MOULOVI ABDUL HYE MEMORIAL SCHOOL & COLLEGE,Day,Bangla,Business Studies
DHAKA,GOPALGANJ,MUKSUDPUR,109596,MOULOVI ABDUL HYE MEMORIAL SCHOOL & COLLEGE,Day,Bangla,Science
DHAKA,GOPALGANJ,MUKSUDPUR,109624,DURBASUR ADARSHA HIGH SCHOOL & COLLEGE,Day,Bangla,Business Studies
DHAKA,GOPALGANJ,MUKSUDPUR,109624,DURBASUR ADARSHA HIGH SCHOOL & COLLEGE,Day,Bangla,Humanities
DHAKA,GOPALGANJ,MUKSUDPUR,109624,DURBASUR ADARSHA HIGH SCHOOL & COLLEGE,Day,Bangla,Science
DHAKA,GOPALGANJ,MUKSUDPUR,109653,UJANI B. K. B. UNION COLLEGE,Day,Bangla,Business Studies
DHAKA,GOPALGANJ,MUKSUDPUR,109653,UJANI B. K. B. UNION COLLEGE,Day,Bangla,Humanities
DHAKA,GOPALGANJ,MUKSUDPUR,109654,GOVT. MUKSUDPUR COLLEGE,Day,Bangla,Science
DHAKA,GOPALGANJ,MUKSUDPUR,109654,GOVT. MUKSUDPUR COLLEGE,Day,Bangla,Business Studies
DHAKA,GOPALGANJ,MUKSUDPUR,109654,GOVT. MUKSUDPUR COLLEGE,Day,Bangla,Humanities
DHAKA,GOPALGANJ,MUKSUDPUR,109655,BANGARATNA COLLEGE,Day,Bangla,Business Studies
DHAKA,GOPALGANJ,MUKSUDPUR,109655,BANGARATNA COLLEGE,Day,Bangla,Science
DHAKA,GOPALGANJ,MUKSUDPUR,109655,BANGARATNA COLLEGE,Day,Bangla,Humanities
DHAKA,GOPALGANJ,MUKSUDPUR,109657,"BATIKAMARI UCHCHA MADHYAMIK BIDYALAYA, MUKSUDPUR",Day,Bangla,Business Studies
DHAKA,GOPALGANJ,MUKSUDPUR,109657,"BATIKAMARI UCHCHA MADHYAMIK BIDYALAYA, MUKSUDPUR",Day,Bangla,Humanities
DHAKA,GOPALGANJ,TUNGIPARA,109666,SAPTAPALLI JOARIA UCHCHA BIDYALAYA & COLLEGE,Day,Bangla,Humanities
DHAKA,GOPALGANJ,TUNGIPARA,109666,SAPTAPALLI JOARIA UCHCHA BIDYALAYA & COLLEGE,Day,Bangla,Business Studies
DHAKA,GOPALGANJ,TUNGIPARA,109673,KHAN SAHEB SHEIKH MOSHARROF HOSSAIN SCHOOL & COLLEGE,Day,Bangla,Humanities
DHAKA,GOPALGANJ,TUNGIPARA,109673,KHAN SAHEB SHEIKH MOSHARROF HOSSAIN SCHOOL & COLLEGE,Day,Bangla,Business Studies
DHAKA,GOPALGANJ,TUNGIPARA,109678,GOVT. SHEIKH MUJIBUR RAHMAN COLLEGE,Day,Bangla,Business Studies
DHAKA,GOPALGANJ,TUNGIPARA,109678,GOVT. SHEIKH MUJIBUR RAHMAN COLLEGE,Day,Bangla,Science
DHAKA,GOPALGANJ,TUNGIPARA,109678,GOVT. SHEIKH MUJIBUR RAHMAN COLLEGE,Day,Bangla,Humanities
DHAKA,GOPALGANJ,TUNGIPARA,130645,"DR. IMDADUL HUQ MEMORIAL COLLEGE, GOPALGONJ",Day,Bangla,Science
DHAKA,GOPALGANJ,TUNGIPARA,130645,"DR. IMDADUL HUQ MEMORIAL COLLEGE, GOPALGONJ",Day,Bangla,Humanities
DHAKA,GOPALGANJ,TUNGIPARA,130645,"DR. IMDADUL HUQ MEMORIAL COLLEGE, GOPALGONJ",Day,Bangla,Business Studies
DHAKA,GOPALGANJ,TUNGIPARA,139700,BIR MUKTIJUDDHA SHEIKH KABIR HOSSAIN IDEAL COLLEGE,Day,Bangla,Business Studies
DHAKA,GOPALGANJ,TUNGIPARA,139700,BIR MUKTIJUDDHA SHEIKH KABIR HOSSAIN IDEAL COLLEGE,Day,Bangla,Humanities
DHAKA,GOPALGANJ,TUNGIPARA,139700,BIR MUKTIJUDDHA SHEIKH KABIR HOSSAIN IDEAL COLLEGE,Day,Bangla,Science
DHAKA,KISHOREGANJ,AUSTAGRAM,110229,BANGAL PARA HIGH SCHOOL AND COLLEGE,Day,Bangla,Humanities
DHAKA,KISHOREGANJ,AUSTAGRAM,110229,BANGAL PARA HIGH SCHOOL AND COLLEGE,Day,Bangla,Science
DHAKA,KISHOREGANJ,AUSTAGRAM,110229,BANGAL PARA HIGH SCHOOL AND COLLEGE,Day,Bangla,Business Studies
DHAKA,KISHOREGANJ,AUSTAGRAM,110231,ABDULLAPUR IDRIS ALI SCHOOL AND COLLEGE,Day,Bangla,Business Studies
DHAKA,KISHOREGANJ,AUSTAGRAM,110231,ABDULLAPUR IDRIS ALI SCHOOL AND COLLEGE,Day,Bangla,Humanities
DHAKA,KISHOREGANJ,AUSTAGRAM,110239,"GOVT. ROTARY DEGREE COLLEGE, AUSTAGRAM",Day,Bangla,Humanities
DHAKA,KISHOREGANJ,AUSTAGRAM,110239,"GOVT. ROTARY DEGREE COLLEGE, AUSTAGRAM",Day,Bangla,Business Studies
DHAKA,KISHOREGANJ,BAJITPUR,110244,BAJITPUR RAZZAKUNESSA GOVT. PILOT GIRL'S HIGH SCHOOL & COLLEGE,Day,Bangla,Humanities
DHAKA,KISHOREGANJ,BAJITPUR,110244,BAJITPUR RAZZAKUNESSA GOVT. PILOT GIRL'S HIGH SCHOOL & COLLEGE,Day,Bangla,Business Studies
DHAKA,KISHOREGANJ,BAJITPUR,110247,HILCHA HIGH SCHOOL & COLLEGE,Day,Bangla,Humanities
DHAKA,KISHOREGANJ,BAJITPUR,110247,HILCHA HIGH SCHOOL & COLLEGE,Day,Bangla,Business Studies
DHAKA,KISHOREGANJ,BAJITPUR,110259,BAJITPUR COLLEGE,Day,Bangla,Humanities
DHAKA,KISHOREGANJ,BAJITPUR,110259,BAJITPUR COLLEGE,Day,Bangla,Business Studies
DHAKA,KISHOREGANJ,BAJITPUR,110259,BAJITPUR COLLEGE,Day,Bangla,Science
DHAKA,KISHOREGANJ,BAJITPUR,110260,AFTAB UDDIN SCHOOL AND COLLEGE,Day,Bangla,Science
DHAKA,KISHOREGANJ,BAJITPUR,110260,AFTAB UDDIN SCHOOL AND COLLEGE,Day,Bangla,Business Studies
DHAKA,KISHOREGANJ,BAJITPUR,110260,AFTAB UDDIN SCHOOL AND COLLEGE,Day,Bangla,Humanities
DHAKA,KISHOREGANJ,BAJITPUR,134588,HAJI ADVOCATE OSMAN GONI MODEL COLLEGE,Day,Bangla,Humanities
DHAKA,KISHOREGANJ,BAJITPUR,134588,HAJI ADVOCATE OSMAN GONI MODEL COLLEGE,Day,Bangla,Business Studies
DHAKA,KISHOREGANJ,BHAIRAB,110273,ZILLUR RAHMAN SCHOOL & COLLEGE,Day,Bangla,Business Studies
DHAKA,KISHOREGANJ,BHAIRAB,110273,ZILLUR RAHMAN SCHOOL & COLLEGE,Day,Bangla,Humanities
DHAKA,KISHOREGANJ,BHAIRAB,110275,ZILLUR RAHMAN PREMIER BANK SCHOOL & COLLEGE,Day,Bangla,Science
DHAKA,KISHOREGANJ,BHAIRAB,110275,ZILLUR RAHMAN PREMIER BANK SCHOOL & COLLEGE,Day,Bangla,Humanities
DHAKA,KISHOREGANJ,BHAIRAB,110275,ZILLUR RAHMAN PREMIER BANK SCHOOL & COLLEGE,Day,Bangla,Business Studies
DHAKA,KISHOREGANJ,BHAIRAB,110288,RAFIQUL ISLAM MOHILA COLLEGE,Day,Bangla,Humanities
DHAKA,KISHOREGANJ,BHAIRAB,110288,RAFIQUL ISLAM MOHILA COLLEGE,Day,Bangla,Science
DHAKA,KISHOREGANJ,BHAIRAB,110288,RAFIQUL ISLAM MOHILA COLLEGE,Day,Bangla,Business Studies
DHAKA,KISHOREGANJ,BHAIRAB,110289,GOVT. ZILLUR RAHMAN MOHILA COLLEGE,Day,Bangla,Humanities
DHAKA,KISHOREGANJ,BHAIRAB,110289,GOVT. ZILLUR RAHMAN MOHILA COLLEGE,Day,Bangla,Business Studies
DHAKA,KISHOREGANJ,BHAIRAB,110289,GOVT. ZILLUR RAHMAN MOHILA COLLEGE,Day,Bangla,Science
DHAKA,KISHOREGANJ,BHAIRAB,110290,HAZI ASMAT GOVERNMENT COLLEGE,Day,Bangla,Humanities
DHAKA,KISHOREGANJ,BHAIRAB,110290,HAZI ASMAT GOVERNMENT COLLEGE,Day,Bangla,Science
DHAKA,KISHOREGANJ,BHAIRAB,110290,HAZI ASMAT GOVERNMENT COLLEGE,Day,Bangla,Business Studies
DHAKA,KISHOREGANJ,BHAIRAB,110291,SHIMULKANDI COLLEGE,Day,Bangla,Business Studies
DHAKA,KISHOREGANJ,BHAIRAB,110291,SHIMULKANDI COLLEGE,Day,Bangla,Humanities
DHAKA,KISHOREGANJ,BHAIRAB,110291,SHIMULKANDI COLLEGE,Day,Bangla,Science
DHAKA,KISHOREGANJ,BHAIRAB,134626,SHAHIDULLAH KAISER COLLEGE,Day,Bangla,Science
DHAKA,KISHOREGANJ,BHAIRAB,134626,SHAHIDULLAH KAISER COLLEGE,Day,Bangla,Humanities
DHAKA,KISHOREGANJ,BHAIRAB,134626,SHAHIDULLAH KAISER COLLEGE,Day,Bangla,Business Studies
DHAKA,KISHOREGANJ,BHAIRAB,137622,BHAIRAB IDEAL COLLEGE,Day,Bangla,Science
DHAKA,KISHOREGANJ,BHAIRAB,137622,BHAIRAB IDEAL COLLEGE,Day,Bangla,Business Studies
DHAKA,KISHOREGANJ,BHAIRAB,137622,BHAIRAB IDEAL COLLEGE,Day,Bangla,Humanities
DHAKA,KISHOREGANJ,HOSSAINPUR,110292,S.R.D SHAMS UDDIN BHUIYAN SCHOOL & COLLEGE,Day,Bangla,Business Studies
DHAKA,KISHOREGANJ,HOSSAINPUR,110292,S.R.D SHAMS UDDIN BHUIYAN SCHOOL & COLLEGE,Day,Bangla,Humanities
DHAKA,KISHOREGANJ,HOSSAINPUR,110292,S.R.D SHAMS UDDIN BHUIYAN SCHOOL & COLLEGE,Day,Bangla,Science
DHAKA,KISHOREGANJ,HOSSAINPUR,110296,GOVERNMENT HOSSAINPUR MODEL PILOT SCHOOL & COLLEGE,Day,Bangla,Business Studies
DHAKA,KISHOREGANJ,HOSSAINPUR,110296,GOVERNMENT HOSSAINPUR MODEL PILOT SCHOOL & COLLEGE,Day,Bangla,Science
DHAKA,KISHOREGANJ,HOSSAINPUR,110296,GOVERNMENT HOSSAINPUR MODEL PILOT SCHOOL & COLLEGE,Day,Bangla,Humanities
DHAKA,KISHOREGANJ,HOSSAINPUR,110325,HOSSAINPUR COLLEGE,Day,Bangla,Humanities
DHAKA,KISHOREGANJ,HOSSAINPUR,110325,HOSSAINPUR COLLEGE,Day,Bangla,Business Studies
DHAKA,KISHOREGANJ,HOSSAINPUR,110325,HOSSAINPUR COLLEGE,Day,Bangla,Science
DHAKA,KISHOREGANJ,HOSSAINPUR,110326,HOSSAINPUR ADARSHA MOHILA COLLEGE,Day,Bangla,Science
DHAKA,KISHOREGANJ,HOSSAINPUR,110326,HOSSAINPUR ADARSHA MOHILA COLLEGE,Day,Bangla,Humanities
DHAKA,KISHOREGANJ,HOSSAINPUR,110326,HOSSAINPUR ADARSHA MOHILA COLLEGE,Day,Bangla,Business Studies
DHAKA,KISHOREGANJ,HOSSAINPUR,137748,ANUWARA IDEAL COMMERCE COLLEGE,Day,Bangla,Business Studies
DHAKA,KISHOREGANJ,ITNA,110329,THANESWAR SCHOOL AND COLLEGE,Day,Bangla,Humanities
DHAKA,KISHOREGANJ,ITNA,110329,THANESWAR SCHOOL AND COLLEGE,Day,Bangla,Business Studies
DHAKA,KISHOREGANJ,ITNA,110329,THANESWAR SCHOOL AND COLLEGE,Day,Bangla,Science
DHAKA,KISHOREGANJ,ITNA,110345,RASHTRAPATI ABDUL HAMID GOVT. COLLEGE,Day,Bangla,Business Studies
DHAKA,KISHOREGANJ,ITNA,110345,RASHTRAPATI ABDUL HAMID GOVT. COLLEGE,Day,Bangla,Humanities
DHAKA,KISHOREGANJ,KARIMGANJ,110351,NANSREE SCHOOL AND COLLEGE,Day,Bangla,Science
DHAKA,KISHOREGANJ,KARIMGANJ,110351,NANSREE SCHOOL AND COLLEGE,Day,Bangla,Business Studies
DHAKA,KISHOREGANJ,KARIMGANJ,110351,NANSREE SCHOOL AND COLLEGE,Day,Bangla,Humanities
DHAKA,KISHOREGANJ,KARIMGANJ,110360,NEYAMATPUR SCHOOL & COLLEGE,Day,Bangla,Humanities
DHAKA,KISHOREGANJ,KARIMGANJ,110360,NEYAMATPUR SCHOOL & COLLEGE,Day,Bangla,Business Studies
DHAKA,KISHOREGANJ,KARIMGANJ,110360,NEYAMATPUR SCHOOL & COLLEGE,Day,Bangla,Science
DHAKA,KISHOREGANJ,KARIMGANJ,110382,KARIMGANJ COLLEGE,Day,Bangla,Business Studies
DHAKA,KISHOREGANJ,KARIMGANJ,110382,KARIMGANJ COLLEGE,Day,Bangla,Humanities
DHAKA,KISHOREGANJ,KARIMGANJ,110382,KARIMGANJ COLLEGE,Day,Bangla,Science
DHAKA,KISHOREGANJ,KARIMGANJ,110383,GANGALBARI MOHILA COLLEGE,Day,Bangla,Business Studies
DHAKA,KISHOREGANJ,KARIMGANJ,110383,GANGALBARI MOHILA COLLEGE,Day,Bangla,Humanities
DHAKA,KISHOREGANJ,KARIMGANJ,135321,KARIMGANJ POURA MODEL COLLEGE,Day,Bangla,Business Studies
DHAKA,KISHOREGANJ,KARIMGANJ,135321,KARIMGANJ POURA MODEL COLLEGE,Day,Bangla,Humanities
DHAKA,KISHOREGANJ,KARIMGANJ,137621,HAZI ABDUL BARI MASTER COLLEGE,Day,Bangla,Humanities
DHAKA,KISHOREGANJ,KARIMGANJ,137621,HAZI ABDUL BARI MASTER COLLEGE,Day,Bangla,Science
DHAKA,KISHOREGANJ,KARIMGANJ,137621,HAZI ABDUL BARI MASTER COLLEGE,Day,Bangla,Business Studies
DHAKA,KISHOREGANJ,KATIADI,110388,BANGRAM ANANDA KISHOR SCHOOL & COLLEGE,Day,Bangla,Science
DHAKA,KISHOREGANJ,KATIADI,110388,BANGRAM ANANDA KISHOR SCHOOL & COLLEGE,Day,Bangla,Humanities
DHAKA,KISHOREGANJ,KATIADI,110388,BANGRAM ANANDA KISHOR SCHOOL & COLLEGE,Day,Bangla,Business Studies
DHAKA,KISHOREGANJ,KATIADI,110391,CHATAL BAGHATA UCHCHA BIDYALAYA & COLLEGE,Day,Bangla,Business Studies
DHAKA,KISHOREGANJ,KATIADI,110391,CHATAL BAGHATA UCHCHA BIDYALAYA & COLLEGE,Day,Bangla,Humanities
DHAKA,KISHOREGANJ,KATIADI,110394,LOWHAZURI UNION HIGH SCHOOL & COLLEGE,Day,Bangla,Humanities
DHAKA,KISHOREGANJ,KATIADI,110394,LOWHAZURI UNION HIGH SCHOOL & COLLEGE,Day,Bangla,Business Studies
DHAKA,KISHOREGANJ,KATIADI,110394,LOWHAZURI UNION HIGH SCHOOL & COLLEGE,Day,Bangla,Science
DHAKA,KISHOREGANJ,KATIADI,110401,TAHERA NOOR HIGH SCHOOL & COLLEGE,Day,Bangla,Business Studies
DHAKA,KISHOREGANJ,KATIADI,110401,TAHERA NOOR HIGH SCHOOL & COLLEGE,Day,Bangla,Humanities
DHAKA,KISHOREGANJ,KATIADI,110433,DR. ABDUL MANNAN MOHILA COLLEGE,Day,Bangla,Humanities
DHAKA,KISHOREGANJ,KATIADI,110433,DR. ABDUL MANNAN MOHILA COLLEGE,Day,Bangla,Business Studies
DHAKA,KISHOREGANJ,KATIADI,110433,DR. ABDUL MANNAN MOHILA COLLEGE,Day,Bangla,Science
DHAKA,KISHOREGANJ,KATIADI,110434,KATIADI GOVT. COLLEGE,Day,Bangla,Science
DHAKA,KISHOREGANJ,KATIADI,110434,KATIADI GOVT. COLLEGE,Day,Bangla,Business Studies
DHAKA,KISHOREGANJ,KATIADI,110434,KATIADI GOVT. COLLEGE,Day,Bangla,Humanities
DHAKA,KISHOREGANJ,KATIADI,110435,GACHIHATA COLLEGE,Day,Bangla,Science
DHAKA,KISHOREGANJ,KATIADI,110435,GACHIHATA COLLEGE,Day,Bangla,Humanities
DHAKA,KISHOREGANJ,KATIADI,110435,GACHIHATA COLLEGE,Day,Bangla,Business Studies
DHAKA,KISHOREGANJ,KISHORGANJ SADAR,110448,HAZI MOMTAZ UDDIN SCHOOL & COLLEGE,Day,Bangla,Business Studies
DHAKA,KISHOREGANJ,KISHORGANJ SADAR,110448,HAZI MOMTAZ UDDIN SCHOOL & COLLEGE,Day,Bangla,Humanities
DHAKA,KISHOREGANJ,KISHORGANJ SADAR,110466,JIA UDDIN SCHOOL & COLLEGE,Day,Bangla,Humanities
DHAKA,KISHOREGANJ,KISHORGANJ SADAR,110466,JIA UDDIN SCHOOL & COLLEGE,Day,Bangla,Business Studies
DHAKA,KISHOREGANJ,KISHORGANJ SADAR,110493,SYED ASHRAFUL ISLAM POURA MOHILA COLLEGE,Day,Bangla,Business Studies
DHAKA,KISHOREGANJ,KISHORGANJ SADAR,110493,SYED ASHRAFUL ISLAM POURA MOHILA COLLEGE,Day,Bangla,Science
DHAKA,KISHOREGANJ,KISHORGANJ SADAR,110493,SYED ASHRAFUL ISLAM POURA MOHILA COLLEGE,Day,Bangla,Humanities
DHAKA,KISHOREGANJ,KISHORGANJ SADAR,110494,GOVT. KISHOREGANJ MOHILA COLLEGE,Day,Bangla,Business Studies
DHAKA,KISHOREGANJ,KISHORGANJ SADAR,110494,GOVT. KISHOREGANJ MOHILA COLLEGE,Day,Bangla,Humanities
DHAKA,KISHOREGANJ,KISHORGANJ SADAR,110494,GOVT. KISHOREGANJ MOHILA COLLEGE,Day,Bangla,Science
DHAKA,KISHOREGANJ,KISHORGANJ SADAR,110495,WALI NEWAZ KHAN COLLEGE,Day,Bangla,Humanities
DHAKA,KISHOREGANJ,KISHORGANJ SADAR,110495,WALI NEWAZ KHAN COLLEGE,Day,Bangla,Science
DHAKA,KISHOREGANJ,KISHORGANJ SADAR,110495,WALI NEWAZ KHAN COLLEGE,Day,Bangla,Business Studies
DHAKA,KISHOREGANJ,KISHORGANJ SADAR,110496,GOVT. GURUDAYAL COLLEGE,Day,Bangla,Business Studies
DHAKA,KISHOREGANJ,KISHORGANJ SADAR,110496,GOVT. GURUDAYAL COLLEGE,Day,Bangla,Humanities
DHAKA,KISHOREGANJ,KISHORGANJ SADAR,110496,GOVT. GURUDAYAL COLLEGE,Day,Bangla,Science
DHAKA,KISHOREGANJ,KISHORGANJ SADAR,110497,"RAHIM-SATTER IDEAL COLLEGE, KALTIA, KISHORGANJ",Day,Bangla,Science
DHAKA,KISHOREGANJ,KISHORGANJ SADAR,110497,"RAHIM-SATTER IDEAL COLLEGE, KALTIA, KISHORGANJ",Day,Bangla,Business Studies
DHAKA,KISHOREGANJ,KISHORGANJ SADAR,110497,"RAHIM-SATTER IDEAL COLLEGE, KALTIA, KISHORGANJ",Day,Bangla,Humanities
DHAKA,KISHOREGANJ,KISHORGANJ SADAR,134562,KISHOREGANJ MODEL COLLEGE,Day,Bangla,Business Studies
DHAKA,KISHOREGANJ,KISHORGANJ SADAR,134562,KISHOREGANJ MODEL COLLEGE,Day,Bangla,Science
DHAKA,KISHOREGANJ,KISHORGANJ SADAR,134562,KISHOREGANJ MODEL COLLEGE,Day,Bangla,Humanities
DHAKA,KISHOREGANJ,KISHORGANJ SADAR,136895,TASLIMA MEMORIAL COLLEGE,Day,Bangla,Humanities
DHAKA,KISHOREGANJ,KISHORGANJ SADAR,136895,TASLIMA MEMORIAL COLLEGE,Day,Bangla,Business Studies
DHAKA,KISHOREGANJ,KISHORGANJ SADAR,136895,TASLIMA MEMORIAL COLLEGE,Day,Bangla,Science
DHAKA,KISHOREGANJ,KISHORGANJ SADAR,136904,RAFIQUL ISLAM COLLEGE,Day,Bangla,Business Studies
DHAKA,KISHOREGANJ,KISHORGANJ SADAR,136904,RAFIQUL ISLAM COLLEGE,Day,Bangla,Humanities
DHAKA,KISHOREGANJ,KISHORGANJ SADAR,136908,KISHOREGANJ CITY COLLEGE,Day,Bangla,Business Studies
DHAKA,KISHOREGANJ,KISHORGANJ SADAR,136908,KISHOREGANJ CITY COLLEGE,Day,Bangla,Humanities
DHAKA,KISHOREGANJ,KISHORGANJ SADAR,137019,LEFT. COLONEL (RE.) KARIM BHUIYAN COLLEGE,Morning,Bangla,Business Studies
DHAKA,KISHOREGANJ,KISHORGANJ SADAR,137019,LEFT. COLONEL (RE.) KARIM BHUIYAN COLLEGE,Morning,Bangla,Humanities
DHAKA,KISHOREGANJ,KISHORGANJ SADAR,137628,SAMIA ASHRAF MODEL COLLEGE,Day,Bangla,Business Studies
DHAKA,KISHOREGANJ,KISHORGANJ SADAR,137628,SAMIA ASHRAF MODEL COLLEGE,Day,Bangla,Science
DHAKA,KISHOREGANJ,KISHORGANJ SADAR,137628,SAMIA ASHRAF MODEL COLLEGE,Day,Bangla,Humanities
DHAKA,KISHOREGANJ,KISHORGANJ SADAR,139532,ASHOK JHUMU COLLEGE,Day,Bangla,Humanities
DHAKA,KISHOREGANJ,KULIARCHAR,110506,CHHAYSUTI UNION HIGH SCHOOL AND COLLEGE,Day,Bangla,Science
DHAKA,KISHOREGANJ,KULIARCHAR,110506,CHHAYSUTI UNION HIGH SCHOOL AND COLLEGE,Day,Bangla,Business Studies
DHAKA,KISHOREGANJ,KULIARCHAR,110506,CHHAYSUTI UNION HIGH SCHOOL AND COLLEGE,Day,Bangla,Humanities
DHAKA,KISHOREGANJ,KULIARCHAR,110512,KULIARCHAR GOVT. COLLEGE,Day,Bangla,Humanities
DHAKA,KISHOREGANJ,KULIARCHAR,110512,KULIARCHAR GOVT. COLLEGE,Day,Bangla,Science
DHAKA,KISHOREGANJ,KULIARCHAR,110512,KULIARCHAR GOVT. COLLEGE,Day,Bangla,Business Studies
DHAKA,KISHOREGANJ,KULIARCHAR,134631,ABUL KASEM COLLEGE,Day,Bangla,Business Studies
DHAKA,KISHOREGANJ,KULIARCHAR,134631,ABUL KASEM COLLEGE,Day,Bangla,Humanities
DHAKA,KISHOREGANJ,KULIARCHAR,138574,AGARPUR MODEL COLLEGE,Day,Bangla,Science
DHAKA,KISHOREGANJ,KULIARCHAR,138574,AGARPUR MODEL COLLEGE,Day,Bangla,Humanities
DHAKA,KISHOREGANJ,KULIARCHAR,138574,AGARPUR MODEL COLLEGE,Day,Bangla,Business Studies
DHAKA,KISHOREGANJ,MITHAMOIN,110528,MUKTIJODDHA ABDUL HAQUE GOVT. COLLEGE,Day,Bangla,Humanities
DHAKA,KISHOREGANJ,MITHAMOIN,110528,MUKTIJODDHA ABDUL HAQUE GOVT. COLLEGE,Day,Bangla,Science
DHAKA,KISHOREGANJ,MITHAMOIN,110528,MUKTIJODDHA ABDUL HAQUE GOVT. COLLEGE,Day,Bangla,Business Studies
DHAKA,KISHOREGANJ,NIKLI,110534,JARAITALA SCHOOL AND COLLEGE,Day,Bangla,Humanities
DHAKA,KISHOREGANJ,NIKLI,110534,JARAITALA SCHOOL AND COLLEGE,Day,Bangla,Business Studies
DHAKA,KISHOREGANJ,NIKLI,110544,MUKTIJUDHA ADARSHA COLLEGE,Day,Bangla,Humanities
DHAKA,KISHOREGANJ,NIKLI,110544,MUKTIJUDHA ADARSHA COLLEGE,Day,Bangla,Business Studies
DHAKA,KISHOREGANJ,NIKLI,138215,NURUL ISLAM MODEL COLLEGE,Day,Bangla,Business Studies
DHAKA,KISHOREGANJ,NIKLI,138215,NURUL ISLAM MODEL COLLEGE,Day,Bangla,Humanities
DHAKA,KISHOREGANJ,PAKUNDIA,110563,SHIMULIA UCCHO MADDOMIC BIDDYALOY,Day,Bangla,Business Studies
DHAKA,KISHOREGANJ,PAKUNDIA,110563,SHIMULIA UCCHO MADDOMIC BIDDYALOY,Day,Bangla,Humanities
DHAKA,KISHOREGANJ,PAKUNDIA,110579,CHARTEKI GIRLS SCHOOL & COLLEGE,Day,Bangla,Business Studies
DHAKA,KISHOREGANJ,PAKUNDIA,110579,CHARTEKI GIRLS SCHOOL & COLLEGE,Day,Bangla,Humanities
DHAKA,KISHOREGANJ,PAKUNDIA,110613,CHAR ADARSHA COLLEGE,Day,Bangla,Humanities
DHAKA,KISHOREGANJ,PAKUNDIA,110613,CHAR ADARSHA COLLEGE,Day,Bangla,Business Studies
DHAKA,KISHOREGANJ,PAKUNDIA,110614,HOSSAINDI ADARSHA COLLEGE,Day,Bangla,Science
DHAKA,KISHOREGANJ,PAKUNDIA,110614,HOSSAINDI ADARSHA COLLEGE,Day,Bangla,Humanities
DHAKA,KISHOREGANJ,PAKUNDIA,110614,HOSSAINDI ADARSHA COLLEGE,Day,Bangla,Business Studies
DHAKA,KISHOREGANJ,PAKUNDIA,110615,PAKUNDIA GOVT. COLLEGE,Day,Bangla,Science
DHAKA,KISHOREGANJ,PAKUNDIA,110615,PAKUNDIA GOVT. COLLEGE,Day,Bangla,Business Studies
DHAKA,KISHOREGANJ,PAKUNDIA,110615,PAKUNDIA GOVT. COLLEGE,Day,Bangla,Humanities
DHAKA,KISHOREGANJ,PAKUNDIA,110616,PAKUNDIA ADARSHA MOHILA COLLEGE,Day,Bangla,Business Studies
DHAKA,KISHOREGANJ,PAKUNDIA,110616,PAKUNDIA ADARSHA MOHILA COLLEGE,Day,Bangla,Science
DHAKA,KISHOREGANJ,PAKUNDIA,110616,PAKUNDIA ADARSHA MOHILA COLLEGE,Day,Bangla,Humanities
DHAKA,KISHOREGANJ,PAKUNDIA,110617,HAZI ZAFAR ALI COLLEGE,Day,Bangla,Business Studies
DHAKA,KISHOREGANJ,PAKUNDIA,110617,HAZI ZAFAR ALI COLLEGE,Day,Bangla,Humanities
DHAKA,KISHOREGANJ,PAKUNDIA,110617,HAZI ZAFAR ALI COLLEGE,Day,Bangla,Science
DHAKA,KISHOREGANJ,PAKUNDIA,110618,JANGALIA UNION UCHCHA MADHYAMIK BIDYALAYA,Day,Bangla,Science
DHAKA,KISHOREGANJ,PAKUNDIA,110618,JANGALIA UNION UCHCHA MADHYAMIK BIDYALAYA,Day,Bangla,Humanities
DHAKA,KISHOREGANJ,PAKUNDIA,110618,JANGALIA UNION UCHCHA MADHYAMIK BIDYALAYA,Day,Bangla,Business Studies
DHAKA,KISHOREGANJ,PAKUNDIA,138340,M. A. MANNAN MANIK COLLEGE,Day,Bangla,Science
DHAKA,KISHOREGANJ,PAKUNDIA,138340,M. A. MANNAN MANIK COLLEGE,Day,Bangla,Humanities
DHAKA,KISHOREGANJ,PAKUNDIA,138340,M. A. MANNAN MANIK COLLEGE,Day,Bangla,Business Studies
DHAKA,KISHOREGANJ,TARAIL,110637,TARAIL MUKTIZODDHA GOVT. COLLEGE,Day,Bangla,Science
DHAKA,KISHOREGANJ,TARAIL,110637,TARAIL MUKTIZODDHA GOVT. COLLEGE,Day,Bangla,Humanities
DHAKA,KISHOREGANJ,TARAIL,110637,TARAIL MUKTIZODDHA GOVT. COLLEGE,Day,Bangla,Business Studies
DHAKA,KISHOREGANJ,TARAIL,136030,DAMIHA UDDYON COLLEGE,Day,Bangla,Humanities
DHAKA,KISHOREGANJ,TARAIL,136030,DAMIHA UDDYON COLLEGE,Day,Bangla,Business Studies
